transaction_id,sender,receiver,amount,timestamp,risk,isFraud
TX00001,ACC856,ACC845,251,2026-09-04 22:56:55.882618,LOW,0
TX00002,ACC420,ACC299,18990,2026-09-04 22:55:55.882618,HIGH,1
TX00003,ACC983,ACC619,14375,2026-09-04 22:54:55.882618,MEDIUM,0
TX00004,ACC843,ACC935,10134,2026-09-04 22:53:55.882618,MEDIUM,0
TX00005,ACC475,ACC135,3244,2026-09-04 22:52:55.882618,LOW,0
TX00006,ACC528,ACC856,2186,2026-09-04 22:51:55.882618,LOW,0
TX00007,ACC632,ACC323,10561,2026-09-04 22:50:55.882618,MEDIUM,0
TX00008,ACC444,ACC163,8024,2026-09-04 22:49:55.882618,MEDIUM,0
TX00009,ACC316,ACC970,19609,2026-09-04 22:48:55.882618,HIGH,1
TX00010,ACC112,ACC615,8730,2026-09-04 22:47:55.882618,MEDIUM,0
TX00011,ACC744,ACC170,19865,2026-09-04 22:46:55.882618,HIGH,0
TX00012,ACC744,ACC484,2350,2026-09-04 22:45:55.882618,LOW,0
TX00013,ACC691,ACC739,3609,2026-09-04 22:44:55.882618,LOW,0
TX00014,ACC134,ACC104,18970,2026-09-04 22:43:55.882618,HIGH,0
TX00015,ACC788,ACC588,4686,2026-09-04 22:42:55.882618,LOW,0
TX00016,ACC577,ACC570,10721,2026-09-04 22:41:55.882618,MEDIUM,0
TX00017,ACC268,ACC726,15889,2026-09-04 22:40:55.882618,HIGH,1
TX00018,ACC196,ACC319,16259,2026-09-04 22:39:55.882618,HIGH,1
TX00019,ACC922,ACC118,1471,2026-09-04 22:38:55.882618,LOW,0
TX00020,ACC614,ACC655,2993,2026-09-04 22:37:55.882618,LOW,0
TX00021,ACC520,ACC283,7067,2026-09-04 22:36:55.882618,LOW,0
TX00022,ACC661,ACC837,4673,2026-09-04 22:35:55.882618,LOW,0
TX00023,ACC396,ACC603,6035,2026-09-04 22:34:55.882618,LOW,0
TX00024,ACC134,ACC427,12849,2026-09-04 22:33:55.882618,MEDIUM,0
TX00025,ACC306,ACC173,8726,2026-09-04 22:32:55.882618,MEDIUM,0
TX00026,ACC358,ACC157,8291,2026-09-04 22:31:55.882618,MEDIUM,0
TX00027,ACC197,ACC837,10947,2026-09-04 22:30:55.882618,MEDIUM,0
TX00028,ACC220,ACC949,10984,2026-09-04 22:29:55.882618,MEDIUM,0
TX00029,ACC140,ACC232,7633,2026-09-04 22:28:55.882618,LOW,0
TX00030,ACC838,ACC896,9117,2026-09-04 22:27:55.882618,MEDIUM,0
TX00031,ACC791,ACC878,13569,2026-09-04 22:26:55.882618,MEDIUM,0
TX00032,ACC549,ACC947,19964,2026-09-04 22:25:55.882618,HIGH,1
TX00033,ACC952,ACC276,11280,2026-09-04 22:24:55.882618,MEDIUM,0
TX00034,ACC898,ACC793,8201,2026-09-04 22:23:55.882618,MEDIUM,0
TX00035,ACC220,ACC517,13454,2026-09-04 22:22:55.882618,MEDIUM,0
TX00036,ACC176,ACC621,1551,2026-09-04 22:21:55.882618,LOW,0
TX00037,ACC906,ACC871,15350,2026-09-04 22:20:55.882618,HIGH,1
TX00038,ACC842,ACC316,13295,2026-09-04 22:19:55.882618,MEDIUM,0
TX00039,ACC200,ACC602,14057,2026-09-04 22:18:55.882618,MEDIUM,0
TX00040,ACC419,ACC373,15238,2026-09-04 22:17:55.882618,HIGH,1
TX00041,ACC387,ACC526,12516,2026-09-04 22:16:55.882618,MEDIUM,0
TX00042,ACC534,ACC216,6717,2026-09-04 22:15:55.882618,LOW,0
TX00043,ACC538,ACC208,13173,2026-09-04 22:14:55.882618,MEDIUM,0
TX00044,ACC603,ACC186,18278,2026-09-04 22:13:55.882618,HIGH,1
TX00045,ACC979,ACC836,4875,2026-09-04 22:12:55.882618,LOW,0
TX00046,ACC106,ACC234,8105,2026-09-04 22:11:55.882618,MEDIUM,0
TX00047,ACC762,ACC455,19880,2026-09-04 22:10:55.882618,HIGH,0
TX00048,ACC302,ACC859,6191,2026-09-04 22:09:55.882618,LOW,0
TX00049,ACC985,ACC348,10174,2026-09-04 22:08:55.882618,MEDIUM,0
TX00050,ACC191,ACC400,18841,2026-09-04 22:07:55.882618,HIGH,0
TX00051,ACC931,ACC184,6276,2026-09-04 22:06:55.882618,LOW,0
TX00052,ACC786,ACC333,17608,2026-09-04 22:05:55.882618,HIGH,0
TX00053,ACC809,ACC567,15652,2026-09-04 22:04:55.882618,HIGH,1
TX00054,ACC911,ACC885,4215,2026-09-04 22:03:55.882618,LOW,0
TX00055,ACC194,ACC183,5955,2026-09-04 22:02:55.882618,LOW,0
TX00056,ACC957,ACC368,4134,2026-09-04 22:01:55.882618,LOW,0
TX00057,ACC638,ACC774,3264,2026-09-04 22:00:55.882618,LOW,0
TX00058,ACC691,ACC299,11882,2026-09-04 21:59:55.882618,MEDIUM,0
TX00059,ACC622,ACC865,10127,2026-09-04 21:58:55.882618,MEDIUM,0
TX00060,ACC589,ACC974,2064,2026-09-04 21:57:55.882618,LOW,0
TX00061,ACC661,ACC866,15022,2026-09-04 21:56:55.882618,HIGH,1
TX00062,ACC231,ACC436,18456,2026-09-04 21:55:55.882618,HIGH,0
TX00063,ACC430,ACC448,7930,2026-09-04 21:54:55.882618,LOW,0
TX00064,ACC412,ACC335,6133,2026-09-04 21:53:55.882618,LOW,0
TX00065,ACC317,ACC556,11203,2026-09-04 21:52:55.882618,MEDIUM,0
TX00066,ACC433,ACC523,16292,2026-09-04 21:51:55.882618,HIGH,0
TX00067,ACC797,ACC381,2103,2026-09-04 21:50:55.882618,LOW,0
TX00068,ACC941,ACC369,12146,2026-09-04 21:49:55.882618,MEDIUM,0
TX00069,ACC529,ACC116,19796,2026-09-04 21:48:55.882618,HIGH,1
TX00070,ACC947,ACC318,19191,2026-09-04 21:47:55.882618,HIGH,0
TX00071,ACC302,ACC802,6907,2026-09-04 21:46:55.882618,LOW,0
TX00072,ACC893,ACC230,7517,2026-09-04 21:45:55.882618,LOW,0
TX00073,ACC177,ACC997,16136,2026-09-04 21:44:55.882618,HIGH,1
TX00074,ACC825,ACC195,4563,2026-09-04 21:43:55.882618,LOW,0
TX00075,ACC276,ACC473,1464,2026-09-04 21:42:55.882618,LOW,0
TX00076,ACC249,ACC622,5307,2026-09-04 21:41:55.882618,LOW,0
TX00077,ACC242,ACC938,3644,2026-09-04 21:40:55.882618,LOW,0
TX00078,ACC681,ACC721,19735,2026-09-04 21:39:55.882618,HIGH,1
TX00079,ACC147,ACC746,5597,2026-09-04 21:38:55.882618,LOW,0
TX00080,ACC501,ACC464,11646,2026-09-04 21:37:55.882618,MEDIUM,0
TX00081,ACC635,ACC103,10144,2026-09-04 21:36:55.882618,MEDIUM,0
TX00082,ACC506,ACC722,16879,2026-09-04 21:35:55.882618,HIGH,0
TX00083,ACC861,ACC821,2022,2026-09-04 21:34:55.882618,LOW,0
TX00084,ACC214,ACC426,13761,2026-09-04 21:33:55.882618,MEDIUM,0
TX00085,ACC999,ACC869,18984,2026-09-04 21:32:55.882618,HIGH,1
TX00086,ACC661,ACC885,5847,2026-09-04 21:31:55.882618,LOW,0
TX00087,ACC430,ACC253,15756,2026-09-04 21:30:55.882618,HIGH,1
TX00088,ACC300,ACC928,2917,2026-09-04 21:29:55.882618,LOW,0
TX00089,ACC386,ACC228,12851,2026-09-04 21:28:55.882618,MEDIUM,0
TX00090,ACC260,ACC437,18766,2026-09-04 21:27:55.882618,HIGH,0
TX00091,ACC696,ACC705,11530,2026-09-04 21:26:55.882618,MEDIUM,0
TX00092,ACC769,ACC621,13482,2026-09-04 21:25:55.882618,MEDIUM,0
TX00093,ACC672,ACC144,1019,2026-09-04 21:24:55.882618,LOW,0
TX00094,ACC174,ACC713,1733,2026-09-04 21:23:55.882618,LOW,0
TX00095,ACC557,ACC588,231,2026-09-04 21:22:55.882618,LOW,0
TX00096,ACC570,ACC956,11574,2026-09-04 21:21:55.882618,MEDIUM,0
TX00097,ACC686,ACC898,16958,2026-09-04 21:20:55.882618,HIGH,1
TX00098,ACC385,ACC146,10940,2026-09-04 21:19:55.882618,MEDIUM,0
TX00099,ACC118,ACC406,2901,2026-09-04 21:18:55.882618,LOW,0
TX00100,ACC107,ACC123,15440,2026-09-04 21:17:55.882618,HIGH,0
TX00101,ACC316,ACC533,15177,2026-09-04 21:16:55.882618,HIGH,1
TX00102,ACC405,ACC222,13609,2026-09-04 21:15:55.882618,MEDIUM,0
TX00103,ACC489,ACC609,12918,2026-09-04 21:14:55.882618,MEDIUM,0
TX00104,ACC702,ACC772,873,2026-09-04 21:13:55.882618,LOW,0
TX00105,ACC847,ACC893,19762,2026-09-04 21:12:55.882618,HIGH,1
TX00106,ACC575,ACC466,19313,2026-09-04 21:11:55.882618,HIGH,0
TX00107,ACC200,ACC105,15675,2026-09-04 21:10:55.882618,HIGH,1
TX00108,ACC357,ACC512,3291,2026-09-04 21:09:55.882618,LOW,0
TX00109,ACC774,ACC300,9977,2026-09-04 21:08:55.882618,MEDIUM,0
TX00110,ACC427,ACC915,6405,2026-09-04 21:07:55.882618,LOW,0
TX00111,ACC955,ACC670,12932,2026-09-04 21:06:55.882618,MEDIUM,0
TX00112,ACC861,ACC363,6095,2026-09-04 21:05:55.882618,LOW,0
TX00113,ACC307,ACC773,13003,2026-09-04 21:04:55.882618,MEDIUM,0
TX00114,ACC235,ACC103,7552,2026-09-04 21:03:55.882618,LOW,0
TX00115,ACC169,ACC965,17281,2026-09-04 21:02:55.882618,HIGH,0
TX00116,ACC910,ACC951,13603,2026-09-04 21:01:55.882618,MEDIUM,0
TX00117,ACC499,ACC600,1887,2026-09-04 21:00:55.882618,LOW,0
TX00118,ACC278,ACC854,16502,2026-09-04 20:59:55.882618,HIGH,1
TX00119,ACC573,ACC618,1496,2026-09-04 20:58:55.882618,LOW,0
TX00120,ACC288,ACC137,9516,2026-09-04 20:57:55.882618,MEDIUM,0
TX00121,ACC709,ACC328,17743,2026-09-04 20:56:55.882618,HIGH,0
TX00122,ACC379,ACC692,17485,2026-09-04 20:55:55.882618,HIGH,1
TX00123,ACC460,ACC242,19504,2026-09-04 20:54:55.882618,HIGH,1
TX00124,ACC998,ACC517,5771,2026-09-04 20:53:55.882618,LOW,0
TX00125,ACC438,ACC868,3612,2026-09-04 20:52:55.882618,LOW,0
TX00126,ACC684,ACC844,7881,2026-09-04 20:51:55.882618,LOW,0
TX00127,ACC691,ACC974,14675,2026-09-04 20:50:55.882618,MEDIUM,0
TX00128,ACC291,ACC438,1474,2026-09-04 20:49:55.882618,LOW,0
TX00129,ACC912,ACC285,15459,2026-09-04 20:48:55.882618,HIGH,0
TX00130,ACC111,ACC580,9290,2026-09-04 20:47:55.882618,MEDIUM,0
TX00131,ACC769,ACC835,11805,2026-09-04 20:46:55.882618,MEDIUM,0
TX00132,ACC501,ACC324,7909,2026-09-04 20:45:55.882618,LOW,0
TX00133,ACC935,ACC303,2550,2026-09-04 20:44:55.882618,LOW,0
TX00134,ACC727,ACC964,10448,2026-09-04 20:43:55.882618,MEDIUM,0
TX00135,ACC534,ACC469,10904,2026-09-04 20:42:55.882618,MEDIUM,0
TX00136,ACC537,ACC800,10763,2026-09-04 20:41:55.882618,MEDIUM,0
TX00137,ACC277,ACC430,9941,2026-09-04 20:40:55.882618,MEDIUM,0
TX00138,ACC132,ACC856,19402,2026-09-04 20:39:55.882618,HIGH,1
TX00139,ACC706,ACC108,17344,2026-09-04 20:38:55.882618,HIGH,0
TX00140,ACC439,ACC411,17806,2026-09-04 20:37:55.882618,HIGH,1
TX00141,ACC958,ACC655,17117,2026-09-04 20:36:55.882618,HIGH,0
TX00142,ACC697,ACC188,8700,2026-09-04 20:35:55.882618,MEDIUM,0
TX00143,ACC471,ACC959,7286,2026-09-04 20:34:55.882618,LOW,0
TX00144,ACC242,ACC285,10538,2026-09-04 20:33:55.882618,MEDIUM,0
TX00145,ACC632,ACC206,12133,2026-09-04 20:32:55.882618,MEDIUM,0
TX00146,ACC405,ACC252,15714,2026-09-04 20:31:55.882618,HIGH,0
TX00147,ACC825,ACC893,17842,2026-09-04 20:30:55.882618,HIGH,1
TX00148,ACC667,ACC451,16252,2026-09-04 20:29:55.882618,HIGH,0
TX00149,ACC850,ACC915,16009,2026-09-04 20:28:55.882618,HIGH,0
TX00150,ACC582,ACC131,17851,2026-09-04 20:27:55.882618,HIGH,0
TX00151,ACC739,ACC327,13070,2026-09-04 20:26:55.882618,MEDIUM,0
TX00152,ACC189,ACC375,3264,2026-09-04 20:25:55.882618,LOW,0
TX00153,ACC836,ACC398,18494,2026-09-04 20:24:55.882618,HIGH,0
TX00154,ACC298,ACC239,5034,2026-09-04 20:23:55.882618,LOW,0
TX00155,ACC912,ACC592,6522,2026-09-04 20:22:55.882618,LOW,0
TX00156,ACC885,ACC786,2798,2026-09-04 20:21:55.882618,LOW,0
TX00157,ACC177,ACC207,1363,2026-09-04 20:20:55.882618,LOW,0
TX00158,ACC980,ACC971,17000,2026-09-04 20:19:55.882618,HIGH,0
TX00159,ACC118,ACC779,5231,2026-09-04 20:18:55.882618,LOW,0
TX00160,ACC806,ACC215,5338,2026-09-04 20:17:55.882618,LOW,0
TX00161,ACC621,ACC687,12141,2026-09-04 20:16:55.882618,MEDIUM,0
TX00162,ACC675,ACC882,5145,2026-09-04 20:15:55.882618,LOW,0
TX00163,ACC293,ACC774,3598,2026-09-04 20:14:55.882618,LOW,0
TX00164,ACC699,ACC151,9256,2026-09-04 20:13:55.882618,MEDIUM,0
TX00165,ACC146,ACC414,14337,2026-09-04 20:12:55.882618,MEDIUM,0
TX00166,ACC426,ACC125,17451,2026-09-04 20:11:55.882618,HIGH,0
TX00167,ACC939,ACC486,6942,2026-09-04 20:10:55.882618,LOW,0
TX00168,ACC202,ACC734,17315,2026-09-04 20:09:55.882618,HIGH,0
TX00169,ACC283,ACC382,14455,2026-09-04 20:08:55.882618,MEDIUM,0
TX00170,ACC910,ACC700,15325,2026-09-04 20:07:55.882618,HIGH,1
TX00171,ACC968,ACC200,13183,2026-09-04 20:06:55.882618,MEDIUM,0
TX00172,ACC947,ACC245,6554,2026-09-04 20:05:55.882618,LOW,0
TX00173,ACC218,ACC691,15111,2026-09-04 20:04:55.882618,HIGH,0
TX00174,ACC355,ACC622,7625,2026-09-04 20:03:55.882618,LOW,0
TX00175,ACC858,ACC660,19814,2026-09-04 20:02:55.882618,HIGH,1
TX00176,ACC174,ACC167,5259,2026-09-04 20:01:55.882618,LOW,0
TX00177,ACC679,ACC878,6891,2026-09-04 20:00:55.882618,LOW,0
TX00178,ACC259,ACC732,14076,2026-09-04 19:59:55.882618,MEDIUM,0
TX00179,ACC971,ACC629,1903,2026-09-04 19:58:55.882618,LOW,0
TX00180,ACC954,ACC283,7264,2026-09-04 19:57:55.882618,LOW,0
TX00181,ACC661,ACC145,14436,2026-09-04 19:56:55.882618,MEDIUM,0
TX00182,ACC799,ACC329,9916,2026-09-04 19:55:55.882618,MEDIUM,0
TX00183,ACC412,ACC606,17991,2026-09-04 19:54:55.882618,HIGH,1
TX00184,ACC953,ACC727,2251,2026-09-04 19:53:55.882618,LOW,0
TX00185,ACC683,ACC420,5417,2026-09-04 19:52:55.882618,LOW,0
TX00186,ACC263,ACC419,10447,2026-09-04 19:51:55.882618,MEDIUM,0
TX00187,ACC930,ACC928,16997,2026-09-04 19:50:55.882618,HIGH,0
TX00188,ACC142,ACC181,4726,2026-09-04 19:49:55.882618,LOW,0
TX00189,ACC917,ACC930,6071,2026-09-04 19:48:55.882618,LOW,0
TX00190,ACC102,ACC493,18362,2026-09-04 19:47:55.882618,HIGH,1
TX00191,ACC217,ACC581,11046,2026-09-04 19:46:55.882618,MEDIUM,0
TX00192,ACC703,ACC252,8476,2026-09-04 19:45:55.882618,MEDIUM,0
TX00193,ACC973,ACC612,8462,2026-09-04 19:44:55.882618,MEDIUM,0
TX00194,ACC994,ACC348,14480,2026-09-04 19:43:55.882618,MEDIUM,0
TX00195,ACC673,ACC653,6256,2026-09-04 19:42:55.882618,LOW,0
TX00196,ACC891,ACC105,7675,2026-09-04 19:41:55.882618,LOW,0
TX00197,ACC157,ACC363,13430,2026-09-04 19:40:55.882618,MEDIUM,0
TX00198,ACC315,ACC688,5980,2026-09-04 19:39:55.882618,LOW,0
TX00199,ACC165,ACC958,2242,2026-09-04 19:38:55.882618,LOW,0
TX00200,ACC561,ACC472,1410,2026-09-04 19:37:55.882618,LOW,0
TX00201,ACC949,ACC864,12588,2026-09-04 19:36:55.882618,MEDIUM,0
TX00202,ACC681,ACC431,8791,2026-09-04 19:35:55.882618,MEDIUM,0
TX00203,ACC321,ACC552,14736,2026-09-04 19:34:55.882618,MEDIUM,0
TX00204,ACC816,ACC411,15251,2026-09-04 19:33:55.882618,HIGH,0
TX00205,ACC358,ACC927,17886,2026-09-04 19:32:55.882618,HIGH,1
TX00206,ACC334,ACC999,7708,2026-09-04 19:31:55.882618,LOW,0
TX00207,ACC213,ACC547,15804,2026-09-04 19:30:55.882618,HIGH,1
TX00208,ACC175,ACC220,5094,2026-09-04 19:29:55.882618,LOW,0
TX00209,ACC975,ACC591,18525,2026-09-04 19:28:55.882618,HIGH,0
TX00210,ACC995,ACC876,5675,2026-09-04 19:27:55.882618,LOW,0
TX00211,ACC124,ACC189,9798,2026-09-04 19:26:55.882618,MEDIUM,0
TX00212,ACC687,ACC189,9411,2026-09-04 19:25:55.882618,MEDIUM,0
TX00213,ACC547,ACC988,5619,2026-09-04 19:24:55.882618,LOW,0
TX00214,ACC844,ACC306,6150,2026-09-04 19:23:55.882618,LOW,0
TX00215,ACC927,ACC365,19935,2026-09-04 19:22:55.882618,HIGH,0
TX00216,ACC309,ACC752,15555,2026-09-04 19:21:55.882618,HIGH,1
TX00217,ACC200,ACC223,6894,2026-09-04 19:20:55.882618,LOW,0
TX00218,ACC233,ACC928,310,2026-09-04 19:19:55.882618,LOW,0
TX00219,ACC531,ACC245,14038,2026-09-04 19:18:55.882618,MEDIUM,0
TX00220,ACC186,ACC984,12014,2026-09-04 19:17:55.882618,MEDIUM,0
TX00221,ACC772,ACC853,12873,2026-09-04 19:16:55.882618,MEDIUM,0
TX00222,ACC303,ACC168,7073,2026-09-04 19:15:55.882618,LOW,0
TX00223,ACC145,ACC858,2100,2026-09-04 19:14:55.882618,LOW,0
TX00224,ACC812,ACC225,7053,2026-09-04 19:13:55.882618,LOW,0
TX00225,ACC540,ACC621,6744,2026-09-04 19:12:55.882618,LOW,0
TX00226,ACC259,ACC765,292,2026-09-04 19:11:55.882618,LOW,0
TX00227,ACC605,ACC262,18033,2026-09-04 19:10:55.882618,HIGH,0
TX00228,ACC964,ACC114,19092,2026-09-04 19:09:55.882618,HIGH,1
TX00229,ACC655,ACC584,13552,2026-09-04 19:08:55.882618,MEDIUM,0
TX00230,ACC144,ACC858,9657,2026-09-04 19:07:55.882618,MEDIUM,0
TX00231,ACC595,ACC961,7549,2026-09-04 19:06:55.882618,LOW,0
TX00232,ACC642,ACC766,2176,2026-09-04 19:05:55.882618,LOW,0
TX00233,ACC357,ACC295,16090,2026-09-04 19:04:55.882618,HIGH,1
TX00234,ACC557,ACC936,6469,2026-09-04 19:03:55.882618,LOW,0
TX00235,ACC212,ACC729,17858,2026-09-04 19:02:55.882618,HIGH,1
TX00236,ACC110,ACC872,7736,2026-09-04 19:01:55.882618,LOW,0
TX00237,ACC719,ACC947,11323,2026-09-04 19:00:55.882618,MEDIUM,0
TX00238,ACC249,ACC655,15935,2026-09-04 18:59:55.882618,HIGH,1
TX00239,ACC115,ACC534,6843,2026-09-04 18:58:55.882618,LOW,0
TX00240,ACC817,ACC601,7820,2026-09-04 18:57:55.882618,LOW,0
TX00241,ACC235,ACC351,6336,2026-09-04 18:56:55.882618,LOW,0
TX00242,ACC424,ACC804,7568,2026-09-04 18:55:55.882618,LOW,0
TX00243,ACC561,ACC500,8128,2026-09-04 18:54:55.882618,MEDIUM,0
TX00244,ACC633,ACC761,12081,2026-09-04 18:53:55.882618,MEDIUM,0
TX00245,ACC720,ACC816,17252,2026-09-04 18:52:55.882618,HIGH,1
TX00246,ACC667,ACC219,12077,2026-09-04 18:51:55.882618,MEDIUM,0
TX00247,ACC895,ACC524,18381,2026-09-04 18:50:55.882618,HIGH,1
TX00248,ACC889,ACC460,17681,2026-09-04 18:49:55.882618,HIGH,0
TX00249,ACC922,ACC489,12379,2026-09-04 18:48:55.882618,MEDIUM,0
TX00250,ACC609,ACC259,9831,2026-09-04 18:47:55.882618,MEDIUM,0
TX00251,ACC909,ACC127,1487,2026-09-04 18:46:55.882618,LOW,0
TX00252,ACC618,ACC474,472,2026-09-04 18:45:55.882618,LOW,0
TX00253,ACC573,ACC231,13095,2026-09-04 18:44:55.882618,MEDIUM,0
TX00254,ACC302,ACC351,4770,2026-09-04 18:43:55.882618,LOW,0
TX00255,ACC519,ACC773,14870,2026-09-04 18:42:55.882618,MEDIUM,0
TX00256,ACC756,ACC786,13006,2026-09-04 18:41:55.882618,MEDIUM,0
TX00257,ACC519,ACC274,1571,2026-09-04 18:40:55.882618,LOW,0
TX00258,ACC518,ACC493,5331,2026-09-04 18:39:55.882618,LOW,0
TX00259,ACC494,ACC522,3301,2026-09-04 18:38:55.882618,LOW,0
TX00260,ACC451,ACC658,13396,2026-09-04 18:37:55.882618,MEDIUM,0
TX00261,ACC850,ACC724,8197,2026-09-04 18:36:55.882618,MEDIUM,0
TX00262,ACC656,ACC618,13555,2026-09-04 18:35:55.882618,MEDIUM,0
TX00263,ACC904,ACC303,14841,2026-09-04 18:34:55.882618,MEDIUM,0
TX00264,ACC791,ACC291,12140,2026-09-04 18:33:55.882618,MEDIUM,0
TX00265,ACC629,ACC302,13396,2026-09-04 18:32:55.882618,MEDIUM,0
TX00266,ACC925,ACC773,7164,2026-09-04 18:31:55.882618,LOW,0
TX00267,ACC269,ACC583,14842,2026-09-04 18:30:55.882618,MEDIUM,0
TX00268,ACC761,ACC939,14457,2026-09-04 18:29:55.882618,MEDIUM,0
TX00269,ACC600,ACC857,8704,2026-09-04 18:28:55.882618,MEDIUM,0
TX00270,ACC544,ACC375,3721,2026-09-04 18:27:55.882618,LOW,0
TX00271,ACC930,ACC618,9140,2026-09-04 18:26:55.882618,MEDIUM,0
TX00272,ACC791,ACC190,6079,2026-09-04 18:25:55.882618,LOW,0
TX00273,ACC614,ACC667,14215,2026-09-04 18:24:55.882618,MEDIUM,0
TX00274,ACC316,ACC298,19481,2026-09-04 18:23:55.882618,HIGH,0
TX00275,ACC931,ACC310,3464,2026-09-04 18:22:55.882618,LOW,0
TX00276,ACC122,ACC325,10104,2026-09-04 18:21:55.882618,MEDIUM,0
TX00277,ACC889,ACC450,13393,2026-09-04 18:20:55.882618,MEDIUM,0
TX00278,ACC871,ACC629,6137,2026-09-04 18:19:55.882618,LOW,0
TX00279,ACC567,ACC531,5524,2026-09-04 18:18:55.882618,LOW,0
TX00280,ACC602,ACC621,15887,2026-09-04 18:17:55.882618,HIGH,1
TX00281,ACC471,ACC564,16529,2026-09-04 18:16:55.882618,HIGH,0
TX00282,ACC188,ACC413,12678,2026-09-04 18:15:55.882618,MEDIUM,0
TX00283,ACC765,ACC633,5484,2026-09-04 18:14:55.882618,LOW,0
TX00284,ACC328,ACC686,5361,2026-09-04 18:13:55.882618,LOW,0
TX00285,ACC847,ACC970,6874,2026-09-04 18:12:55.882618,LOW,0
TX00286,ACC336,ACC832,3094,2026-09-04 18:11:55.882618,LOW,0
TX00287,ACC968,ACC235,8623,2026-09-04 18:10:55.882618,MEDIUM,0
TX00288,ACC276,ACC702,6306,2026-09-04 18:09:55.882618,LOW,0
TX00289,ACC335,ACC666,9155,2026-09-04 18:08:55.882618,MEDIUM,0
TX00290,ACC726,ACC674,4712,2026-09-04 18:07:55.882618,LOW,0
TX00291,ACC443,ACC595,4734,2026-09-04 18:06:55.882618,LOW,0
TX00292,ACC151,ACC407,10089,2026-09-04 18:05:55.882618,MEDIUM,0
TX00293,ACC966,ACC783,10774,2026-09-04 18:04:55.882618,MEDIUM,0
TX00294,ACC463,ACC188,12349,2026-09-04 18:03:55.882618,MEDIUM,0
TX00295,ACC276,ACC469,196,2026-09-04 18:02:55.882618,LOW,0
TX00296,ACC382,ACC559,5218,2026-09-04 18:01:55.882618,LOW,0
TX00297,ACC153,ACC596,3405,2026-09-04 18:00:55.882618,LOW,0
TX00298,ACC601,ACC326,12527,2026-09-04 17:59:55.882618,MEDIUM,0
TX00299,ACC580,ACC892,6519,2026-09-04 17:58:55.882618,LOW,0
TX00300,ACC355,ACC569,11795,2026-09-04 17:57:55.882618,MEDIUM,0
TX00301,ACC483,ACC641,11341,2026-09-04 17:56:55.882618,MEDIUM,0
TX00302,ACC945,ACC990,15084,2026-09-04 17:55:55.882618,HIGH,0
TX00303,ACC354,ACC577,817,2026-09-04 17:54:55.882618,LOW,0
TX00304,ACC846,ACC606,1700,2026-09-04 17:53:55.882618,LOW,0
TX00305,ACC261,ACC448,1279,2026-09-04 17:52:55.882618,LOW,0
TX00306,ACC835,ACC229,15758,2026-09-04 17:51:55.882618,HIGH,0
TX00307,ACC269,ACC625,1228,2026-09-04 17:50:55.882618,LOW,0
TX00308,ACC964,ACC277,16025,2026-09-04 17:49:55.882618,HIGH,0
TX00309,ACC666,ACC790,183,2026-09-04 17:48:55.882618,LOW,0
TX00310,ACC332,ACC927,13672,2026-09-04 17:47:55.882618,MEDIUM,0
TX00311,ACC262,ACC868,9045,2026-09-04 17:46:55.882618,MEDIUM,0
TX00312,ACC298,ACC160,1580,2026-09-04 17:45:55.882618,LOW,0
TX00313,ACC271,ACC468,18062,2026-09-04 17:44:55.882618,HIGH,0
TX00314,ACC408,ACC777,13461,2026-09-04 17:43:55.882618,MEDIUM,0
TX00315,ACC193,ACC452,8120,2026-09-04 17:42:55.882618,MEDIUM,0
TX00316,ACC570,ACC362,6350,2026-09-04 17:41:55.882618,LOW,0
TX00317,ACC275,ACC247,11867,2026-09-04 17:40:55.882618,MEDIUM,0
TX00318,ACC878,ACC250,17476,2026-09-04 17:39:55.882618,HIGH,1
TX00319,ACC293,ACC331,19831,2026-09-04 17:38:55.882618,HIGH,0
TX00320,ACC806,ACC365,10951,2026-09-04 17:37:55.882618,MEDIUM,0
TX00321,ACC126,ACC753,4387,2026-09-04 17:36:55.882618,LOW,0
TX00322,ACC257,ACC417,16695,2026-09-04 17:35:55.882618,HIGH,1
TX00323,ACC257,ACC224,18407,2026-09-04 17:34:55.882618,HIGH,1
TX00324,ACC964,ACC869,17704,2026-09-04 17:33:55.882618,HIGH,0
TX00325,ACC702,ACC522,362,2026-09-04 17:32:55.882618,LOW,0
TX00326,ACC554,ACC424,1572,2026-09-04 17:31:55.882618,LOW,0
TX00327,ACC683,ACC895,9193,2026-09-04 17:30:55.882618,MEDIUM,0
TX00328,ACC626,ACC602,6933,2026-09-04 17:29:55.882618,LOW,0
TX00329,ACC525,ACC216,7522,2026-09-04 17:28:55.882618,LOW,0
TX00330,ACC271,ACC614,5005,2026-09-04 17:27:55.882618,LOW,0
TX00331,ACC569,ACC366,7599,2026-09-04 17:26:55.882618,LOW,0
TX00332,ACC451,ACC370,3940,2026-09-04 17:25:55.882618,LOW,0
TX00333,ACC587,ACC948,4741,2026-09-04 17:24:55.882618,LOW,0
TX00334,ACC937,ACC870,16118,2026-09-04 17:23:55.882618,HIGH,0
TX00335,ACC829,ACC395,7318,2026-09-04 17:22:55.882618,LOW,0
TX00336,ACC212,ACC249,7221,2026-09-04 17:21:55.882618,LOW,0
TX00337,ACC186,ACC436,3151,2026-09-04 17:20:55.882618,LOW,0
TX00338,ACC776,ACC245,1603,2026-09-04 17:19:55.882618,LOW,0
TX00339,ACC930,ACC375,13391,2026-09-04 17:18:55.882618,MEDIUM,0
TX00340,ACC770,ACC436,6420,2026-09-04 17:17:55.882618,LOW,0
TX00341,ACC632,ACC562,1149,2026-09-04 17:16:55.882618,LOW,0
TX00342,ACC769,ACC951,15637,2026-09-04 17:15:55.882618,HIGH,0
TX00343,ACC291,ACC366,5485,2026-09-04 17:14:55.882618,LOW,0
TX00344,ACC680,ACC313,2598,2026-09-04 17:13:55.882618,LOW,0
TX00345,ACC701,ACC459,15896,2026-09-04 17:12:55.882618,HIGH,1
TX00346,ACC382,ACC979,9768,2026-09-04 17:11:55.882618,MEDIUM,0
TX00347,ACC910,ACC527,19187,2026-09-04 17:10:55.882618,HIGH,1
TX00348,ACC757,ACC250,11277,2026-09-04 17:09:55.882618,MEDIUM,0
TX00349,ACC436,ACC386,5965,2026-09-04 17:08:55.882618,LOW,0
TX00350,ACC146,ACC597,985,2026-09-04 17:07:55.882618,LOW,0
TX00351,ACC685,ACC565,15143,2026-09-04 17:06:55.882618,HIGH,1
TX00352,ACC151,ACC536,3989,2026-09-04 17:05:55.882618,LOW,0
TX00353,ACC680,ACC456,17666,2026-09-04 17:04:55.882618,HIGH,1
TX00354,ACC707,ACC741,18437,2026-09-04 17:03:55.882618,HIGH,1
TX00355,ACC553,ACC215,9186,2026-09-04 17:02:55.882618,MEDIUM,0
TX00356,ACC752,ACC920,8135,2026-09-04 17:01:55.882618,MEDIUM,0
TX00357,ACC437,ACC957,6156,2026-09-04 17:00:55.882618,LOW,0
TX00358,ACC689,ACC630,9766,2026-09-04 16:59:55.882618,MEDIUM,0
TX00359,ACC600,ACC335,694,2026-09-04 16:58:55.882618,LOW,0
TX00360,ACC824,ACC858,530,2026-09-04 16:57:55.882618,LOW,0
TX00361,ACC308,ACC503,16281,2026-09-04 16:56:55.882618,HIGH,1
TX00362,ACC483,ACC886,6157,2026-09-04 16:55:55.882618,LOW,0
TX00363,ACC307,ACC198,4520,2026-09-04 16:54:55.882618,LOW,0
TX00364,ACC711,ACC398,9492,2026-09-04 16:53:55.882618,MEDIUM,0
TX00365,ACC327,ACC951,11775,2026-09-04 16:52:55.882618,MEDIUM,0
TX00366,ACC650,ACC449,14458,2026-09-04 16:51:55.882618,MEDIUM,0
TX00367,ACC984,ACC882,14296,2026-09-04 16:50:55.882618,MEDIUM,0
TX00368,ACC367,ACC211,5165,2026-09-04 16:49:55.882618,LOW,0
TX00369,ACC991,ACC598,10458,2026-09-04 16:48:55.882618,MEDIUM,0
TX00370,ACC697,ACC328,8713,2026-09-04 16:47:55.882618,MEDIUM,0
TX00371,ACC342,ACC146,5797,2026-09-04 16:46:55.882618,LOW,0
TX00372,ACC875,ACC148,12059,2026-09-04 16:45:55.882618,MEDIUM,0
TX00373,ACC252,ACC116,11331,2026-09-04 16:44:55.882618,MEDIUM,0
TX00374,ACC248,ACC299,8356,2026-09-04 16:43:55.882618,MEDIUM,0
TX00375,ACC776,ACC878,5701,2026-09-04 16:42:55.882618,LOW,0
TX00376,ACC212,ACC879,2767,2026-09-04 16:41:55.882618,LOW,0
TX00377,ACC301,ACC150,15879,2026-09-04 16:40:55.882618,HIGH,1
TX00378,ACC749,ACC425,6207,2026-09-04 16:39:55.882618,LOW,0
TX00379,ACC190,ACC971,13172,2026-09-04 16:38:55.882618,MEDIUM,0
TX00380,ACC431,ACC586,5711,2026-09-04 16:37:55.882618,LOW,0
TX00381,ACC270,ACC768,7469,2026-09-04 16:36:55.882618,LOW,0
TX00382,ACC210,ACC822,3483,2026-09-04 16:35:55.882618,LOW,0
TX00383,ACC793,ACC578,8029,2026-09-04 16:34:55.882618,MEDIUM,0
TX00384,ACC338,ACC599,11309,2026-09-04 16:33:55.882618,MEDIUM,0
TX00385,ACC626,ACC606,15918,2026-09-04 16:32:55.882618,HIGH,0
TX00386,ACC755,ACC771,17437,2026-09-04 16:31:55.882618,HIGH,0
TX00387,ACC357,ACC214,10907,2026-09-04 16:30:55.882618,MEDIUM,0
TX00388,ACC956,ACC962,5872,2026-09-04 16:29:55.882618,LOW,0
TX00389,ACC938,ACC984,8309,2026-09-04 16:28:55.882618,MEDIUM,0
TX00390,ACC858,ACC846,1666,2026-09-04 16:27:55.882618,LOW,0
TX00391,ACC988,ACC716,10837,2026-09-04 16:26:55.882618,MEDIUM,0
TX00392,ACC113,ACC708,11506,2026-09-04 16:25:55.882618,MEDIUM,0
TX00393,ACC459,ACC773,10538,2026-09-04 16:24:55.882618,MEDIUM,0
TX00394,ACC861,ACC838,3978,2026-09-04 16:23:55.882618,LOW,0
TX00395,ACC983,ACC618,17173,2026-09-04 16:22:55.882618,HIGH,0
TX00396,ACC158,ACC786,11176,2026-09-04 16:21:55.882618,MEDIUM,0
TX00397,ACC638,ACC191,8818,2026-09-04 16:20:55.882618,MEDIUM,0
TX00398,ACC356,ACC297,3019,2026-09-04 16:19:55.882618,LOW,0
TX00399,ACC711,ACC817,10060,2026-09-04 16:18:55.882618,MEDIUM,0
TX00400,ACC163,ACC358,11711,2026-09-04 16:17:55.882618,MEDIUM,0
TX00401,ACC860,ACC959,11987,2026-09-04 16:16:55.882618,MEDIUM,0
TX00402,ACC149,ACC993,13668,2026-09-04 16:15:55.882618,MEDIUM,0
TX00403,ACC762,ACC692,8067,2026-09-04 16:14:55.882618,MEDIUM,0
TX00404,ACC706,ACC616,15548,2026-09-04 16:13:55.882618,HIGH,1
TX00405,ACC955,ACC855,11182,2026-09-04 16:12:55.882618,MEDIUM,0
TX00406,ACC991,ACC789,7031,2026-09-04 16:11:55.882618,LOW,0
TX00407,ACC418,ACC904,11647,2026-09-04 16:10:55.882618,MEDIUM,0
TX00408,ACC658,ACC557,11785,2026-09-04 16:09:55.882618,MEDIUM,0
TX00409,ACC336,ACC433,6145,2026-09-04 16:08:55.882618,LOW,0
TX00410,ACC274,ACC555,7688,2026-09-04 16:07:55.882618,LOW,0
TX00411,ACC459,ACC686,14213,2026-09-04 16:06:55.882618,MEDIUM,0
TX00412,ACC653,ACC683,14098,2026-09-04 16:05:55.882618,MEDIUM,0
TX00413,ACC306,ACC860,289,2026-09-04 16:04:55.882618,LOW,0
TX00414,ACC741,ACC150,10213,2026-09-04 16:03:55.882618,MEDIUM,0
TX00415,ACC831,ACC579,5510,2026-09-04 16:02:55.882618,LOW,0
TX00416,ACC167,ACC475,7025,2026-09-04 16:01:55.882618,LOW,0
TX00417,ACC696,ACC419,2701,2026-09-04 16:00:55.882618,LOW,0
TX00418,ACC770,ACC185,11095,2026-09-04 15:59:55.882618,MEDIUM,0
TX00419,ACC105,ACC449,4726,2026-09-04 15:58:55.882618,LOW,0
TX00420,ACC554,ACC718,12429,2026-09-04 15:57:55.882618,MEDIUM,0
TX00421,ACC939,ACC359,9402,2026-09-04 15:56:55.882618,MEDIUM,0
TX00422,ACC579,ACC196,842,2026-09-04 15:55:55.882618,LOW,0
TX00423,ACC473,ACC167,18831,2026-09-04 15:54:55.882618,HIGH,1
TX00424,ACC187,ACC323,16350,2026-09-04 15:53:55.882618,HIGH,0
TX00425,ACC305,ACC458,9065,2026-09-04 15:52:55.882618,MEDIUM,0
TX00426,ACC433,ACC297,15891,2026-09-04 15:51:55.882618,HIGH,0
TX00427,ACC541,ACC559,14094,2026-09-04 15:50:55.882618,MEDIUM,0
TX00428,ACC971,ACC368,16208,2026-09-04 15:49:55.882618,HIGH,1
TX00429,ACC238,ACC185,13827,2026-09-04 15:48:55.882618,MEDIUM,0
TX00430,ACC937,ACC722,6288,2026-09-04 15:47:55.882618,LOW,0
TX00431,ACC239,ACC424,595,2026-09-04 15:46:55.882618,LOW,0
TX00432,ACC461,ACC904,5541,2026-09-04 15:45:55.882618,LOW,0
TX00433,ACC421,ACC543,11291,2026-09-04 15:44:55.882618,MEDIUM,0
TX00434,ACC574,ACC572,10815,2026-09-04 15:43:55.882618,MEDIUM,0
TX00435,ACC319,ACC940,1476,2026-09-04 15:42:55.882618,LOW,0
TX00436,ACC626,ACC784,18352,2026-09-04 15:41:55.882618,HIGH,0
TX00437,ACC782,ACC418,3356,2026-09-04 15:40:55.882618,LOW,0
TX00438,ACC916,ACC679,18997,2026-09-04 15:39:55.882618,HIGH,0
TX00439,ACC707,ACC138,14199,2026-09-04 15:38:55.882618,MEDIUM,0
TX00440,ACC664,ACC484,14348,2026-09-04 15:37:55.882618,MEDIUM,0
TX00441,ACC840,ACC677,1746,2026-09-04 15:36:55.882618,LOW,0
TX00442,ACC119,ACC416,2454,2026-09-04 15:35:55.882618,LOW,0
TX00443,ACC386,ACC948,6958,2026-09-04 15:34:55.882618,LOW,0
TX00444,ACC716,ACC855,18132,2026-09-04 15:33:55.882618,HIGH,0
TX00445,ACC223,ACC490,12768,2026-09-04 15:32:55.882618,MEDIUM,0
TX00446,ACC979,ACC982,18303,2026-09-04 15:31:55.882618,HIGH,1
TX00447,ACC429,ACC890,17579,2026-09-04 15:30:55.882618,HIGH,1
TX00448,ACC571,ACC383,13880,2026-09-04 15:29:55.882618,MEDIUM,0
TX00449,ACC765,ACC100,16151,2026-09-04 15:28:55.882618,HIGH,1
TX00450,ACC626,ACC784,15407,2026-09-04 15:27:55.882618,HIGH,0
TX00451,ACC339,ACC390,11512,2026-09-04 15:26:55.882618,MEDIUM,0
TX00452,ACC913,ACC966,8994,2026-09-04 15:25:55.882618,MEDIUM,0
TX00453,ACC478,ACC120,11589,2026-09-04 15:24:55.882618,MEDIUM,0
TX00454,ACC791,ACC467,11830,2026-09-04 15:23:55.882618,MEDIUM,0
TX00455,ACC188,ACC137,526,2026-09-04 15:22:55.882618,LOW,0
TX00456,ACC384,ACC337,2184,2026-09-04 15:21:55.882618,LOW,0
TX00457,ACC783,ACC567,11137,2026-09-04 15:20:55.882618,MEDIUM,0
TX00458,ACC115,ACC887,18020,2026-09-04 15:19:55.882618,HIGH,1
TX00459,ACC900,ACC914,5859,2026-09-04 15:18:55.882618,LOW,0
TX00460,ACC109,ACC689,7062,2026-09-04 15:17:55.882618,LOW,0
TX00461,ACC944,ACC555,13933,2026-09-04 15:16:55.882618,MEDIUM,0
TX00462,ACC851,ACC744,10709,2026-09-04 15:15:55.882618,MEDIUM,0
TX00463,ACC149,ACC126,16650,2026-09-04 15:14:55.882618,HIGH,1
TX00464,ACC803,ACC687,18867,2026-09-04 15:13:55.882618,HIGH,0
TX00465,ACC950,ACC426,5856,2026-09-04 15:12:55.882618,LOW,0
TX00466,ACC558,ACC988,7570,2026-09-04 15:11:55.882618,LOW,0
TX00467,ACC742,ACC484,12747,2026-09-04 15:10:55.882618,MEDIUM,0
TX00468,ACC279,ACC731,17851,2026-09-04 15:09:55.882618,HIGH,1
TX00469,ACC993,ACC606,1513,2026-09-04 15:08:55.882618,LOW,0
TX00470,ACC590,ACC805,19388,2026-09-04 15:07:55.882618,HIGH,0
TX00471,ACC729,ACC538,14282,2026-09-04 15:06:55.882618,MEDIUM,0
TX00472,ACC782,ACC138,11731,2026-09-04 15:05:55.882618,MEDIUM,0
TX00473,ACC781,ACC322,18620,2026-09-04 15:04:55.882618,HIGH,0
TX00474,ACC763,ACC514,19265,2026-09-04 15:03:55.882618,HIGH,0
TX00475,ACC131,ACC350,13446,2026-09-04 15:02:55.882618,MEDIUM,0
TX00476,ACC782,ACC697,10051,2026-09-04 15:01:55.882618,MEDIUM,0
TX00477,ACC313,ACC272,4022,2026-09-04 15:00:55.882618,LOW,0
TX00478,ACC529,ACC400,2569,2026-09-04 14:59:55.882618,LOW,0
TX00479,ACC830,ACC848,11864,2026-09-04 14:58:55.882618,MEDIUM,0
TX00480,ACC274,ACC814,2577,2026-09-04 14:57:55.882618,LOW,0
TX00481,ACC726,ACC692,15150,2026-09-04 14:56:55.882618,HIGH,1
TX00482,ACC663,ACC358,19304,2026-09-04 14:55:55.882618,HIGH,0
TX00483,ACC226,ACC905,14634,2026-09-04 14:54:55.882618,MEDIUM,0
TX00484,ACC720,ACC504,17819,2026-09-04 14:53:55.882618,HIGH,0
TX00485,ACC542,ACC492,14584,2026-09-04 14:52:55.882618,MEDIUM,0
TX00486,ACC189,ACC401,8448,2026-09-04 14:51:55.882618,MEDIUM,0
TX00487,ACC655,ACC502,13316,2026-09-04 14:50:55.882618,MEDIUM,0
TX00488,ACC660,ACC328,17906,2026-09-04 14:49:55.882618,HIGH,0
TX00489,ACC850,ACC903,3193,2026-09-04 14:48:55.882618,LOW,0
TX00490,ACC450,ACC745,2392,2026-09-04 14:47:55.882618,LOW,0
TX00491,ACC423,ACC586,3767,2026-09-04 14:46:55.882618,LOW,0
TX00492,ACC955,ACC960,9169,2026-09-04 14:45:55.882618,MEDIUM,0
TX00493,ACC697,ACC425,3184,2026-09-04 14:44:55.882618,LOW,0
TX00494,ACC107,ACC884,15518,2026-09-04 14:43:55.882618,HIGH,1
TX00495,ACC520,ACC416,646,2026-09-04 14:42:55.882618,LOW,0
TX00496,ACC329,ACC541,11330,2026-09-04 14:41:55.882618,MEDIUM,0
TX00497,ACC247,ACC584,13126,2026-09-04 14:40:55.882618,MEDIUM,0
TX00498,ACC376,ACC355,8340,2026-09-04 14:39:55.882618,MEDIUM,0
TX00499,ACC418,ACC784,11571,2026-09-04 14:38:55.882618,MEDIUM,0
TX00500,ACC211,ACC241,9750,2026-09-04 14:37:55.882618,MEDIUM,0
TX00501,ACC906,ACC925,19287,2026-09-04 14:36:55.882618,HIGH,0
TX00502,ACC987,ACC323,15928,2026-09-04 14:35:55.882618,HIGH,1
TX00503,ACC576,ACC904,17721,2026-09-04 14:34:55.882618,HIGH,1
TX00504,ACC220,ACC543,19642,2026-09-04 14:33:55.882618,HIGH,1
TX00505,ACC958,ACC335,19290,2026-09-04 14:32:55.882618,HIGH,1
TX00506,ACC982,ACC936,5308,2026-09-04 14:31:55.882618,LOW,0
TX00507,ACC471,ACC264,9135,2026-09-04 14:30:55.882618,MEDIUM,0
TX00508,ACC510,ACC241,16525,2026-09-04 14:29:55.882618,HIGH,0
TX00509,ACC845,ACC312,4483,2026-09-04 14:28:55.882618,LOW,0
TX00510,ACC419,ACC346,12425,2026-09-04 14:27:55.882618,MEDIUM,0
TX00511,ACC347,ACC507,1117,2026-09-04 14:26:55.882618,LOW,0
TX00512,ACC872,ACC655,8298,2026-09-04 14:25:55.882618,MEDIUM,0
TX00513,ACC239,ACC537,17407,2026-09-04 14:24:55.882618,HIGH,1
TX00514,ACC174,ACC535,8769,2026-09-04 14:23:55.882618,MEDIUM,0
TX00515,ACC403,ACC953,6721,2026-09-04 14:22:55.882618,LOW,0
TX00516,ACC511,ACC173,17801,2026-09-04 14:21:55.882618,HIGH,1
TX00517,ACC396,ACC265,14760,2026-09-04 14:20:55.882618,MEDIUM,0
TX00518,ACC966,ACC301,4979,2026-09-04 14:19:55.882618,LOW,0
TX00519,ACC742,ACC227,15277,2026-09-04 14:18:55.882618,HIGH,1
TX00520,ACC377,ACC799,3315,2026-09-04 14:17:55.882618,LOW,0
TX00521,ACC203,ACC406,1150,2026-09-04 14:16:55.882618,LOW,0
TX00522,ACC815,ACC398,9972,2026-09-04 14:15:55.882618,MEDIUM,0
TX00523,ACC364,ACC201,13344,2026-09-04 14:14:55.882618,MEDIUM,0
TX00524,ACC613,ACC785,19389,2026-09-04 14:13:55.882618,HIGH,1
TX00525,ACC222,ACC419,19587,2026-09-04 14:12:55.882618,HIGH,0
TX00526,ACC815,ACC822,1528,2026-09-04 14:11:55.882618,LOW,0
TX00527,ACC396,ACC328,11573,2026-09-04 14:10:55.882618,MEDIUM,0
TX00528,ACC463,ACC738,4021,2026-09-04 14:09:55.882618,LOW,0
TX00529,ACC834,ACC230,16915,2026-09-04 14:08:55.882618,HIGH,1
TX00530,ACC202,ACC542,19533,2026-09-04 14:07:55.882618,HIGH,1
TX00531,ACC283,ACC911,4873,2026-09-04 14:06:55.882618,LOW,0
TX00532,ACC198,ACC582,5563,2026-09-04 14:05:55.882618,LOW,0
TX00533,ACC350,ACC497,4916,2026-09-04 14:04:55.882618,LOW,0
TX00534,ACC671,ACC937,3014,2026-09-04 14:03:55.882618,LOW,0
TX00535,ACC147,ACC658,14472,2026-09-04 14:02:55.882618,MEDIUM,0
TX00536,ACC998,ACC952,2671,2026-09-04 14:01:55.882618,LOW,0
TX00537,ACC850,ACC891,8222,2026-09-04 14:00:55.882618,MEDIUM,0
TX00538,ACC974,ACC423,3094,2026-09-04 13:59:55.882618,LOW,0
TX00539,ACC863,ACC822,12196,2026-09-04 13:58:55.882618,MEDIUM,0
TX00540,ACC103,ACC594,14058,2026-09-04 13:57:55.882618,MEDIUM,0
TX00541,ACC262,ACC143,4496,2026-09-04 13:56:55.882618,LOW,0
TX00542,ACC845,ACC159,785,2026-09-04 13:55:55.882618,LOW,0
TX00543,ACC376,ACC982,9329,2026-09-04 13:54:55.882618,MEDIUM,0
TX00544,ACC491,ACC833,5531,2026-09-04 13:53:55.882618,LOW,0
TX00545,ACC699,ACC292,6920,2026-09-04 13:52:55.882618,LOW,0
TX00546,ACC602,ACC874,9523,2026-09-04 13:51:55.882618,MEDIUM,0
TX00547,ACC434,ACC722,8422,2026-09-04 13:50:55.882618,MEDIUM,0
TX00548,ACC305,ACC998,18841,2026-09-04 13:49:55.882618,HIGH,1
TX00549,ACC876,ACC288,13786,2026-09-04 13:48:55.882618,MEDIUM,0
TX00550,ACC482,ACC805,15639,2026-09-04 13:47:55.882618,HIGH,1
TX00551,ACC451,ACC150,5434,2026-09-04 13:46:55.882618,LOW,0
TX00552,ACC201,ACC931,5234,2026-09-04 13:45:55.882618,LOW,0
TX00553,ACC488,ACC980,3507,2026-09-04 13:44:55.882618,LOW,0
TX00554,ACC147,ACC683,1240,2026-09-04 13:43:55.882618,LOW,0
TX00555,ACC668,ACC693,2038,2026-09-04 13:42:55.882618,LOW,0
TX00556,ACC360,ACC148,2327,2026-09-04 13:41:55.882618,LOW,0
TX00557,ACC292,ACC742,14344,2026-09-04 13:40:55.882618,MEDIUM,0
TX00558,ACC647,ACC941,16775,2026-09-04 13:39:55.882618,HIGH,1
TX00559,ACC334,ACC827,10038,2026-09-04 13:38:55.882618,MEDIUM,0
TX00560,ACC748,ACC750,7653,2026-09-04 13:37:55.882618,LOW,0
TX00561,ACC963,ACC930,14704,2026-09-04 13:36:55.882618,MEDIUM,0
TX00562,ACC409,ACC574,16306,2026-09-04 13:35:55.882618,HIGH,0
TX00563,ACC751,ACC124,16185,2026-09-04 13:34:55.882618,HIGH,1
TX00564,ACC666,ACC924,16611,2026-09-04 13:33:55.882618,HIGH,0
TX00565,ACC421,ACC389,10245,2026-09-04 13:32:55.882618,MEDIUM,0
TX00566,ACC629,ACC357,12276,2026-09-04 13:31:55.882618,MEDIUM,0
TX00567,ACC500,ACC998,12059,2026-09-04 13:30:55.882618,MEDIUM,0
TX00568,ACC398,ACC789,10491,2026-09-04 13:29:55.882618,MEDIUM,0
TX00569,ACC496,ACC673,19153,2026-09-04 13:28:55.882618,HIGH,0
TX00570,ACC163,ACC143,4117,2026-09-04 13:27:55.882618,LOW,0
TX00571,ACC589,ACC216,8396,2026-09-04 13:26:55.882618,MEDIUM,0
TX00572,ACC833,ACC649,5589,2026-09-04 13:25:55.882618,LOW,0
TX00573,ACC971,ACC177,2458,2026-09-04 13:24:55.882618,LOW,0
TX00574,ACC367,ACC459,16704,2026-09-04 13:23:55.882618,HIGH,0
TX00575,ACC311,ACC174,17163,2026-09-04 13:22:55.882618,HIGH,1
TX00576,ACC750,ACC946,6286,2026-09-04 13:21:55.882618,LOW,0
TX00577,ACC203,ACC912,8667,2026-09-04 13:20:55.882618,MEDIUM,0
TX00578,ACC814,ACC403,1639,2026-09-04 13:19:55.882618,LOW,0
TX00579,ACC261,ACC244,18041,2026-09-04 13:18:55.882618,HIGH,1
TX00580,ACC443,ACC803,11690,2026-09-04 13:17:55.882618,MEDIUM,0
TX00581,ACC333,ACC857,8389,2026-09-04 13:16:55.882618,MEDIUM,0
TX00582,ACC539,ACC217,753,2026-09-04 13:15:55.882618,LOW,0
TX00583,ACC167,ACC125,6033,2026-09-04 13:14:55.882618,LOW,0
TX00584,ACC101,ACC184,16592,2026-09-04 13:13:55.882618,HIGH,1
TX00585,ACC838,ACC801,1301,2026-09-04 13:12:55.882618,LOW,0
TX00586,ACC161,ACC127,3826,2026-09-04 13:11:55.882618,LOW,0
TX00587,ACC866,ACC391,4575,2026-09-04 13:10:55.882618,LOW,0
TX00588,ACC240,ACC355,12480,2026-09-04 13:09:55.882618,MEDIUM,0
TX00589,ACC423,ACC873,19330,2026-09-04 13:08:55.882618,HIGH,1
TX00590,ACC216,ACC796,11272,2026-09-04 13:07:55.882618,MEDIUM,0
TX00591,ACC205,ACC144,17358,2026-09-04 13:06:55.882618,HIGH,0
TX00592,ACC511,ACC782,9715,2026-09-04 13:05:55.882618,MEDIUM,0
TX00593,ACC362,ACC688,16183,2026-09-04 13:04:55.882618,HIGH,1
TX00594,ACC987,ACC717,12085,2026-09-04 13:03:55.882618,MEDIUM,0
TX00595,ACC712,ACC665,11825,2026-09-04 13:02:55.882618,MEDIUM,0
TX00596,ACC658,ACC370,3889,2026-09-04 13:01:55.882618,LOW,0
TX00597,ACC530,ACC570,9722,2026-09-04 13:00:55.882618,MEDIUM,0
TX00598,ACC609,ACC365,5555,2026-09-04 12:59:55.882618,LOW,0
TX00599,ACC354,ACC435,19012,2026-09-04 12:58:55.882618,HIGH,1
TX00600,ACC183,ACC364,15593,2026-09-04 12:57:55.882618,HIGH,1
TX00601,ACC930,ACC759,5222,2026-09-04 12:56:55.882618,LOW,0
TX00602,ACC600,ACC760,18376,2026-09-04 12:55:55.882618,HIGH,0
TX00603,ACC995,ACC694,5306,2026-09-04 12:54:55.882618,LOW,0
TX00604,ACC668,ACC952,5020,2026-09-04 12:53:55.882618,LOW,0
TX00605,ACC249,ACC508,19734,2026-09-04 12:52:55.882618,HIGH,0
TX00606,ACC887,ACC862,7925,2026-09-04 12:51:55.882618,LOW,0
TX00607,ACC481,ACC671,3926,2026-09-04 12:50:55.882618,LOW,0
TX00608,ACC336,ACC912,4820,2026-09-04 12:49:55.882618,LOW,0
TX00609,ACC141,ACC310,1948,2026-09-04 12:48:55.882618,LOW,0
TX00610,ACC802,ACC201,8599,2026-09-04 12:47:55.882618,MEDIUM,0
TX00611,ACC312,ACC833,6342,2026-09-04 12:46:55.882618,LOW,0
TX00612,ACC215,ACC517,19018,2026-09-04 12:45:55.882618,HIGH,0
TX00613,ACC741,ACC270,18640,2026-09-04 12:44:55.882618,HIGH,1
TX00614,ACC436,ACC788,7418,2026-09-04 12:43:55.882618,LOW,0
TX00615,ACC852,ACC622,5115,2026-09-04 12:42:55.882618,LOW,0
TX00616,ACC850,ACC922,2266,2026-09-04 12:41:55.882618,LOW,0
TX00617,ACC331,ACC522,14637,2026-09-04 12:40:55.882618,MEDIUM,0
TX00618,ACC433,ACC770,152,2026-09-04 12:39:55.882618,LOW,0
TX00619,ACC959,ACC760,4729,2026-09-04 12:38:55.882618,LOW,0
TX00620,ACC954,ACC653,9882,2026-09-04 12:37:55.882618,MEDIUM,0
TX00621,ACC359,ACC849,18048,2026-09-04 12:36:55.882618,HIGH,0
TX00622,ACC391,ACC300,18863,2026-09-04 12:35:55.882618,HIGH,1
TX00623,ACC727,ACC438,1397,2026-09-04 12:34:55.882618,LOW,0
TX00624,ACC290,ACC913,7464,2026-09-04 12:33:55.882618,LOW,0
TX00625,ACC800,ACC661,8395,2026-09-04 12:32:55.882618,MEDIUM,0
TX00626,ACC650,ACC984,7871,2026-09-04 12:31:55.882618,LOW,0
TX00627,ACC257,ACC595,3346,2026-09-04 12:30:55.882618,LOW,0
TX00628,ACC107,ACC806,9009,2026-09-04 12:29:55.882618,MEDIUM,0
TX00629,ACC926,ACC354,5400,2026-09-04 12:28:55.882618,LOW,0
TX00630,ACC367,ACC264,4100,2026-09-04 12:27:55.882618,LOW,0
TX00631,ACC644,ACC668,2108,2026-09-04 12:26:55.882618,LOW,0
TX00632,ACC924,ACC807,829,2026-09-04 12:25:55.882618,LOW,0
TX00633,ACC876,ACC740,15377,2026-09-04 12:24:55.882618,HIGH,0
TX00634,ACC694,ACC312,15995,2026-09-04 12:23:55.882618,HIGH,1
TX00635,ACC776,ACC562,7878,2026-09-04 12:22:55.882618,LOW,0
TX00636,ACC254,ACC647,7530,2026-09-04 12:21:55.882618,LOW,0
TX00637,ACC540,ACC157,15470,2026-09-04 12:20:55.882618,HIGH,0
TX00638,ACC295,ACC383,7134,2026-09-04 12:19:55.882618,LOW,0
TX00639,ACC714,ACC399,1067,2026-09-04 12:18:55.882618,LOW,0
TX00640,ACC126,ACC750,15886,2026-09-04 12:17:55.882618,HIGH,1
TX00641,ACC515,ACC437,7221,2026-09-04 12:16:55.882618,LOW,0
TX00642,ACC190,ACC776,16465,2026-09-04 12:15:55.882618,HIGH,0
TX00643,ACC177,ACC879,19383,2026-09-04 12:14:55.882618,HIGH,1
TX00644,ACC991,ACC307,9376,2026-09-04 12:13:55.882618,MEDIUM,0
TX00645,ACC150,ACC639,17167,2026-09-04 12:12:55.882618,HIGH,1
TX00646,ACC660,ACC331,200,2026-09-04 12:11:55.882618,LOW,0
TX00647,ACC493,ACC883,11701,2026-09-04 12:10:55.882618,MEDIUM,0
TX00648,ACC636,ACC412,7888,2026-09-04 12:09:55.882618,LOW,0
TX00649,ACC855,ACC516,4837,2026-09-04 12:08:55.882618,LOW,0
TX00650,ACC158,ACC165,8671,2026-09-04 12:07:55.882618,MEDIUM,0
TX00651,ACC422,ACC358,5799,2026-09-04 12:06:55.882618,LOW,0
TX00652,ACC529,ACC914,19462,2026-09-04 12:05:55.882618,HIGH,1
TX00653,ACC208,ACC335,9170,2026-09-04 12:04:55.882618,MEDIUM,0
TX00654,ACC862,ACC209,14478,2026-09-04 12:03:55.882618,MEDIUM,0
TX00655,ACC109,ACC270,16590,2026-09-04 12:02:55.882618,HIGH,0
TX00656,ACC499,ACC435,8025,2026-09-04 12:01:55.882618,MEDIUM,0
TX00657,ACC443,ACC532,366,2026-09-04 12:00:55.882618,LOW,0
TX00658,ACC121,ACC509,10223,2026-09-04 11:59:55.882618,MEDIUM,0
TX00659,ACC208,ACC837,18707,2026-09-04 11:58:55.882618,HIGH,1
TX00660,ACC548,ACC490,19994,2026-09-04 11:57:55.882618,HIGH,1
TX00661,ACC731,ACC179,14741,2026-09-04 11:56:55.882618,MEDIUM,0
TX00662,ACC853,ACC957,10062,2026-09-04 11:55:55.882618,MEDIUM,0
TX00663,ACC216,ACC285,11049,2026-09-04 11:54:55.882618,MEDIUM,0
TX00664,ACC894,ACC634,8261,2026-09-04 11:53:55.882618,MEDIUM,0
TX00665,ACC168,ACC265,12024,2026-09-04 11:52:55.882618,MEDIUM,0
TX00666,ACC612,ACC839,2095,2026-09-04 11:51:55.882618,LOW,0
TX00667,ACC325,ACC309,4273,2026-09-04 11:50:55.882618,LOW,0
TX00668,ACC165,ACC860,7821,2026-09-04 11:49:55.882618,LOW,0
TX00669,ACC349,ACC572,16310,2026-09-04 11:48:55.882618,HIGH,1
TX00670,ACC409,ACC521,17605,2026-09-04 11:47:55.882618,HIGH,1
TX00671,ACC505,ACC990,18036,2026-09-04 11:46:55.882618,HIGH,0
TX00672,ACC965,ACC702,2362,2026-09-04 11:45:55.882618,LOW,0
TX00673,ACC254,ACC195,5674,2026-09-04 11:44:55.882618,LOW,0
TX00674,ACC580,ACC826,18655,2026-09-04 11:43:55.882618,HIGH,0
TX00675,ACC847,ACC898,2178,2026-09-04 11:42:55.882618,LOW,0
TX00676,ACC997,ACC356,5118,2026-09-04 11:41:55.882618,LOW,0
TX00677,ACC481,ACC312,14507,2026-09-04 11:40:55.882618,MEDIUM,0
TX00678,ACC102,ACC501,16733,2026-09-04 11:39:55.882618,HIGH,0
TX00679,ACC380,ACC554,2258,2026-09-04 11:38:55.882618,LOW,0
TX00680,ACC680,ACC875,670,2026-09-04 11:37:55.882618,LOW,0
TX00681,ACC101,ACC215,7190,2026-09-04 11:36:55.882618,LOW,0
TX00682,ACC997,ACC285,11806,2026-09-04 11:35:55.882618,MEDIUM,0
TX00683,ACC522,ACC285,2455,2026-09-04 11:34:55.882618,LOW,0
TX00684,ACC877,ACC188,18279,2026-09-04 11:33:55.882618,HIGH,1
TX00685,ACC976,ACC200,18450,2026-09-04 11:32:55.882618,HIGH,0
TX00686,ACC284,ACC852,4211,2026-09-04 11:31:55.882618,LOW,0
TX00687,ACC860,ACC751,8216,2026-09-04 11:30:55.882618,MEDIUM,0
TX00688,ACC732,ACC602,13452,2026-09-04 11:29:55.882618,MEDIUM,0
TX00689,ACC679,ACC747,7536,2026-09-04 11:28:55.882618,LOW,0
TX00690,ACC871,ACC733,7647,2026-09-04 11:27:55.882618,LOW,0
TX00691,ACC197,ACC685,14457,2026-09-04 11:26:55.882618,MEDIUM,0
TX00692,ACC883,ACC855,12917,2026-09-04 11:25:55.882618,MEDIUM,0
TX00693,ACC379,ACC576,1997,2026-09-04 11:24:55.882618,LOW,0
TX00694,ACC145,ACC169,11331,2026-09-04 11:23:55.882618,MEDIUM,0
TX00695,ACC105,ACC439,17861,2026-09-04 11:22:55.882618,HIGH,0
TX00696,ACC363,ACC866,15887,2026-09-04 11:21:55.882618,HIGH,0
TX00697,ACC219,ACC392,4950,2026-09-04 11:20:55.882618,LOW,0
TX00698,ACC518,ACC965,5561,2026-09-04 11:19:55.882618,LOW,0
TX00699,ACC118,ACC580,3443,2026-09-04 11:18:55.882618,LOW,0
TX00700,ACC352,ACC282,2375,2026-09-04 11:17:55.882618,LOW,0
TX00701,ACC650,ACC876,6943,2026-09-04 11:16:55.882618,LOW,0
TX00702,ACC861,ACC690,14879,2026-09-04 11:15:55.882618,MEDIUM,0
TX00703,ACC248,ACC222,19378,2026-09-04 11:14:55.882618,HIGH,0
TX00704,ACC961,ACC476,10806,2026-09-04 11:13:55.882618,MEDIUM,0
TX00705,ACC876,ACC955,5235,2026-09-04 11:12:55.882618,LOW,0
TX00706,ACC848,ACC719,19715,2026-09-04 11:11:55.882618,HIGH,1
TX00707,ACC194,ACC957,8169,2026-09-04 11:10:55.882618,MEDIUM,0
TX00708,ACC306,ACC336,3178,2026-09-04 11:09:55.882618,LOW,0
TX00709,ACC123,ACC226,4790,2026-09-04 11:08:55.882618,LOW,0
TX00710,ACC102,ACC901,5580,2026-09-04 11:07:55.882618,LOW,0
TX00711,ACC567,ACC949,11849,2026-09-04 11:06:55.882618,MEDIUM,0
TX00712,ACC428,ACC214,18832,2026-09-04 11:05:55.882618,HIGH,1
TX00713,ACC756,ACC400,6889,2026-09-04 11:04:55.882618,LOW,0
TX00714,ACC400,ACC193,12827,2026-09-04 11:03:55.882618,MEDIUM,0
TX00715,ACC732,ACC500,9462,2026-09-04 11:02:55.882618,MEDIUM,0
TX00716,ACC438,ACC984,1011,2026-09-04 11:01:55.882618,LOW,0
TX00717,ACC643,ACC635,19981,2026-09-04 11:00:55.882618,HIGH,1
TX00718,ACC820,ACC940,8804,2026-09-04 10:59:55.882618,MEDIUM,0
TX00719,ACC278,ACC758,12418,2026-09-04 10:58:55.882618,MEDIUM,0
TX00720,ACC817,ACC946,19554,2026-09-04 10:57:55.882618,HIGH,1
TX00721,ACC268,ACC497,6072,2026-09-04 10:56:55.882618,LOW,0
TX00722,ACC319,ACC927,2280,2026-09-04 10:55:55.882618,LOW,0
TX00723,ACC861,ACC175,417,2026-09-04 10:54:55.882618,LOW,0
TX00724,ACC226,ACC633,17408,2026-09-04 10:53:55.882618,HIGH,1
TX00725,ACC705,ACC301,16713,2026-09-04 10:52:55.882618,HIGH,0
TX00726,ACC945,ACC775,14959,2026-09-04 10:51:55.882618,MEDIUM,0
TX00727,ACC768,ACC100,12364,2026-09-04 10:50:55.882618,MEDIUM,0
TX00728,ACC112,ACC657,1020,2026-09-04 10:49:55.882618,LOW,0
TX00729,ACC608,ACC703,11520,2026-09-04 10:48:55.882618,MEDIUM,0
TX00730,ACC302,ACC690,1223,2026-09-04 10:47:55.882618,LOW,0
TX00731,ACC627,ACC342,7923,2026-09-04 10:46:55.882618,LOW,0
TX00732,ACC478,ACC871,13772,2026-09-04 10:45:55.882618,MEDIUM,0
TX00733,ACC262,ACC172,7936,2026-09-04 10:44:55.882618,LOW,0
TX00734,ACC236,ACC314,17890,2026-09-04 10:43:55.882618,HIGH,1
TX00735,ACC802,ACC712,9644,2026-09-04 10:42:55.882618,MEDIUM,0
TX00736,ACC248,ACC545,3315,2026-09-04 10:41:55.882618,LOW,0
TX00737,ACC333,ACC502,6548,2026-09-04 10:40:55.882618,LOW,0
TX00738,ACC764,ACC684,13778,2026-09-04 10:39:55.882618,MEDIUM,0
TX00739,ACC836,ACC416,14929,2026-09-04 10:38:55.882618,MEDIUM,0
TX00740,ACC534,ACC450,4041,2026-09-04 10:37:55.882618,LOW,0
TX00741,ACC369,ACC576,3825,2026-09-04 10:36:55.882618,LOW,0
TX00742,ACC931,ACC102,13354,2026-09-04 10:35:55.882618,MEDIUM,0
TX00743,ACC728,ACC856,7763,2026-09-04 10:34:55.882618,LOW,0
TX00744,ACC330,ACC522,8973,2026-09-04 10:33:55.882618,MEDIUM,0
TX00745,ACC533,ACC127,10323,2026-09-04 10:32:55.882618,MEDIUM,0
TX00746,ACC515,ACC343,17674,2026-09-04 10:31:55.882618,HIGH,1
TX00747,ACC547,ACC523,3868,2026-09-04 10:30:55.882618,LOW,0
TX00748,ACC966,ACC368,5292,2026-09-04 10:29:55.882618,LOW,0
TX00749,ACC865,ACC328,15494,2026-09-04 10:28:55.882618,HIGH,1
TX00750,ACC647,ACC594,1970,2026-09-04 10:27:55.882618,LOW,0
TX00751,ACC411,ACC795,16219,2026-09-04 10:26:55.882618,HIGH,0
TX00752,ACC755,ACC360,12866,2026-09-04 10:25:55.882618,MEDIUM,0
TX00753,ACC617,ACC646,14934,2026-09-04 10:24:55.882618,MEDIUM,0
TX00754,ACC263,ACC465,13914,2026-09-04 10:23:55.882618,MEDIUM,0
TX00755,ACC690,ACC131,19209,2026-09-04 10:22:55.882618,HIGH,1
TX00756,ACC562,ACC359,13953,2026-09-04 10:21:55.882618,MEDIUM,0
TX00757,ACC486,ACC586,7734,2026-09-04 10:20:55.882618,LOW,0
TX00758,ACC214,ACC299,2174,2026-09-04 10:19:55.882618,LOW,0
TX00759,ACC960,ACC938,9481,2026-09-04 10:18:55.882618,MEDIUM,0
TX00760,ACC835,ACC448,19009,2026-09-04 10:17:55.882618,HIGH,1
TX00761,ACC776,ACC909,6083,2026-09-04 10:16:55.882618,LOW,0
TX00762,ACC726,ACC245,3886,2026-09-04 10:15:55.882618,LOW,0
TX00763,ACC398,ACC218,8615,2026-09-04 10:14:55.882618,MEDIUM,0
TX00764,ACC147,ACC215,4956,2026-09-04 10:13:55.882618,LOW,0
TX00765,ACC407,ACC663,9202,2026-09-04 10:12:55.882618,MEDIUM,0
TX00766,ACC425,ACC900,8146,2026-09-04 10:11:55.882618,MEDIUM,0
TX00767,ACC103,ACC402,13729,2026-09-04 10:10:55.882618,MEDIUM,0
TX00768,ACC511,ACC934,8954,2026-09-04 10:09:55.882618,MEDIUM,0
TX00769,ACC957,ACC429,18308,2026-09-04 10:08:55.882618,HIGH,0
TX00770,ACC742,ACC948,4762,2026-09-04 10:07:55.882618,LOW,0
TX00771,ACC651,ACC163,10605,2026-09-04 10:06:55.882618,MEDIUM,0
TX00772,ACC592,ACC428,17391,2026-09-04 10:05:55.882618,HIGH,1
TX00773,ACC840,ACC453,7814,2026-09-04 10:04:55.882618,LOW,0
TX00774,ACC691,ACC917,16169,2026-09-04 10:03:55.882618,HIGH,1
TX00775,ACC907,ACC554,11751,2026-09-04 10:02:55.882618,MEDIUM,0
TX00776,ACC743,ACC657,15391,2026-09-04 10:01:55.882618,HIGH,0
TX00777,ACC702,ACC191,12447,2026-09-04 10:00:55.882618,MEDIUM,0
TX00778,ACC419,ACC358,7699,2026-09-04 09:59:55.882618,LOW,0
TX00779,ACC946,ACC583,4763,2026-09-04 09:58:55.882618,LOW,0
TX00780,ACC312,ACC168,14248,2026-09-04 09:57:55.882618,MEDIUM,0
TX00781,ACC897,ACC955,3218,2026-09-04 09:56:55.882618,LOW,0
TX00782,ACC952,ACC551,18328,2026-09-04 09:55:55.882618,HIGH,0
TX00783,ACC205,ACC952,7638,2026-09-04 09:54:55.882618,LOW,0
TX00784,ACC168,ACC520,6866,2026-09-04 09:53:55.882618,LOW,0
TX00785,ACC624,ACC944,9655,2026-09-04 09:52:55.882618,MEDIUM,0
TX00786,ACC971,ACC131,15392,2026-09-04 09:51:55.882618,HIGH,0
TX00787,ACC171,ACC294,17087,2026-09-04 09:50:55.882618,HIGH,0
TX00788,ACC438,ACC359,13459,2026-09-04 09:49:55.882618,MEDIUM,0
TX00789,ACC414,ACC156,9923,2026-09-04 09:48:55.882618,MEDIUM,0
TX00790,ACC955,ACC480,7998,2026-09-04 09:47:55.882618,LOW,0
TX00791,ACC690,ACC718,6837,2026-09-04 09:46:55.882618,LOW,0
TX00792,ACC404,ACC298,13877,2026-09-04 09:45:55.882618,MEDIUM,0
TX00793,ACC990,ACC956,7920,2026-09-04 09:44:55.882618,LOW,0
TX00794,ACC107,ACC593,11317,2026-09-04 09:43:55.882618,MEDIUM,0
TX00795,ACC134,ACC271,4898,2026-09-04 09:42:55.882618,LOW,0
TX00796,ACC469,ACC484,12185,2026-09-04 09:41:55.882618,MEDIUM,0
TX00797,ACC469,ACC194,18379,2026-09-04 09:40:55.882618,HIGH,1
TX00798,ACC292,ACC881,3564,2026-09-04 09:39:55.882618,LOW,0
TX00799,ACC635,ACC256,11723,2026-09-04 09:38:55.882618,MEDIUM,0
TX00800,ACC137,ACC949,14039,2026-09-04 09:37:55.882618,MEDIUM,0
TX00801,ACC267,ACC170,8022,2026-09-04 09:36:55.882618,MEDIUM,0
TX00802,ACC838,ACC472,17000,2026-09-04 09:35:55.882618,HIGH,1
TX00803,ACC105,ACC116,9774,2026-09-04 09:34:55.882618,MEDIUM,0
TX00804,ACC153,ACC863,13511,2026-09-04 09:33:55.882618,MEDIUM,0
TX00805,ACC240,ACC731,9130,2026-09-04 09:32:55.882618,MEDIUM,0
TX00806,ACC844,ACC646,15516,2026-09-04 09:31:55.882618,HIGH,1
TX00807,ACC435,ACC798,12343,2026-09-04 09:30:55.882618,MEDIUM,0
TX00808,ACC861,ACC194,3200,2026-09-04 09:29:55.882618,LOW,0
TX00809,ACC209,ACC567,13286,2026-09-04 09:28:55.882618,MEDIUM,0
TX00810,ACC504,ACC961,7476,2026-09-04 09:27:55.882618,LOW,0
TX00811,ACC173,ACC651,8897,2026-09-04 09:26:55.882618,MEDIUM,0
TX00812,ACC173,ACC270,16293,2026-09-04 09:25:55.882618,HIGH,0
TX00813,ACC403,ACC811,3803,2026-09-04 09:24:55.882618,LOW,0
TX00814,ACC919,ACC312,18756,2026-09-04 09:23:55.882618,HIGH,1
TX00815,ACC626,ACC896,9837,2026-09-04 09:22:55.882618,MEDIUM,0
TX00816,ACC786,ACC116,14264,2026-09-04 09:21:55.882618,MEDIUM,0
TX00817,ACC279,ACC943,18183,2026-09-04 09:20:55.882618,HIGH,1
TX00818,ACC871,ACC936,11120,2026-09-04 09:19:55.882618,MEDIUM,0
TX00819,ACC141,ACC373,18166,2026-09-04 09:18:55.882618,HIGH,1
TX00820,ACC311,ACC550,10264,2026-09-04 09:17:55.882618,MEDIUM,0
TX00821,ACC177,ACC761,4224,2026-09-04 09:16:55.882618,LOW,0
TX00822,ACC680,ACC451,10966,2026-09-04 09:15:55.882618,MEDIUM,0
TX00823,ACC193,ACC632,10677,2026-09-04 09:14:55.882618,MEDIUM,0
TX00824,ACC718,ACC616,11776,2026-09-04 09:13:55.882618,MEDIUM,0
TX00825,ACC726,ACC886,5572,2026-09-04 09:12:55.882618,LOW,0
TX00826,ACC798,ACC527,12439,2026-09-04 09:11:55.882618,MEDIUM,0
TX00827,ACC102,ACC504,748,2026-09-04 09:10:55.882618,LOW,0
TX00828,ACC673,ACC169,1059,2026-09-04 09:09:55.882618,LOW,0
TX00829,ACC956,ACC852,8720,2026-09-04 09:08:55.882618,MEDIUM,0
TX00830,ACC601,ACC884,19228,2026-09-04 09:07:55.882618,HIGH,1
TX00831,ACC201,ACC131,7451,2026-09-04 09:06:55.882618,LOW,0
TX00832,ACC959,ACC207,375,2026-09-04 09:05:55.882618,LOW,0
TX00833,ACC339,ACC811,802,2026-09-04 09:04:55.882618,LOW,0
TX00834,ACC471,ACC866,15618,2026-09-04 09:03:55.882618,HIGH,1
TX00835,ACC645,ACC271,18931,2026-09-04 09:02:55.882618,HIGH,0
TX00836,ACC608,ACC906,18660,2026-09-04 09:01:55.882618,HIGH,0
TX00837,ACC776,ACC882,12292,2026-09-04 09:00:55.882618,MEDIUM,0
TX00838,ACC963,ACC694,14392,2026-09-04 08:59:55.882618,MEDIUM,0
TX00839,ACC664,ACC346,17352,2026-09-04 08:58:55.882618,HIGH,1
TX00840,ACC918,ACC668,12546,2026-09-04 08:57:55.882618,MEDIUM,0
TX00841,ACC381,ACC212,14095,2026-09-04 08:56:55.882618,MEDIUM,0
TX00842,ACC616,ACC970,10343,2026-09-04 08:55:55.882618,MEDIUM,0
TX00843,ACC166,ACC551,8487,2026-09-04 08:54:55.882618,MEDIUM,0
TX00844,ACC966,ACC954,5193,2026-09-04 08:53:55.882618,LOW,0
TX00845,ACC930,ACC348,9195,2026-09-04 08:52:55.882618,MEDIUM,0
TX00846,ACC141,ACC489,10272,2026-09-04 08:51:55.882618,MEDIUM,0
TX00847,ACC483,ACC903,2488,2026-09-04 08:50:55.882618,LOW,0
TX00848,ACC781,ACC942,2406,2026-09-04 08:49:55.882618,LOW,0
TX00849,ACC954,ACC536,14533,2026-09-04 08:48:55.882618,MEDIUM,0
TX00850,ACC345,ACC955,7999,2026-09-04 08:47:55.882618,LOW,0
TX00851,ACC657,ACC698,8579,2026-09-04 08:46:55.882618,MEDIUM,0
TX00852,ACC444,ACC150,7493,2026-09-04 08:45:55.882618,LOW,0
TX00853,ACC364,ACC418,5058,2026-09-04 08:44:55.882618,LOW,0
TX00854,ACC484,ACC345,7563,2026-09-04 08:43:55.882618,LOW,0
TX00855,ACC723,ACC186,3264,2026-09-04 08:42:55.882618,LOW,0
TX00856,ACC367,ACC708,15885,2026-09-04 08:41:55.882618,HIGH,1
TX00857,ACC882,ACC356,4065,2026-09-04 08:40:55.882618,LOW,0
TX00858,ACC968,ACC426,1445,2026-09-04 08:39:55.882618,LOW,0
TX00859,ACC375,ACC920,18921,2026-09-04 08:38:55.882618,HIGH,0
TX00860,ACC408,ACC323,5096,2026-09-04 08:37:55.882618,LOW,0
TX00861,ACC730,ACC636,16833,2026-09-04 08:36:55.882618,HIGH,0
TX00862,ACC212,ACC297,6094,2026-09-04 08:35:55.882618,LOW,0
TX00863,ACC609,ACC181,11751,2026-09-04 08:34:55.882618,MEDIUM,0
TX00864,ACC104,ACC640,13609,2026-09-04 08:33:55.882618,MEDIUM,0
TX00865,ACC665,ACC831,19564,2026-09-04 08:32:55.882618,HIGH,1
TX00866,ACC712,ACC861,6296,2026-09-04 08:31:55.882618,LOW,0
TX00867,ACC463,ACC582,5862,2026-09-04 08:30:55.882618,LOW,0
TX00868,ACC262,ACC638,11385,2026-09-04 08:29:55.882618,MEDIUM,0
TX00869,ACC172,ACC355,3756,2026-09-04 08:28:55.882618,LOW,0
TX00870,ACC210,ACC605,1484,2026-09-04 08:27:55.882618,LOW,0
TX00871,ACC678,ACC313,15332,2026-09-04 08:26:55.882618,HIGH,0
TX00872,ACC762,ACC236,13843,2026-09-04 08:25:55.882618,MEDIUM,0
TX00873,ACC886,ACC800,11319,2026-09-04 08:24:55.882618,MEDIUM,0
TX00874,ACC968,ACC981,318,2026-09-04 08:23:55.882618,LOW,0
TX00875,ACC748,ACC638,14046,2026-09-04 08:22:55.882618,MEDIUM,0
TX00876,ACC996,ACC335,7811,2026-09-04 08:21:55.882618,LOW,0
TX00877,ACC615,ACC669,9341,2026-09-04 08:20:55.882618,MEDIUM,0
TX00878,ACC809,ACC654,7514,2026-09-04 08:19:55.882618,LOW,0
TX00879,ACC460,ACC475,10096,2026-09-04 08:18:55.882618,MEDIUM,0
TX00880,ACC434,ACC872,18765,2026-09-04 08:17:55.882618,HIGH,0
TX00881,ACC896,ACC597,13919,2026-09-04 08:16:55.882618,MEDIUM,0
TX00882,ACC195,ACC288,5189,2026-09-04 08:15:55.882618,LOW,0
TX00883,ACC792,ACC887,13199,2026-09-04 08:14:55.882618,MEDIUM,0
TX00884,ACC782,ACC142,10091,2026-09-04 08:13:55.882618,MEDIUM,0
TX00885,ACC778,ACC607,5159,2026-09-04 08:12:55.882618,LOW,0
TX00886,ACC670,ACC203,15396,2026-09-04 08:11:55.882618,HIGH,1
TX00887,ACC560,ACC715,1119,2026-09-04 08:10:55.882618,LOW,0
TX00888,ACC329,ACC357,12680,2026-09-04 08:09:55.882618,MEDIUM,0
TX00889,ACC100,ACC410,1766,2026-09-04 08:08:55.882618,LOW,0
TX00890,ACC702,ACC886,11669,2026-09-04 08:07:55.882618,MEDIUM,0
TX00891,ACC822,ACC962,16343,2026-09-04 08:06:55.882618,HIGH,1
TX00892,ACC205,ACC499,12901,2026-09-04 08:05:55.882618,MEDIUM,0
TX00893,ACC542,ACC677,3333,2026-09-04 08:04:55.882618,LOW,0
TX00894,ACC306,ACC364,7277,2026-09-04 08:03:55.882618,LOW,0
TX00895,ACC969,ACC134,8640,2026-09-04 08:02:55.882618,MEDIUM,0
TX00896,ACC722,ACC645,9714,2026-09-04 08:01:55.882618,MEDIUM,0
TX00897,ACC127,ACC895,18629,2026-09-04 08:00:55.882618,HIGH,0
TX00898,ACC350,ACC449,1822,2026-09-04 07:59:55.882618,LOW,0
TX00899,ACC904,ACC660,4451,2026-09-04 07:58:55.882618,LOW,0
TX00900,ACC974,ACC687,18827,2026-09-04 07:57:55.882618,HIGH,0
TX00901,ACC920,ACC853,2115,2026-09-04 07:56:55.882618,LOW,0
TX00902,ACC734,ACC990,17288,2026-09-04 07:55:55.882618,HIGH,1
TX00903,ACC726,ACC155,7207,2026-09-04 07:54:55.882618,LOW,0
TX00904,ACC640,ACC357,7482,2026-09-04 07:53:55.882618,LOW,0
TX00905,ACC793,ACC794,11979,2026-09-04 07:52:55.882618,MEDIUM,0
TX00906,ACC656,ACC601,6065,2026-09-04 07:51:55.882618,LOW,0
TX00907,ACC537,ACC878,955,2026-09-04 07:50:55.882618,LOW,0
TX00908,ACC134,ACC157,19791,2026-09-04 07:49:55.882618,HIGH,0
TX00909,ACC218,ACC416,2175,2026-09-04 07:48:55.882618,LOW,0
TX00910,ACC603,ACC759,14845,2026-09-04 07:47:55.882618,MEDIUM,0
TX00911,ACC519,ACC342,19012,2026-09-04 07:46:55.882618,HIGH,1
TX00912,ACC986,ACC602,5302,2026-09-04 07:45:55.882618,LOW,0
TX00913,ACC573,ACC885,9487,2026-09-04 07:44:55.882618,MEDIUM,0
TX00914,ACC696,ACC704,13678,2026-09-04 07:43:55.882618,MEDIUM,0
TX00915,ACC595,ACC761,19780,2026-09-04 07:42:55.882618,HIGH,1
TX00916,ACC228,ACC286,7706,2026-09-04 07:41:55.882618,LOW,0
TX00917,ACC155,ACC859,5315,2026-09-04 07:40:55.882618,LOW,0
TX00918,ACC601,ACC889,13653,2026-09-04 07:39:55.882618,MEDIUM,0
TX00919,ACC198,ACC471,15967,2026-09-04 07:38:55.882618,HIGH,0
TX00920,ACC559,ACC751,15091,2026-09-04 07:37:55.882618,HIGH,0
TX00921,ACC937,ACC708,6009,2026-09-04 07:36:55.882618,LOW,0
TX00922,ACC357,ACC676,5945,2026-09-04 07:35:55.882618,LOW,0
TX00923,ACC488,ACC449,4403,2026-09-04 07:34:55.882618,LOW,0
TX00924,ACC756,ACC234,8671,2026-09-04 07:33:55.882618,MEDIUM,0
TX00925,ACC190,ACC149,17419,2026-09-04 07:32:55.882618,HIGH,1
TX00926,ACC617,ACC766,6872,2026-09-04 07:31:55.882618,LOW,0
TX00927,ACC375,ACC571,16274,2026-09-04 07:30:55.882618,HIGH,1
TX00928,ACC245,ACC773,14258,2026-09-04 07:29:55.882618,MEDIUM,0
TX00929,ACC989,ACC116,6565,2026-09-04 07:28:55.882618,LOW,0
TX00930,ACC401,ACC840,11351,2026-09-04 07:27:55.882618,MEDIUM,0
TX00931,ACC169,ACC860,16062,2026-09-04 07:26:55.882618,HIGH,0
TX00932,ACC925,ACC143,18268,2026-09-04 07:25:55.882618,HIGH,0
TX00933,ACC160,ACC986,9922,2026-09-04 07:24:55.882618,MEDIUM,0
TX00934,ACC198,ACC436,15759,2026-09-04 07:23:55.882618,HIGH,1
TX00935,ACC610,ACC872,9873,2026-09-04 07:22:55.882618,MEDIUM,0
TX00936,ACC139,ACC935,6980,2026-09-04 07:21:55.882618,LOW,0
TX00937,ACC869,ACC569,153,2026-09-04 07:20:55.882618,LOW,0
TX00938,ACC229,ACC204,12633,2026-09-04 07:19:55.882618,MEDIUM,0
TX00939,ACC392,ACC682,16458,2026-09-04 07:18:55.882618,HIGH,1
TX00940,ACC555,ACC138,12302,2026-09-04 07:17:55.882618,MEDIUM,0
TX00941,ACC739,ACC516,3541,2026-09-04 07:16:55.882618,LOW,0
TX00942,ACC802,ACC928,4886,2026-09-04 07:15:55.882618,LOW,0
TX00943,ACC139,ACC702,5239,2026-09-04 07:14:55.882618,LOW,0
TX00944,ACC692,ACC803,9819,2026-09-04 07:13:55.882618,MEDIUM,0
TX00945,ACC505,ACC766,8301,2026-09-04 07:12:55.882618,MEDIUM,0
TX00946,ACC934,ACC792,14426,2026-09-04 07:11:55.882618,MEDIUM,0
TX00947,ACC821,ACC981,3516,2026-09-04 07:10:55.882618,LOW,0
TX00948,ACC108,ACC715,6976,2026-09-04 07:09:55.882618,LOW,0
TX00949,ACC742,ACC376,16831,2026-09-04 07:08:55.882618,HIGH,1
TX00950,ACC959,ACC110,18538,2026-09-04 07:07:55.882618,HIGH,0
TX00951,ACC846,ACC224,18799,2026-09-04 07:06:55.882618,HIGH,1
TX00952,ACC867,ACC780,16872,2026-09-04 07:05:55.882618,HIGH,1
TX00953,ACC861,ACC715,6863,2026-09-04 07:04:55.882618,LOW,0
TX00954,ACC382,ACC611,13262,2026-09-04 07:03:55.882618,MEDIUM,0
TX00955,ACC358,ACC739,8421,2026-09-04 07:02:55.882618,MEDIUM,0
TX00956,ACC470,ACC297,7790,2026-09-04 07:01:55.882618,LOW,0
TX00957,ACC357,ACC260,4672,2026-09-04 07:00:55.882618,LOW,0
TX00958,ACC880,ACC625,9997,2026-09-04 06:59:55.882618,MEDIUM,0
TX00959,ACC865,ACC788,11319,2026-09-04 06:58:55.882618,MEDIUM,0
TX00960,ACC124,ACC594,13739,2026-09-04 06:57:55.882618,MEDIUM,0
TX00961,ACC316,ACC980,15172,2026-09-04 06:56:55.882618,HIGH,0
TX00962,ACC423,ACC424,11921,2026-09-04 06:55:55.882618,MEDIUM,0
TX00963,ACC575,ACC127,18002,2026-09-04 06:54:55.882618,HIGH,1
TX00964,ACC921,ACC401,7809,2026-09-04 06:53:55.882618,LOW,0
TX00965,ACC903,ACC768,16062,2026-09-04 06:52:55.882618,HIGH,1
TX00966,ACC313,ACC449,397,2026-09-04 06:51:55.882618,LOW,0
TX00967,ACC748,ACC173,3491,2026-09-04 06:50:55.882618,LOW,0
TX00968,ACC588,ACC723,2592,2026-09-04 06:49:55.882618,LOW,0
TX00969,ACC372,ACC854,4877,2026-09-04 06:48:55.882618,LOW,0
TX00970,ACC266,ACC829,4240,2026-09-04 06:47:55.882618,LOW,0
TX00971,ACC625,ACC995,7323,2026-09-04 06:46:55.882618,LOW,0
TX00972,ACC536,ACC976,4620,2026-09-04 06:45:55.882618,LOW,0
TX00973,ACC537,ACC229,12925,2026-09-04 06:44:55.882618,MEDIUM,0
TX00974,ACC518,ACC150,2274,2026-09-04 06:43:55.882618,LOW,0
TX00975,ACC460,ACC762,11400,2026-09-04 06:42:55.882618,MEDIUM,0
TX00976,ACC819,ACC305,2404,2026-09-04 06:41:55.882618,LOW,0
TX00977,ACC488,ACC380,13156,2026-09-04 06:40:55.882618,MEDIUM,0
TX00978,ACC489,ACC324,8016,2026-09-04 06:39:55.882618,MEDIUM,0
TX00979,ACC921,ACC186,6185,2026-09-04 06:38:55.882618,LOW,0
TX00980,ACC509,ACC418,17354,2026-09-04 06:37:55.882618,HIGH,1
TX00981,ACC301,ACC492,12582,2026-09-04 06:36:55.882618,MEDIUM,0
TX00982,ACC661,ACC463,12786,2026-09-04 06:35:55.882618,MEDIUM,0
TX00983,ACC301,ACC424,16704,2026-09-04 06:34:55.882618,HIGH,1
TX00984,ACC183,ACC293,13256,2026-09-04 06:33:55.882618,MEDIUM,0
TX00985,ACC992,ACC207,16020,2026-09-04 06:32:55.882618,HIGH,0
TX00986,ACC561,ACC438,17001,2026-09-04 06:31:55.882618,HIGH,1
TX00987,ACC856,ACC287,13031,2026-09-04 06:30:55.882618,MEDIUM,0
TX00988,ACC444,ACC466,11642,2026-09-04 06:29:55.882618,MEDIUM,0
TX00989,ACC923,ACC356,17449,2026-09-04 06:28:55.882618,HIGH,0
TX00990,ACC135,ACC183,2610,2026-09-04 06:27:55.882618,LOW,0
TX00991,ACC365,ACC163,7562,2026-09-04 06:26:55.882618,LOW,0
TX00992,ACC791,ACC442,12390,2026-09-04 06:25:55.882618,MEDIUM,0
TX00993,ACC558,ACC325,7273,2026-09-04 06:24:55.882618,LOW,0
TX00994,ACC783,ACC716,8827,2026-09-04 06:23:55.882618,MEDIUM,0
TX00995,ACC583,ACC706,19314,2026-09-04 06:22:55.882618,HIGH,0
TX00996,ACC421,ACC116,10816,2026-09-04 06:21:55.882618,MEDIUM,0
TX00997,ACC809,ACC622,19398,2026-09-04 06:20:55.882618,HIGH,0
TX00998,ACC684,ACC510,12990,2026-09-04 06:19:55.882618,MEDIUM,0
TX00999,ACC307,ACC265,19364,2026-09-04 06:18:55.882618,HIGH,1
TX01000,ACC490,ACC808,13282,2026-09-04 06:17:55.882618,MEDIUM,0
TX01001,ACC568,ACC499,898,2026-09-04 06:16:55.882618,LOW,0
TX01002,ACC256,ACC478,16324,2026-09-04 06:15:55.882618,HIGH,0
TX01003,ACC321,ACC375,18246,2026-09-04 06:14:55.882618,HIGH,1
TX01004,ACC982,ACC922,15860,2026-09-04 06:13:55.882618,HIGH,0
TX01005,ACC779,ACC837,12143,2026-09-04 06:12:55.882618,MEDIUM,0
TX01006,ACC280,ACC382,949,2026-09-04 06:11:55.882618,LOW,0
TX01007,ACC464,ACC605,7711,2026-09-04 06:10:55.882618,LOW,0
TX01008,ACC729,ACC857,10683,2026-09-04 06:09:55.882618,MEDIUM,0
TX01009,ACC969,ACC905,19103,2026-09-04 06:08:55.882618,HIGH,1
TX01010,ACC852,ACC537,11427,2026-09-04 06:07:55.882618,MEDIUM,0
TX01011,ACC474,ACC649,13265,2026-09-04 06:06:55.882618,MEDIUM,0
TX01012,ACC561,ACC720,471,2026-09-04 06:05:55.882618,LOW,0
TX01013,ACC154,ACC991,15291,2026-09-04 06:04:55.882618,HIGH,1
TX01014,ACC112,ACC843,10425,2026-09-04 06:03:55.882618,MEDIUM,0
TX01015,ACC327,ACC243,10553,2026-09-04 06:02:55.882618,MEDIUM,0
TX01016,ACC941,ACC807,12362,2026-09-04 06:01:55.882618,MEDIUM,0
TX01017,ACC705,ACC863,3275,2026-09-04 06:00:55.882618,LOW,0
TX01018,ACC611,ACC338,9837,2026-09-04 05:59:55.882618,MEDIUM,0
TX01019,ACC976,ACC681,6536,2026-09-04 05:58:55.882618,LOW,0
TX01020,ACC220,ACC886,1509,2026-09-04 05:57:55.882618,LOW,0
TX01021,ACC850,ACC460,19928,2026-09-04 05:56:55.882618,HIGH,1
TX01022,ACC947,ACC486,716,2026-09-04 05:55:55.882618,LOW,0
TX01023,ACC987,ACC767,18907,2026-09-04 05:54:55.882618,HIGH,1
TX01024,ACC503,ACC586,18270,2026-09-04 05:53:55.882618,HIGH,1
TX01025,ACC625,ACC364,16671,2026-09-04 05:52:55.882618,HIGH,1
TX01026,ACC449,ACC380,4385,2026-09-04 05:51:55.882618,LOW,0
TX01027,ACC342,ACC406,668,2026-09-04 05:50:55.882618,LOW,0
TX01028,ACC751,ACC929,15588,2026-09-04 05:49:55.882618,HIGH,1
TX01029,ACC823,ACC143,19843,2026-09-04 05:48:55.882618,HIGH,0
TX01030,ACC660,ACC464,11826,2026-09-04 05:47:55.882618,MEDIUM,0
TX01031,ACC923,ACC561,10926,2026-09-04 05:46:55.882618,MEDIUM,0
TX01032,ACC118,ACC162,11686,2026-09-04 05:45:55.882618,MEDIUM,0
TX01033,ACC233,ACC319,5802,2026-09-04 05:44:55.882618,LOW,0
TX01034,ACC245,ACC109,11631,2026-09-04 05:43:55.882618,MEDIUM,0
TX01035,ACC780,ACC479,16075,2026-09-04 05:42:55.882618,HIGH,0
TX01036,ACC168,ACC961,2129,2026-09-04 05:41:55.882618,LOW,0
TX01037,ACC445,ACC883,12411,2026-09-04 05:40:55.882618,MEDIUM,0
TX01038,ACC184,ACC131,6666,2026-09-04 05:39:55.882618,LOW,0
TX01039,ACC526,ACC873,17762,2026-09-04 05:38:55.882618,HIGH,1
TX01040,ACC979,ACC552,749,2026-09-04 05:37:55.882618,LOW,0
TX01041,ACC932,ACC687,4027,2026-09-04 05:36:55.882618,LOW,0
TX01042,ACC738,ACC175,17956,2026-09-04 05:35:55.882618,HIGH,1
TX01043,ACC727,ACC697,9135,2026-09-04 05:34:55.882618,MEDIUM,0
TX01044,ACC260,ACC680,14403,2026-09-04 05:33:55.882618,MEDIUM,0
TX01045,ACC273,ACC340,2591,2026-09-04 05:32:55.882618,LOW,0
TX01046,ACC117,ACC345,15260,2026-09-04 05:31:55.882618,HIGH,1
TX01047,ACC167,ACC315,11755,2026-09-04 05:30:55.882618,MEDIUM,0
TX01048,ACC704,ACC235,3564,2026-09-04 05:29:55.882618,LOW,0
TX01049,ACC726,ACC167,1049,2026-09-04 05:28:55.882618,LOW,0
TX01050,ACC349,ACC290,16399,2026-09-04 05:27:55.882618,HIGH,1
TX01051,ACC392,ACC733,300,2026-09-04 05:26:55.882618,LOW,0
TX01052,ACC973,ACC366,9658,2026-09-04 05:25:55.882618,MEDIUM,0
TX01053,ACC242,ACC260,8900,2026-09-04 05:24:55.882618,MEDIUM,0
TX01054,ACC971,ACC334,8490,2026-09-04 05:23:55.882618,MEDIUM,0
TX01055,ACC780,ACC713,5100,2026-09-04 05:22:55.882618,LOW,0
TX01056,ACC524,ACC362,5425,2026-09-04 05:21:55.882618,LOW,0
TX01057,ACC908,ACC434,9423,2026-09-04 05:20:55.882618,MEDIUM,0
TX01058,ACC251,ACC978,2996,2026-09-04 05:19:55.882618,LOW,0
TX01059,ACC500,ACC549,7505,2026-09-04 05:18:55.882618,LOW,0
TX01060,ACC940,ACC721,5173,2026-09-04 05:17:55.882618,LOW,0
TX01061,ACC211,ACC894,12807,2026-09-04 05:16:55.882618,MEDIUM,0
TX01062,ACC629,ACC724,16990,2026-09-04 05:15:55.882618,HIGH,0
TX01063,ACC365,ACC904,10312,2026-09-04 05:14:55.882618,MEDIUM,0
TX01064,ACC502,ACC897,17781,2026-09-04 05:13:55.882618,HIGH,0
TX01065,ACC519,ACC175,14174,2026-09-04 05:12:55.882618,MEDIUM,0
TX01066,ACC404,ACC690,8520,2026-09-04 05:11:55.882618,MEDIUM,0
TX01067,ACC180,ACC563,6507,2026-09-04 05:10:55.882618,LOW,0
TX01068,ACC388,ACC269,18023,2026-09-04 05:09:55.882618,HIGH,1
TX01069,ACC870,ACC499,17228,2026-09-04 05:08:55.882618,HIGH,1
TX01070,ACC416,ACC683,16034,2026-09-04 05:07:55.882618,HIGH,1
TX01071,ACC376,ACC329,3122,2026-09-04 05:06:55.882618,LOW,0
TX01072,ACC344,ACC635,11005,2026-09-04 05:05:55.882618,MEDIUM,0
TX01073,ACC515,ACC518,651,2026-09-04 05:04:55.882618,LOW,0
TX01074,ACC849,ACC406,11777,2026-09-04 05:03:55.882618,MEDIUM,0
TX01075,ACC948,ACC452,14586,2026-09-04 05:02:55.882618,MEDIUM,0
TX01076,ACC313,ACC533,6758,2026-09-04 05:01:55.882618,LOW,0
TX01077,ACC526,ACC592,11915,2026-09-04 05:00:55.882618,MEDIUM,0
TX01078,ACC547,ACC513,4831,2026-09-04 04:59:55.882618,LOW,0
TX01079,ACC994,ACC795,14683,2026-09-04 04:58:55.882618,MEDIUM,0
TX01080,ACC443,ACC463,6594,2026-09-04 04:57:55.882618,LOW,0
TX01081,ACC803,ACC641,17216,2026-09-04 04:56:55.882618,HIGH,0
TX01082,ACC826,ACC614,7601,2026-09-04 04:55:55.882618,LOW,0
TX01083,ACC399,ACC121,18454,2026-09-04 04:54:55.882618,HIGH,0
TX01084,ACC495,ACC346,1731,2026-09-04 04:53:55.882618,LOW,0
TX01085,ACC893,ACC973,4369,2026-09-04 04:52:55.882618,LOW,0
TX01086,ACC699,ACC973,5444,2026-09-04 04:51:55.882618,LOW,0
TX01087,ACC120,ACC844,310,2026-09-04 04:50:55.882618,LOW,0
TX01088,ACC709,ACC848,5985,2026-09-04 04:49:55.882618,LOW,0
TX01089,ACC744,ACC803,8982,2026-09-04 04:48:55.882618,MEDIUM,0
TX01090,ACC607,ACC914,4032,2026-09-04 04:47:55.882618,LOW,0
TX01091,ACC756,ACC101,14216,2026-09-04 04:46:55.882618,MEDIUM,0
TX01092,ACC191,ACC452,10877,2026-09-04 04:45:55.882618,MEDIUM,0
TX01093,ACC567,ACC352,9598,2026-09-04 04:44:55.882618,MEDIUM,0
TX01094,ACC621,ACC451,6967,2026-09-04 04:43:55.882618,LOW,0
TX01095,ACC214,ACC205,3541,2026-09-04 04:42:55.882618,LOW,0
TX01096,ACC629,ACC634,7253,2026-09-04 04:41:55.882618,LOW,0
TX01097,ACC863,ACC729,17043,2026-09-04 04:40:55.882618,HIGH,0
TX01098,ACC183,ACC146,8437,2026-09-04 04:39:55.882618,MEDIUM,0
TX01099,ACC826,ACC384,15687,2026-09-04 04:38:55.882618,HIGH,0
TX01100,ACC395,ACC794,13421,2026-09-04 04:37:55.882618,MEDIUM,0
TX01101,ACC435,ACC611,4657,2026-09-04 04:36:55.882618,LOW,0
TX01102,ACC305,ACC827,4582,2026-09-04 04:35:55.882618,LOW,0
TX01103,ACC561,ACC670,11044,2026-09-04 04:34:55.882618,MEDIUM,0
TX01104,ACC689,ACC286,9006,2026-09-04 04:33:55.882618,MEDIUM,0
TX01105,ACC887,ACC104,13880,2026-09-04 04:32:55.882618,MEDIUM,0
TX01106,ACC958,ACC828,565,2026-09-04 04:31:55.882618,LOW,0
TX01107,ACC707,ACC375,8930,2026-09-04 04:30:55.882618,MEDIUM,0
TX01108,ACC686,ACC187,8902,2026-09-04 04:29:55.882618,MEDIUM,0
TX01109,ACC977,ACC357,15388,2026-09-04 04:28:55.882618,HIGH,1
TX01110,ACC973,ACC990,7778,2026-09-04 04:27:55.882618,LOW,0
TX01111,ACC527,ACC370,10990,2026-09-04 04:26:55.882618,MEDIUM,0
TX01112,ACC971,ACC435,16894,2026-09-04 04:25:55.882618,HIGH,0
TX01113,ACC675,ACC100,2945,2026-09-04 04:24:55.882618,LOW,0
TX01114,ACC145,ACC480,18571,2026-09-04 04:23:55.882618,HIGH,0
TX01115,ACC898,ACC352,19634,2026-09-04 04:22:55.882618,HIGH,0
TX01116,ACC184,ACC467,15244,2026-09-04 04:21:55.882618,HIGH,1
TX01117,ACC395,ACC153,17154,2026-09-04 04:20:55.882618,HIGH,0
TX01118,ACC194,ACC786,14557,2026-09-04 04:19:55.882618,MEDIUM,0
TX01119,ACC391,ACC677,16038,2026-09-04 04:18:55.882618,HIGH,1
TX01120,ACC564,ACC438,7302,2026-09-04 04:17:55.882618,LOW,0
TX01121,ACC257,ACC599,3387,2026-09-04 04:16:55.882618,LOW,0
TX01122,ACC771,ACC551,219,2026-09-04 04:15:55.882618,LOW,0
TX01123,ACC673,ACC929,8825,2026-09-04 04:14:55.882618,MEDIUM,0
TX01124,ACC850,ACC632,14483,2026-09-04 04:13:55.882618,MEDIUM,0
TX01125,ACC924,ACC607,15982,2026-09-04 04:12:55.882618,HIGH,1
TX01126,ACC611,ACC710,8198,2026-09-04 04:11:55.882618,MEDIUM,0
TX01127,ACC408,ACC838,7747,2026-09-04 04:10:55.882618,LOW,0
TX01128,ACC262,ACC230,3004,2026-09-04 04:09:55.882618,LOW,0
TX01129,ACC235,ACC172,19108,2026-09-04 04:08:55.882618,HIGH,0
TX01130,ACC677,ACC288,4918,2026-09-04 04:07:55.882618,LOW,0
TX01131,ACC446,ACC395,16210,2026-09-04 04:06:55.882618,HIGH,0
TX01132,ACC117,ACC226,18691,2026-09-04 04:05:55.882618,HIGH,1
TX01133,ACC310,ACC606,6017,2026-09-04 04:04:55.882618,LOW,0
TX01134,ACC934,ACC138,9439,2026-09-04 04:03:55.882618,MEDIUM,0
TX01135,ACC552,ACC396,3595,2026-09-04 04:02:55.882618,LOW,0
TX01136,ACC310,ACC461,10441,2026-09-04 04:01:55.882618,MEDIUM,0
TX01137,ACC185,ACC931,2792,2026-09-04 04:00:55.882618,LOW,0
TX01138,ACC194,ACC596,12989,2026-09-04 03:59:55.882618,MEDIUM,0
TX01139,ACC696,ACC640,6081,2026-09-04 03:58:55.882618,LOW,0
TX01140,ACC858,ACC851,6616,2026-09-04 03:57:55.882618,LOW,0
TX01141,ACC818,ACC161,4527,2026-09-04 03:56:55.882618,LOW,0
TX01142,ACC373,ACC886,2986,2026-09-04 03:55:55.882618,LOW,0
TX01143,ACC279,ACC606,12790,2026-09-04 03:54:55.882618,MEDIUM,0
TX01144,ACC660,ACC842,13606,2026-09-04 03:53:55.882618,MEDIUM,0
TX01145,ACC385,ACC584,1706,2026-09-04 03:52:55.882618,LOW,0
TX01146,ACC802,ACC400,4810,2026-09-04 03:51:55.882618,LOW,0
TX01147,ACC632,ACC911,15428,2026-09-04 03:50:55.882618,HIGH,0
TX01148,ACC524,ACC609,9644,2026-09-04 03:49:55.882618,MEDIUM,0
TX01149,ACC261,ACC488,6059,2026-09-04 03:48:55.882618,LOW,0
TX01150,ACC522,ACC939,14587,2026-09-04 03:47:55.882618,MEDIUM,0
TX01151,ACC761,ACC564,15739,2026-09-04 03:46:55.882618,HIGH,1
TX01152,ACC724,ACC981,13711,2026-09-04 03:45:55.882618,MEDIUM,0
TX01153,ACC442,ACC932,8695,2026-09-04 03:44:55.882618,MEDIUM,0
TX01154,ACC760,ACC154,1024,2026-09-04 03:43:55.882618,LOW,0
TX01155,ACC389,ACC425,3921,2026-09-04 03:42:55.882618,LOW,0
TX01156,ACC542,ACC137,4827,2026-09-04 03:41:55.882618,LOW,0
TX01157,ACC861,ACC375,4251,2026-09-04 03:40:55.882618,LOW,0
TX01158,ACC874,ACC497,3849,2026-09-04 03:39:55.882618,LOW,0
TX01159,ACC355,ACC960,14951,2026-09-04 03:38:55.882618,MEDIUM,0
TX01160,ACC663,ACC129,8007,2026-09-04 03:37:55.882618,MEDIUM,0
TX01161,ACC137,ACC124,8346,2026-09-04 03:36:55.882618,MEDIUM,0
TX01162,ACC993,ACC439,5854,2026-09-04 03:35:55.882618,LOW,0
TX01163,ACC372,ACC899,2193,2026-09-04 03:34:55.882618,LOW,0
TX01164,ACC523,ACC987,18186,2026-09-04 03:33:55.882618,HIGH,0
TX01165,ACC769,ACC867,6492,2026-09-04 03:32:55.882618,LOW,0
TX01166,ACC504,ACC833,11352,2026-09-04 03:31:55.882618,MEDIUM,0
TX01167,ACC544,ACC603,17340,2026-09-04 03:30:55.882618,HIGH,1
TX01168,ACC787,ACC917,15768,2026-09-04 03:29:55.882618,HIGH,0
TX01169,ACC175,ACC781,9996,2026-09-04 03:28:55.882618,MEDIUM,0
TX01170,ACC772,ACC208,17010,2026-09-04 03:27:55.882618,HIGH,0
TX01171,ACC643,ACC596,5359,2026-09-04 03:26:55.882618,LOW,0
TX01172,ACC395,ACC107,7381,2026-09-04 03:25:55.882618,LOW,0
TX01173,ACC645,ACC416,11897,2026-09-04 03:24:55.882618,MEDIUM,0
TX01174,ACC264,ACC786,19926,2026-09-04 03:23:55.882618,HIGH,0
TX01175,ACC411,ACC464,4239,2026-09-04 03:22:55.882618,LOW,0
TX01176,ACC958,ACC328,13370,2026-09-04 03:21:55.882618,MEDIUM,0
TX01177,ACC756,ACC431,10963,2026-09-04 03:20:55.882618,MEDIUM,0
TX01178,ACC702,ACC368,8451,2026-09-04 03:19:55.882618,MEDIUM,0
TX01179,ACC145,ACC207,10248,2026-09-04 03:18:55.882618,MEDIUM,0
TX01180,ACC170,ACC872,3629,2026-09-04 03:17:55.882618,LOW,0
TX01181,ACC234,ACC781,7733,2026-09-04 03:16:55.882618,LOW,0
TX01182,ACC201,ACC626,1215,2026-09-04 03:15:55.882618,LOW,0
TX01183,ACC475,ACC199,7125,2026-09-04 03:14:55.882618,LOW,0
TX01184,ACC852,ACC779,7393,2026-09-04 03:13:55.882618,LOW,0
TX01185,ACC222,ACC722,12443,2026-09-04 03:12:55.882618,MEDIUM,0
TX01186,ACC265,ACC632,8544,2026-09-04 03:11:55.882618,MEDIUM,0
TX01187,ACC794,ACC957,8414,2026-09-04 03:10:55.882618,MEDIUM,0
TX01188,ACC577,ACC990,5458,2026-09-04 03:09:55.882618,LOW,0
TX01189,ACC776,ACC569,19840,2026-09-04 03:08:55.882618,HIGH,1
TX01190,ACC885,ACC924,16501,2026-09-04 03:07:55.882618,HIGH,1
TX01191,ACC895,ACC918,16221,2026-09-04 03:06:55.882618,HIGH,1
TX01192,ACC262,ACC265,14732,2026-09-04 03:05:55.882618,MEDIUM,0
TX01193,ACC154,ACC637,7139,2026-09-04 03:04:55.882618,LOW,0
TX01194,ACC554,ACC751,11563,2026-09-04 03:03:55.882618,MEDIUM,0
TX01195,ACC270,ACC856,3895,2026-09-04 03:02:55.882618,LOW,0
TX01196,ACC834,ACC844,5095,2026-09-04 03:01:55.882618,LOW,0
TX01197,ACC243,ACC471,3347,2026-09-04 03:00:55.882618,LOW,0
TX01198,ACC528,ACC666,10316,2026-09-04 02:59:55.882618,MEDIUM,0
TX01199,ACC327,ACC723,6183,2026-09-04 02:58:55.882618,LOW,0
TX01200,ACC383,ACC849,19920,2026-09-04 02:57:55.882618,HIGH,1
TX01201,ACC961,ACC375,16105,2026-09-04 02:56:55.882618,HIGH,0
TX01202,ACC192,ACC322,10412,2026-09-04 02:55:55.882618,MEDIUM,0
TX01203,ACC860,ACC749,6647,2026-09-04 02:54:55.882618,LOW,0
TX01204,ACC866,ACC234,16161,2026-09-04 02:53:55.882618,HIGH,1
TX01205,ACC955,ACC200,18931,2026-09-04 02:52:55.882618,HIGH,1
TX01206,ACC162,ACC386,2185,2026-09-04 02:51:55.882618,LOW,0
TX01207,ACC808,ACC859,8893,2026-09-04 02:50:55.882618,MEDIUM,0
TX01208,ACC134,ACC439,11789,2026-09-04 02:49:55.882618,MEDIUM,0
TX01209,ACC417,ACC113,17433,2026-09-04 02:48:55.882618,HIGH,1
TX01210,ACC888,ACC694,5354,2026-09-04 02:47:55.882618,LOW,0
TX01211,ACC621,ACC629,112,2026-09-04 02:46:55.882618,LOW,0
TX01212,ACC882,ACC626,15403,2026-09-04 02:45:55.882618,HIGH,0
TX01213,ACC685,ACC653,11285,2026-09-04 02:44:55.882618,MEDIUM,0
TX01214,ACC935,ACC101,19447,2026-09-04 02:43:55.882618,HIGH,1
TX01215,ACC557,ACC693,5741,2026-09-04 02:42:55.882618,LOW,0
TX01216,ACC418,ACC852,1411,2026-09-04 02:41:55.882618,LOW,0
TX01217,ACC189,ACC816,13853,2026-09-04 02:40:55.882618,MEDIUM,0
TX01218,ACC531,ACC313,5380,2026-09-04 02:39:55.882618,LOW,0
TX01219,ACC248,ACC551,16928,2026-09-04 02:38:55.882618,HIGH,1
TX01220,ACC523,ACC573,10829,2026-09-04 02:37:55.882618,MEDIUM,0
TX01221,ACC644,ACC214,5644,2026-09-04 02:36:55.882618,LOW,0
TX01222,ACC620,ACC241,14072,2026-09-04 02:35:55.882618,MEDIUM,0
TX01223,ACC781,ACC421,7369,2026-09-04 02:34:55.882618,LOW,0
TX01224,ACC330,ACC280,6551,2026-09-04 02:33:55.882618,LOW,0
TX01225,ACC958,ACC408,11914,2026-09-04 02:32:55.882618,MEDIUM,0
TX01226,ACC800,ACC578,7313,2026-09-04 02:31:55.882618,LOW,0
TX01227,ACC709,ACC299,4250,2026-09-04 02:30:55.882618,LOW,0
TX01228,ACC151,ACC763,7349,2026-09-04 02:29:55.882618,LOW,0
TX01229,ACC557,ACC947,9575,2026-09-04 02:28:55.882618,MEDIUM,0
TX01230,ACC116,ACC663,18335,2026-09-04 02:27:55.882618,HIGH,0
TX01231,ACC698,ACC282,5798,2026-09-04 02:26:55.882618,LOW,0
TX01232,ACC773,ACC312,4412,2026-09-04 02:25:55.882618,LOW,0
TX01233,ACC902,ACC833,9017,2026-09-04 02:24:55.882618,MEDIUM,0
TX01234,ACC643,ACC963,11862,2026-09-04 02:23:55.882618,MEDIUM,0
TX01235,ACC758,ACC986,653,2026-09-04 02:22:55.882618,LOW,0
TX01236,ACC118,ACC609,12643,2026-09-04 02:21:55.882618,MEDIUM,0
TX01237,ACC822,ACC999,11771,2026-09-04 02:20:55.882618,MEDIUM,0
TX01238,ACC903,ACC260,8474,2026-09-04 02:19:55.882618,MEDIUM,0
TX01239,ACC283,ACC486,5036,2026-09-04 02:18:55.882618,LOW,0
TX01240,ACC787,ACC421,19140,2026-09-04 02:17:55.882618,HIGH,0
TX01241,ACC337,ACC619,7092,2026-09-04 02:16:55.882618,LOW,0
TX01242,ACC673,ACC889,16832,2026-09-04 02:15:55.882618,HIGH,1
TX01243,ACC558,ACC684,15117,2026-09-04 02:14:55.882618,HIGH,0
TX01244,ACC100,ACC287,5079,2026-09-04 02:13:55.882618,LOW,0
TX01245,ACC660,ACC747,14015,2026-09-04 02:12:55.882618,MEDIUM,0
TX01246,ACC295,ACC269,1339,2026-09-04 02:11:55.882618,LOW,0
TX01247,ACC209,ACC838,7122,2026-09-04 02:10:55.882618,LOW,0
TX01248,ACC697,ACC179,5188,2026-09-04 02:09:55.882618,LOW,0
TX01249,ACC585,ACC804,9618,2026-09-04 02:08:55.882618,MEDIUM,0
TX01250,ACC954,ACC253,9643,2026-09-04 02:07:55.882618,MEDIUM,0
TX01251,ACC700,ACC891,7177,2026-09-04 02:06:55.882618,LOW,0
TX01252,ACC514,ACC215,4030,2026-09-04 02:05:55.882618,LOW,0
TX01253,ACC400,ACC995,12534,2026-09-04 02:04:55.882618,MEDIUM,0
TX01254,ACC394,ACC367,6091,2026-09-04 02:03:55.882618,LOW,0
TX01255,ACC325,ACC760,11889,2026-09-04 02:02:55.882618,MEDIUM,0
TX01256,ACC737,ACC313,7749,2026-09-04 02:01:55.882618,LOW,0
TX01257,ACC209,ACC602,4425,2026-09-04 02:00:55.882618,LOW,0
TX01258,ACC676,ACC136,7397,2026-09-04 01:59:55.882618,LOW,0
TX01259,ACC449,ACC703,15289,2026-09-04 01:58:55.882618,HIGH,0
TX01260,ACC619,ACC501,19384,2026-09-04 01:57:55.882618,HIGH,1
TX01261,ACC665,ACC692,5327,2026-09-04 01:56:55.882618,LOW,0
TX01262,ACC847,ACC919,12992,2026-09-04 01:55:55.882618,MEDIUM,0
TX01263,ACC818,ACC293,6156,2026-09-04 01:54:55.882618,LOW,0
TX01264,ACC870,ACC793,19669,2026-09-04 01:53:55.882618,HIGH,0
TX01265,ACC360,ACC130,19803,2026-09-04 01:52:55.882618,HIGH,1
TX01266,ACC809,ACC761,12174,2026-09-04 01:51:55.882618,MEDIUM,0
TX01267,ACC406,ACC932,864,2026-09-04 01:50:55.882618,LOW,0
TX01268,ACC416,ACC363,16219,2026-09-04 01:49:55.882618,HIGH,1
TX01269,ACC903,ACC666,11183,2026-09-04 01:48:55.882618,MEDIUM,0
TX01270,ACC122,ACC172,4646,2026-09-04 01:47:55.882618,LOW,0
TX01271,ACC778,ACC881,3794,2026-09-04 01:46:55.882618,LOW,0
TX01272,ACC494,ACC546,14107,2026-09-04 01:45:55.882618,MEDIUM,0
TX01273,ACC274,ACC539,17872,2026-09-04 01:44:55.882618,HIGH,1
TX01274,ACC890,ACC318,19412,2026-09-04 01:43:55.882618,HIGH,0
TX01275,ACC742,ACC105,8041,2026-09-04 01:42:55.882618,MEDIUM,0
TX01276,ACC268,ACC943,16110,2026-09-04 01:41:55.882618,HIGH,0
TX01277,ACC919,ACC257,16760,2026-09-04 01:40:55.882618,HIGH,0
TX01278,ACC514,ACC708,654,2026-09-04 01:39:55.882618,LOW,0
TX01279,ACC378,ACC276,10533,2026-09-04 01:38:55.882618,MEDIUM,0
TX01280,ACC903,ACC889,18393,2026-09-04 01:37:55.882618,HIGH,1
TX01281,ACC944,ACC447,12644,2026-09-04 01:36:55.882618,MEDIUM,0
TX01282,ACC329,ACC989,13346,2026-09-04 01:35:55.882618,MEDIUM,0
TX01283,ACC882,ACC316,17810,2026-09-04 01:34:55.882618,HIGH,1
TX01284,ACC664,ACC811,1720,2026-09-04 01:33:55.882618,LOW,0
TX01285,ACC431,ACC469,4365,2026-09-04 01:32:55.882618,LOW,0
TX01286,ACC853,ACC573,13197,2026-09-04 01:31:55.882618,MEDIUM,0
TX01287,ACC418,ACC449,18337,2026-09-04 01:30:55.882618,HIGH,0
TX01288,ACC971,ACC392,3323,2026-09-04 01:29:55.882618,LOW,0
TX01289,ACC282,ACC727,2409,2026-09-04 01:28:55.882618,LOW,0
TX01290,ACC905,ACC800,7367,2026-09-04 01:27:55.882618,LOW,0
TX01291,ACC903,ACC338,3601,2026-09-04 01:26:55.882618,LOW,0
TX01292,ACC673,ACC598,13306,2026-09-04 01:25:55.882618,MEDIUM,0
TX01293,ACC811,ACC638,1669,2026-09-04 01:24:55.882618,LOW,0
TX01294,ACC687,ACC552,2919,2026-09-04 01:23:55.882618,LOW,0
TX01295,ACC322,ACC665,6688,2026-09-04 01:22:55.882618,LOW,0
TX01296,ACC971,ACC465,11854,2026-09-04 01:21:55.882618,MEDIUM,0
TX01297,ACC776,ACC823,19816,2026-09-04 01:20:55.882618,HIGH,1
TX01298,ACC853,ACC732,18339,2026-09-04 01:19:55.882618,HIGH,1
TX01299,ACC637,ACC482,13925,2026-09-04 01:18:55.882618,MEDIUM,0
TX01300,ACC391,ACC151,15763,2026-09-04 01:17:55.882618,HIGH,0
TX01301,ACC227,ACC456,12065,2026-09-04 01:16:55.882618,MEDIUM,0
TX01302,ACC723,ACC958,12645,2026-09-04 01:15:55.882618,MEDIUM,0
TX01303,ACC705,ACC817,15025,2026-09-04 01:14:55.882618,HIGH,1
TX01304,ACC572,ACC985,13474,2026-09-04 01:13:55.882618,MEDIUM,0
TX01305,ACC508,ACC127,4387,2026-09-04 01:12:55.882618,LOW,0
TX01306,ACC464,ACC560,18413,2026-09-04 01:11:55.882618,HIGH,0
TX01307,ACC506,ACC305,17543,2026-09-04 01:10:55.882618,HIGH,0
TX01308,ACC176,ACC507,1932,2026-09-04 01:09:55.882618,LOW,0
TX01309,ACC302,ACC411,3473,2026-09-04 01:08:55.882618,LOW,0
TX01310,ACC965,ACC335,5280,2026-09-04 01:07:55.882618,LOW,0
TX01311,ACC142,ACC473,17864,2026-09-04 01:06:55.882618,HIGH,1
TX01312,ACC982,ACC925,10727,2026-09-04 01:05:55.882618,MEDIUM,0
TX01313,ACC116,ACC413,17284,2026-09-04 01:04:55.882618,HIGH,0
TX01314,ACC839,ACC391,1409,2026-09-04 01:03:55.882618,LOW,0
TX01315,ACC111,ACC903,9967,2026-09-04 01:02:55.882618,MEDIUM,0
TX01316,ACC278,ACC566,19321,2026-09-04 01:01:55.882618,HIGH,0
TX01317,ACC489,ACC943,2354,2026-09-04 01:00:55.882618,LOW,0
TX01318,ACC539,ACC467,19278,2026-09-04 00:59:55.882618,HIGH,0
TX01319,ACC369,ACC760,18129,2026-09-04 00:58:55.882618,HIGH,1
TX01320,ACC173,ACC274,5568,2026-09-04 00:57:55.882618,LOW,0
TX01321,ACC239,ACC153,8409,2026-09-04 00:56:55.882618,MEDIUM,0
TX01322,ACC305,ACC890,9308,2026-09-04 00:55:55.882618,MEDIUM,0
TX01323,ACC311,ACC504,11054,2026-09-04 00:54:55.882618,MEDIUM,0
TX01324,ACC808,ACC973,13021,2026-09-04 00:53:55.882618,MEDIUM,0
TX01325,ACC688,ACC527,16941,2026-09-04 00:52:55.882618,HIGH,0
TX01326,ACC253,ACC371,4905,2026-09-04 00:51:55.882618,LOW,0
TX01327,ACC797,ACC913,2083,2026-09-04 00:50:55.882618,LOW,0
TX01328,ACC383,ACC350,16732,2026-09-04 00:49:55.882618,HIGH,0
TX01329,ACC178,ACC173,17559,2026-09-04 00:48:55.882618,HIGH,0
TX01330,ACC176,ACC617,17338,2026-09-04 00:47:55.882618,HIGH,0
TX01331,ACC370,ACC458,15031,2026-09-04 00:46:55.882618,HIGH,0
TX01332,ACC717,ACC495,544,2026-09-04 00:45:55.882618,LOW,0
TX01333,ACC617,ACC404,18834,2026-09-04 00:44:55.882618,HIGH,1
TX01334,ACC314,ACC772,4121,2026-09-04 00:43:55.882618,LOW,0
TX01335,ACC426,ACC411,5191,2026-09-04 00:42:55.882618,LOW,0
TX01336,ACC813,ACC758,1333,2026-09-04 00:41:55.882618,LOW,0
TX01337,ACC176,ACC419,9010,2026-09-04 00:40:55.882618,MEDIUM,0
TX01338,ACC246,ACC144,2212,2026-09-04 00:39:55.882618,LOW,0
TX01339,ACC998,ACC945,8611,2026-09-04 00:38:55.882618,MEDIUM,0
TX01340,ACC384,ACC451,2398,2026-09-04 00:37:55.882618,LOW,0
TX01341,ACC623,ACC423,8425,2026-09-04 00:36:55.882618,MEDIUM,0
TX01342,ACC424,ACC489,1316,2026-09-04 00:35:55.882618,LOW,0
TX01343,ACC852,ACC329,14465,2026-09-04 00:34:55.882618,MEDIUM,0
TX01344,ACC607,ACC973,11775,2026-09-04 00:33:55.882618,MEDIUM,0
TX01345,ACC612,ACC879,10589,2026-09-04 00:32:55.882618,MEDIUM,0
TX01346,ACC554,ACC400,15598,2026-09-04 00:31:55.882618,HIGH,1
TX01347,ACC448,ACC606,10775,2026-09-04 00:30:55.882618,MEDIUM,0
TX01348,ACC895,ACC873,18898,2026-09-04 00:29:55.882618,HIGH,0
TX01349,ACC824,ACC752,14713,2026-09-04 00:28:55.882618,MEDIUM,0
TX01350,ACC845,ACC202,998,2026-09-04 00:27:55.882618,LOW,0
TX01351,ACC818,ACC629,3358,2026-09-04 00:26:55.882618,LOW,0
TX01352,ACC635,ACC430,11000,2026-09-04 00:25:55.882618,MEDIUM,0
TX01353,ACC159,ACC195,10444,2026-09-04 00:24:55.882618,MEDIUM,0
TX01354,ACC399,ACC885,9320,2026-09-04 00:23:55.882618,MEDIUM,0
TX01355,ACC332,ACC548,3421,2026-09-04 00:22:55.882618,LOW,0
TX01356,ACC189,ACC897,13062,2026-09-04 00:21:55.882618,MEDIUM,0
TX01357,ACC611,ACC141,18350,2026-09-04 00:20:55.882618,HIGH,1
TX01358,ACC546,ACC838,12199,2026-09-04 00:19:55.882618,MEDIUM,0
TX01359,ACC727,ACC191,13747,2026-09-04 00:18:55.882618,MEDIUM,0
TX01360,ACC326,ACC483,15114,2026-09-04 00:17:55.882618,HIGH,0
TX01361,ACC796,ACC509,4684,2026-09-04 00:16:55.882618,LOW,0
TX01362,ACC703,ACC558,3869,2026-09-04 00:15:55.882618,LOW,0
TX01363,ACC169,ACC194,17249,2026-09-04 00:14:55.882618,HIGH,1
TX01364,ACC945,ACC597,862,2026-09-04 00:13:55.882618,LOW,0
TX01365,ACC851,ACC347,457,2026-09-04 00:12:55.882618,LOW,0
TX01366,ACC686,ACC124,17662,2026-09-04 00:11:55.882618,HIGH,1
TX01367,ACC754,ACC455,7763,2026-09-04 00:10:55.882618,LOW,0
TX01368,ACC857,ACC370,17224,2026-09-04 00:09:55.882618,HIGH,0
TX01369,ACC685,ACC382,2992,2026-09-04 00:08:55.882618,LOW,0
TX01370,ACC179,ACC509,10562,2026-09-04 00:07:55.882618,MEDIUM,0
TX01371,ACC700,ACC717,19885,2026-09-04 00:06:55.882618,HIGH,1
TX01372,ACC429,ACC726,5490,2026-09-04 00:05:55.882618,LOW,0
TX01373,ACC682,ACC245,10106,2026-09-04 00:04:55.891137,MEDIUM,0
TX01374,ACC883,ACC168,10046,2026-09-04 00:03:55.891137,MEDIUM,0
TX01375,ACC362,ACC896,5822,2026-09-04 00:02:55.891137,LOW,0
TX01376,ACC287,ACC366,16353,2026-09-04 00:01:55.891137,HIGH,1
TX01377,ACC302,ACC473,8301,2026-09-04 00:00:55.891137,MEDIUM,0
TX01378,ACC852,ACC637,828,2026-09-03 23:59:55.891137,LOW,0
TX01379,ACC178,ACC160,16252,2026-09-03 23:58:55.891137,HIGH,1
TX01380,ACC914,ACC148,19502,2026-09-03 23:57:55.891137,HIGH,0
TX01381,ACC264,ACC308,2414,2026-09-03 23:56:55.891137,LOW,0
TX01382,ACC420,ACC876,922,2026-09-03 23:55:55.891137,LOW,0
TX01383,ACC422,ACC110,8824,2026-09-03 23:54:55.891137,MEDIUM,0
TX01384,ACC189,ACC647,19672,2026-09-03 23:53:55.891137,HIGH,1
TX01385,ACC668,ACC984,1961,2026-09-03 23:52:55.891137,LOW,0
TX01386,ACC470,ACC742,8089,2026-09-03 23:51:55.891137,MEDIUM,0
TX01387,ACC163,ACC155,14661,2026-09-03 23:50:55.891137,MEDIUM,0
TX01388,ACC983,ACC390,7914,2026-09-03 23:49:55.891137,LOW,0
TX01389,ACC604,ACC113,18164,2026-09-03 23:48:55.891137,HIGH,1
TX01390,ACC219,ACC616,6327,2026-09-03 23:47:55.891137,LOW,0
TX01391,ACC803,ACC411,18023,2026-09-03 23:46:55.891137,HIGH,1
TX01392,ACC689,ACC140,10253,2026-09-03 23:45:55.891137,MEDIUM,0
TX01393,ACC554,ACC901,9186,2026-09-03 23:44:55.891137,MEDIUM,0
TX01394,ACC260,ACC851,9796,2026-09-03 23:43:55.891137,MEDIUM,0
TX01395,ACC100,ACC773,17918,2026-09-03 23:42:55.891137,HIGH,1
TX01396,ACC992,ACC897,17167,2026-09-03 23:41:55.891137,HIGH,0
TX01397,ACC210,ACC562,18477,2026-09-03 23:40:55.891137,HIGH,0
TX01398,ACC903,ACC114,13837,2026-09-03 23:39:55.891137,MEDIUM,0
TX01399,ACC675,ACC277,6942,2026-09-03 23:38:55.891137,LOW,0
TX01400,ACC186,ACC396,9842,2026-09-03 23:37:55.891137,MEDIUM,0
TX01401,ACC259,ACC370,14477,2026-09-03 23:36:55.891137,MEDIUM,0
TX01402,ACC370,ACC723,5262,2026-09-03 23:35:55.891137,LOW,0
TX01403,ACC767,ACC354,307,2026-09-03 23:34:55.891137,LOW,0
TX01404,ACC395,ACC248,17705,2026-09-03 23:33:55.891137,HIGH,1
TX01405,ACC662,ACC528,9755,2026-09-03 23:32:55.891137,MEDIUM,0
TX01406,ACC749,ACC900,14114,2026-09-03 23:31:55.891137,MEDIUM,0
TX01407,ACC720,ACC483,15886,2026-09-03 23:30:55.891137,HIGH,1
TX01408,ACC102,ACC829,8516,2026-09-03 23:29:55.891137,MEDIUM,0
TX01409,ACC182,ACC449,12751,2026-09-03 23:28:55.891137,MEDIUM,0
TX01410,ACC434,ACC761,17654,2026-09-03 23:27:55.891137,HIGH,0
TX01411,ACC242,ACC236,19538,2026-09-03 23:26:55.891137,HIGH,1
TX01412,ACC439,ACC623,19043,2026-09-03 23:25:55.891137,HIGH,1
TX01413,ACC632,ACC440,11436,2026-09-03 23:24:55.891137,MEDIUM,0
TX01414,ACC128,ACC769,2794,2026-09-03 23:23:55.891137,LOW,0
TX01415,ACC721,ACC376,15592,2026-09-03 23:22:55.891137,HIGH,1
TX01416,ACC498,ACC331,16737,2026-09-03 23:21:55.891137,HIGH,0
TX01417,ACC555,ACC704,3454,2026-09-03 23:20:55.891137,LOW,0
TX01418,ACC463,ACC572,11894,2026-09-03 23:19:55.891137,MEDIUM,0
TX01419,ACC332,ACC313,4320,2026-09-03 23:18:55.891137,LOW,0
TX01420,ACC264,ACC435,14926,2026-09-03 23:17:55.891137,MEDIUM,0
TX01421,ACC569,ACC152,15044,2026-09-03 23:16:55.891137,HIGH,1
TX01422,ACC224,ACC722,5815,2026-09-03 23:15:55.891137,LOW,0
TX01423,ACC855,ACC897,2701,2026-09-03 23:14:55.891137,LOW,0
TX01424,ACC613,ACC217,2048,2026-09-03 23:13:55.891137,LOW,0
TX01425,ACC982,ACC448,9900,2026-09-03 23:12:55.891137,MEDIUM,0
TX01426,ACC702,ACC361,8739,2026-09-03 23:11:55.891137,MEDIUM,0
TX01427,ACC764,ACC276,6095,2026-09-03 23:10:55.891137,LOW,0
TX01428,ACC481,ACC259,12876,2026-09-03 23:09:55.891137,MEDIUM,0
TX01429,ACC307,ACC263,12535,2026-09-03 23:08:55.891137,MEDIUM,0
TX01430,ACC201,ACC142,12919,2026-09-03 23:07:55.891137,MEDIUM,0
TX01431,ACC755,ACC838,4450,2026-09-03 23:06:55.891137,LOW,0
TX01432,ACC868,ACC350,16831,2026-09-03 23:05:55.891137,HIGH,0
TX01433,ACC962,ACC245,11207,2026-09-03 23:04:55.891137,MEDIUM,0
TX01434,ACC398,ACC891,8547,2026-09-03 23:03:55.891137,MEDIUM,0
TX01435,ACC935,ACC839,13982,2026-09-03 23:02:55.891137,MEDIUM,0
TX01436,ACC708,ACC970,981,2026-09-03 23:01:55.891137,LOW,0
TX01437,ACC544,ACC262,7691,2026-09-03 23:00:55.891137,LOW,0
TX01438,ACC441,ACC209,11841,2026-09-03 22:59:55.891137,MEDIUM,0
TX01439,ACC837,ACC280,13280,2026-09-03 22:58:55.891137,MEDIUM,0
TX01440,ACC962,ACC424,19932,2026-09-03 22:57:55.891137,HIGH,1
TX01441,ACC123,ACC524,9915,2026-09-03 22:56:55.891137,MEDIUM,0
TX01442,ACC849,ACC648,8395,2026-09-03 22:55:55.891137,MEDIUM,0
TX01443,ACC361,ACC120,12765,2026-09-03 22:54:55.891137,MEDIUM,0
TX01444,ACC206,ACC837,5705,2026-09-03 22:53:55.891137,LOW,0
TX01445,ACC374,ACC661,17195,2026-09-03 22:52:55.891137,HIGH,0
TX01446,ACC860,ACC325,8201,2026-09-03 22:51:55.891137,MEDIUM,0
TX01447,ACC555,ACC390,7116,2026-09-03 22:50:55.891137,LOW,0
TX01448,ACC732,ACC285,15650,2026-09-03 22:49:55.891137,HIGH,0
TX01449,ACC695,ACC657,13458,2026-09-03 22:48:55.891137,MEDIUM,0
TX01450,ACC672,ACC436,19589,2026-09-03 22:47:55.891137,HIGH,0
TX01451,ACC499,ACC841,2322,2026-09-03 22:46:55.891137,LOW,0
TX01452,ACC703,ACC901,1086,2026-09-03 22:45:55.891137,LOW,0
TX01453,ACC957,ACC851,4319,2026-09-03 22:44:55.891137,LOW,0
TX01454,ACC175,ACC573,19996,2026-09-03 22:43:55.891137,HIGH,1
TX01455,ACC570,ACC211,3198,2026-09-03 22:42:55.891137,LOW,0
TX01456,ACC232,ACC662,6513,2026-09-03 22:41:55.891137,LOW,0
TX01457,ACC473,ACC529,19428,2026-09-03 22:40:55.891137,HIGH,0
TX01458,ACC782,ACC583,12108,2026-09-03 22:39:55.891137,MEDIUM,0
TX01459,ACC912,ACC471,18903,2026-09-03 22:38:55.891137,HIGH,0
TX01460,ACC410,ACC220,17656,2026-09-03 22:37:55.891137,HIGH,0
TX01461,ACC779,ACC880,11559,2026-09-03 22:36:55.891137,MEDIUM,0
TX01462,ACC797,ACC354,11089,2026-09-03 22:35:55.891137,MEDIUM,0
TX01463,ACC567,ACC366,6234,2026-09-03 22:34:55.891137,LOW,0
TX01464,ACC307,ACC340,15395,2026-09-03 22:33:55.891137,HIGH,0
TX01465,ACC916,ACC544,4227,2026-09-03 22:32:55.891137,LOW,0
TX01466,ACC370,ACC552,12244,2026-09-03 22:31:55.891137,MEDIUM,0
TX01467,ACC288,ACC985,610,2026-09-03 22:30:55.891137,LOW,0
TX01468,ACC857,ACC563,9783,2026-09-03 22:29:55.891137,MEDIUM,0
TX01469,ACC593,ACC322,7233,2026-09-03 22:28:55.891137,LOW,0
TX01470,ACC273,ACC223,7409,2026-09-03 22:27:55.891137,LOW,0
TX01471,ACC814,ACC274,3621,2026-09-03 22:26:55.891137,LOW,0
TX01472,ACC219,ACC582,12486,2026-09-03 22:25:55.891137,MEDIUM,0
TX01473,ACC733,ACC367,6513,2026-09-03 22:24:55.891137,LOW,0
TX01474,ACC457,ACC748,10737,2026-09-03 22:23:55.891137,MEDIUM,0
TX01475,ACC238,ACC149,7284,2026-09-03 22:22:55.891137,LOW,0
TX01476,ACC298,ACC348,12273,2026-09-03 22:21:55.891137,MEDIUM,0
TX01477,ACC632,ACC561,2309,2026-09-03 22:20:55.891137,LOW,0
TX01478,ACC116,ACC829,6817,2026-09-03 22:19:55.891137,LOW,0
TX01479,ACC208,ACC844,3251,2026-09-03 22:18:55.891137,LOW,0
TX01480,ACC480,ACC692,4934,2026-09-03 22:17:55.891137,LOW,0
TX01481,ACC605,ACC272,19993,2026-09-03 22:16:55.891137,HIGH,1
TX01482,ACC959,ACC757,18705,2026-09-03 22:15:55.891137,HIGH,0
TX01483,ACC794,ACC745,3948,2026-09-03 22:14:55.891137,LOW,0
TX01484,ACC264,ACC277,2007,2026-09-03 22:13:55.891137,LOW,0
TX01485,ACC394,ACC128,17139,2026-09-03 22:12:55.891137,HIGH,1
TX01486,ACC565,ACC304,4092,2026-09-03 22:11:55.891137,LOW,0
TX01487,ACC562,ACC188,9444,2026-09-03 22:10:55.891137,MEDIUM,0
TX01488,ACC660,ACC823,9051,2026-09-03 22:09:55.891137,MEDIUM,0
TX01489,ACC633,ACC854,4689,2026-09-03 22:08:55.891137,LOW,0
TX01490,ACC475,ACC300,11211,2026-09-03 22:07:55.891137,MEDIUM,0
TX01491,ACC601,ACC944,18681,2026-09-03 22:06:55.891137,HIGH,0
TX01492,ACC174,ACC918,9932,2026-09-03 22:05:55.891137,MEDIUM,0
TX01493,ACC534,ACC323,4971,2026-09-03 22:04:55.891137,LOW,0
TX01494,ACC708,ACC470,1981,2026-09-03 22:03:55.891137,LOW,0
TX01495,ACC634,ACC124,16593,2026-09-03 22:02:55.891137,HIGH,0
TX01496,ACC324,ACC689,12122,2026-09-03 22:01:55.891137,MEDIUM,0
TX01497,ACC498,ACC167,18466,2026-09-03 22:00:55.891137,HIGH,0
TX01498,ACC580,ACC396,6708,2026-09-03 21:59:55.891137,LOW,0
TX01499,ACC316,ACC219,8030,2026-09-03 21:58:55.891137,MEDIUM,0
TX01500,ACC370,ACC386,18872,2026-09-03 21:57:55.891137,HIGH,0
TX01501,ACC214,ACC222,3676,2026-09-03 21:56:55.891137,LOW,0
TX01502,ACC480,ACC376,10005,2026-09-03 21:55:55.891137,MEDIUM,0
TX01503,ACC160,ACC522,7087,2026-09-03 21:54:55.891137,LOW,0
TX01504,ACC191,ACC827,2251,2026-09-03 21:53:55.891137,LOW,0
TX01505,ACC683,ACC471,11961,2026-09-03 21:52:55.891137,MEDIUM,0
TX01506,ACC872,ACC293,10100,2026-09-03 21:51:55.891137,MEDIUM,0
TX01507,ACC410,ACC123,13046,2026-09-03 21:50:55.891137,MEDIUM,0
TX01508,ACC140,ACC563,12051,2026-09-03 21:49:55.891137,MEDIUM,0
TX01509,ACC798,ACC631,3777,2026-09-03 21:48:55.891137,LOW,0
TX01510,ACC186,ACC567,10488,2026-09-03 21:47:55.891137,MEDIUM,0
TX01511,ACC601,ACC545,18190,2026-09-03 21:46:55.891137,HIGH,0
TX01512,ACC687,ACC635,5975,2026-09-03 21:45:55.891137,LOW,0
TX01513,ACC707,ACC604,9479,2026-09-03 21:44:55.891137,MEDIUM,0
TX01514,ACC354,ACC442,15464,2026-09-03 21:43:55.891137,HIGH,1
TX01515,ACC943,ACC664,10050,2026-09-03 21:42:55.891137,MEDIUM,0
TX01516,ACC151,ACC957,14548,2026-09-03 21:41:55.891137,MEDIUM,0
TX01517,ACC654,ACC879,11497,2026-09-03 21:40:55.891137,MEDIUM,0
TX01518,ACC458,ACC905,2240,2026-09-03 21:39:55.891137,LOW,0
TX01519,ACC119,ACC700,12017,2026-09-03 21:38:55.891137,MEDIUM,0
TX01520,ACC282,ACC316,11327,2026-09-03 21:37:55.891137,MEDIUM,0
TX01521,ACC136,ACC733,12116,2026-09-03 21:36:55.891137,MEDIUM,0
TX01522,ACC498,ACC171,16580,2026-09-03 21:35:55.891137,HIGH,0
TX01523,ACC833,ACC188,12705,2026-09-03 21:34:55.891137,MEDIUM,0
TX01524,ACC783,ACC903,11340,2026-09-03 21:33:55.891137,MEDIUM,0
TX01525,ACC494,ACC211,3567,2026-09-03 21:32:55.891137,LOW,0
TX01526,ACC874,ACC479,17184,2026-09-03 21:31:55.891137,HIGH,0
TX01527,ACC706,ACC882,1210,2026-09-03 21:30:55.891137,LOW,0
TX01528,ACC591,ACC925,10528,2026-09-03 21:29:55.891137,MEDIUM,0
TX01529,ACC477,ACC156,18940,2026-09-03 21:28:55.891137,HIGH,1
TX01530,ACC433,ACC586,6387,2026-09-03 21:27:55.891137,LOW,0
TX01531,ACC597,ACC854,18197,2026-09-03 21:26:55.891137,HIGH,0
TX01532,ACC252,ACC964,16026,2026-09-03 21:25:55.891137,HIGH,1
TX01533,ACC386,ACC352,930,2026-09-03 21:24:55.891137,LOW,0
TX01534,ACC922,ACC592,8209,2026-09-03 21:23:55.891137,MEDIUM,0
TX01535,ACC986,ACC123,2754,2026-09-03 21:22:55.891137,LOW,0
TX01536,ACC254,ACC101,8706,2026-09-03 21:21:55.891137,MEDIUM,0
TX01537,ACC886,ACC583,16937,2026-09-03 21:20:55.891137,HIGH,0
TX01538,ACC735,ACC759,958,2026-09-03 21:19:55.891137,LOW,0
TX01539,ACC410,ACC460,8070,2026-09-03 21:18:55.891137,MEDIUM,0
TX01540,ACC753,ACC347,3036,2026-09-03 21:17:55.891137,LOW,0
TX01541,ACC414,ACC549,10550,2026-09-03 21:16:55.891137,MEDIUM,0
TX01542,ACC832,ACC596,16540,2026-09-03 21:15:55.891137,HIGH,1
TX01543,ACC207,ACC100,9553,2026-09-03 21:14:55.891137,MEDIUM,0
TX01544,ACC596,ACC738,16850,2026-09-03 21:13:55.891137,HIGH,0
TX01545,ACC278,ACC327,6604,2026-09-03 21:12:55.891137,LOW,0
TX01546,ACC859,ACC451,7958,2026-09-03 21:11:55.891137,LOW,0
TX01547,ACC429,ACC312,17267,2026-09-03 21:10:55.891137,HIGH,0
TX01548,ACC536,ACC620,19393,2026-09-03 21:09:55.891137,HIGH,0
TX01549,ACC529,ACC288,9642,2026-09-03 21:08:55.891137,MEDIUM,0
TX01550,ACC932,ACC154,14272,2026-09-03 21:07:55.891137,MEDIUM,0
TX01551,ACC137,ACC759,1416,2026-09-03 21:06:55.891137,LOW,0
TX01552,ACC473,ACC980,1578,2026-09-03 21:05:55.891137,LOW,0
TX01553,ACC700,ACC491,13592,2026-09-03 21:04:55.891137,MEDIUM,0
TX01554,ACC740,ACC742,15294,2026-09-03 21:03:55.891137,HIGH,0
TX01555,ACC262,ACC983,12512,2026-09-03 21:02:55.891137,MEDIUM,0
TX01556,ACC833,ACC884,14857,2026-09-03 21:01:55.891137,MEDIUM,0
TX01557,ACC608,ACC586,19449,2026-09-03 21:00:55.891137,HIGH,1
TX01558,ACC726,ACC822,11268,2026-09-03 20:59:55.891137,MEDIUM,0
TX01559,ACC560,ACC668,14296,2026-09-03 20:58:55.891137,MEDIUM,0
TX01560,ACC230,ACC526,774,2026-09-03 20:57:55.891137,LOW,0
TX01561,ACC153,ACC206,9923,2026-09-03 20:56:55.891137,MEDIUM,0
TX01562,ACC373,ACC580,12800,2026-09-03 20:55:55.891137,MEDIUM,0
TX01563,ACC840,ACC796,8875,2026-09-03 20:54:55.891137,MEDIUM,0
TX01564,ACC601,ACC119,5644,2026-09-03 20:53:55.891137,LOW,0
TX01565,ACC308,ACC134,16541,2026-09-03 20:52:55.891137,HIGH,0
TX01566,ACC593,ACC640,16460,2026-09-03 20:51:55.891137,HIGH,0
TX01567,ACC451,ACC188,4799,2026-09-03 20:50:55.891137,LOW,0
TX01568,ACC900,ACC564,4620,2026-09-03 20:49:55.891137,LOW,0
TX01569,ACC382,ACC685,18192,2026-09-03 20:48:55.891137,HIGH,1
TX01570,ACC409,ACC715,7606,2026-09-03 20:47:55.891137,LOW,0
TX01571,ACC324,ACC751,9984,2026-09-03 20:46:55.891137,MEDIUM,0
TX01572,ACC285,ACC490,9982,2026-09-03 20:45:55.891137,MEDIUM,0
TX01573,ACC738,ACC486,13023,2026-09-03 20:44:55.891137,MEDIUM,0
TX01574,ACC451,ACC897,5749,2026-09-03 20:43:55.891137,LOW,0
TX01575,ACC957,ACC452,11604,2026-09-03 20:42:55.891137,MEDIUM,0
TX01576,ACC398,ACC362,18005,2026-09-03 20:41:55.891137,HIGH,0
TX01577,ACC834,ACC186,5558,2026-09-03 20:40:55.891137,LOW,0
TX01578,ACC106,ACC866,18345,2026-09-03 20:39:55.891137,HIGH,0
TX01579,ACC634,ACC770,4686,2026-09-03 20:38:55.891137,LOW,0
TX01580,ACC174,ACC131,7917,2026-09-03 20:37:55.891137,LOW,0
TX01581,ACC611,ACC312,5654,2026-09-03 20:36:55.891137,LOW,0
TX01582,ACC847,ACC117,529,2026-09-03 20:35:55.891137,LOW,0
TX01583,ACC629,ACC901,9920,2026-09-03 20:34:55.891137,MEDIUM,0
TX01584,ACC602,ACC150,9518,2026-09-03 20:33:55.891137,MEDIUM,0
TX01585,ACC665,ACC582,3317,2026-09-03 20:32:55.891137,LOW,0
TX01586,ACC906,ACC253,948,2026-09-03 20:31:55.891137,LOW,0
TX01587,ACC173,ACC419,10523,2026-09-03 20:30:55.891137,MEDIUM,0
TX01588,ACC902,ACC227,12597,2026-09-03 20:29:55.891137,MEDIUM,0
TX01589,ACC167,ACC889,12131,2026-09-03 20:28:55.891137,MEDIUM,0
TX01590,ACC398,ACC475,17383,2026-09-03 20:27:55.891137,HIGH,0
TX01591,ACC666,ACC380,2922,2026-09-03 20:26:55.891137,LOW,0
TX01592,ACC134,ACC374,16509,2026-09-03 20:25:55.891137,HIGH,0
TX01593,ACC444,ACC806,8608,2026-09-03 20:24:55.891137,MEDIUM,0
TX01594,ACC144,ACC800,1058,2026-09-03 20:23:55.891137,LOW,0
TX01595,ACC937,ACC661,2922,2026-09-03 20:22:55.891137,LOW,0
TX01596,ACC764,ACC100,1093,2026-09-03 20:21:55.891137,LOW,0
TX01597,ACC667,ACC552,1786,2026-09-03 20:20:55.891137,LOW,0
TX01598,ACC439,ACC203,8879,2026-09-03 20:19:55.891137,MEDIUM,0
TX01599,ACC874,ACC749,19183,2026-09-03 20:18:55.891137,HIGH,0
TX01600,ACC680,ACC876,17740,2026-09-03 20:17:55.891137,HIGH,1
TX01601,ACC905,ACC334,2832,2026-09-03 20:16:55.891137,LOW,0
TX01602,ACC442,ACC171,3128,2026-09-03 20:15:55.891137,LOW,0
TX01603,ACC993,ACC723,11289,2026-09-03 20:14:55.891137,MEDIUM,0
TX01604,ACC412,ACC439,15185,2026-09-03 20:13:55.891137,HIGH,0
TX01605,ACC230,ACC938,327,2026-09-03 20:12:55.891137,LOW,0
TX01606,ACC530,ACC754,18435,2026-09-03 20:11:55.891137,HIGH,1
TX01607,ACC744,ACC718,18152,2026-09-03 20:10:55.891137,HIGH,0
TX01608,ACC266,ACC860,13506,2026-09-03 20:09:55.891137,MEDIUM,0
TX01609,ACC164,ACC830,15666,2026-09-03 20:08:55.891137,HIGH,0
TX01610,ACC162,ACC701,1181,2026-09-03 20:07:55.891137,LOW,0
TX01611,ACC936,ACC243,9776,2026-09-03 20:06:55.891137,MEDIUM,0
TX01612,ACC138,ACC537,9015,2026-09-03 20:05:55.891137,MEDIUM,0
TX01613,ACC692,ACC993,6477,2026-09-03 20:04:55.891137,LOW,0
TX01614,ACC705,ACC358,10614,2026-09-03 20:03:55.891137,MEDIUM,0
TX01615,ACC651,ACC346,9497,2026-09-03 20:02:55.891137,MEDIUM,0
TX01616,ACC378,ACC867,13241,2026-09-03 20:01:55.891137,MEDIUM,0
TX01617,ACC254,ACC278,18308,2026-09-03 20:00:55.891137,HIGH,1
TX01618,ACC764,ACC345,627,2026-09-03 19:59:55.891137,LOW,0
TX01619,ACC757,ACC716,7231,2026-09-03 19:58:55.891137,LOW,0
TX01620,ACC480,ACC196,2474,2026-09-03 19:57:55.891137,LOW,0
TX01621,ACC164,ACC382,8355,2026-09-03 19:56:55.891137,MEDIUM,0
TX01622,ACC428,ACC380,19616,2026-09-03 19:55:55.891137,HIGH,1
TX01623,ACC363,ACC260,6306,2026-09-03 19:54:55.891137,LOW,0
TX01624,ACC631,ACC903,4286,2026-09-03 19:53:55.891137,LOW,0
TX01625,ACC342,ACC877,15416,2026-09-03 19:52:55.891137,HIGH,1
TX01626,ACC107,ACC508,4870,2026-09-03 19:51:55.891137,LOW,0
TX01627,ACC169,ACC224,19193,2026-09-03 19:50:55.891137,HIGH,0
TX01628,ACC776,ACC434,19334,2026-09-03 19:49:55.891137,HIGH,0
TX01629,ACC320,ACC383,7728,2026-09-03 19:48:55.891137,LOW,0
TX01630,ACC636,ACC743,8045,2026-09-03 19:47:55.891137,MEDIUM,0
TX01631,ACC362,ACC965,12126,2026-09-03 19:46:55.891137,MEDIUM,0
TX01632,ACC583,ACC513,6691,2026-09-03 19:45:55.891137,LOW,0
TX01633,ACC746,ACC490,17837,2026-09-03 19:44:55.891137,HIGH,1
TX01634,ACC887,ACC734,17724,2026-09-03 19:43:55.891137,HIGH,1
TX01635,ACC809,ACC987,8285,2026-09-03 19:42:55.891137,MEDIUM,0
TX01636,ACC971,ACC374,4029,2026-09-03 19:41:55.891137,LOW,0
TX01637,ACC613,ACC482,1550,2026-09-03 19:40:55.891137,LOW,0
TX01638,ACC264,ACC538,5335,2026-09-03 19:39:55.891137,LOW,0
TX01639,ACC456,ACC696,5865,2026-09-03 19:38:55.891137,LOW,0
TX01640,ACC718,ACC858,15530,2026-09-03 19:37:55.891137,HIGH,1
TX01641,ACC556,ACC982,7638,2026-09-03 19:36:55.891137,LOW,0
TX01642,ACC131,ACC787,6266,2026-09-03 19:35:55.891137,LOW,0
TX01643,ACC334,ACC892,1784,2026-09-03 19:34:55.891137,LOW,0
TX01644,ACC127,ACC508,657,2026-09-03 19:33:55.891137,LOW,0
TX01645,ACC520,ACC169,3855,2026-09-03 19:32:55.891137,LOW,0
TX01646,ACC405,ACC376,11596,2026-09-03 19:31:55.891137,MEDIUM,0
TX01647,ACC135,ACC258,3695,2026-09-03 19:30:55.891137,LOW,0
TX01648,ACC401,ACC317,6166,2026-09-03 19:29:55.891137,LOW,0
TX01649,ACC475,ACC193,7781,2026-09-03 19:28:55.891137,LOW,0
TX01650,ACC903,ACC741,15003,2026-09-03 19:27:55.891137,HIGH,0
TX01651,ACC368,ACC241,9020,2026-09-03 19:26:55.891137,MEDIUM,0
TX01652,ACC827,ACC597,9052,2026-09-03 19:25:55.891137,MEDIUM,0
TX01653,ACC448,ACC436,6909,2026-09-03 19:24:55.891137,LOW,0
TX01654,ACC159,ACC308,1372,2026-09-03 19:23:55.891137,LOW,0
TX01655,ACC188,ACC144,17970,2026-09-03 19:22:55.891137,HIGH,1
TX01656,ACC249,ACC305,3554,2026-09-03 19:21:55.891137,LOW,0
TX01657,ACC390,ACC611,18999,2026-09-03 19:20:55.891137,HIGH,0
TX01658,ACC499,ACC169,16711,2026-09-03 19:19:55.891137,HIGH,0
TX01659,ACC440,ACC933,14596,2026-09-03 19:18:55.891137,MEDIUM,0
TX01660,ACC427,ACC851,18189,2026-09-03 19:17:55.891137,HIGH,0
TX01661,ACC330,ACC910,7317,2026-09-03 19:16:55.891137,LOW,0
TX01662,ACC155,ACC156,19562,2026-09-03 19:15:55.891137,HIGH,1
TX01663,ACC685,ACC231,6999,2026-09-03 19:14:55.891137,LOW,0
TX01664,ACC459,ACC689,19168,2026-09-03 19:13:55.891137,HIGH,1
TX01665,ACC191,ACC956,19567,2026-09-03 19:12:55.891137,HIGH,0
TX01666,ACC742,ACC634,10067,2026-09-03 19:11:55.891137,MEDIUM,0
TX01667,ACC652,ACC490,7099,2026-09-03 19:10:55.891137,LOW,0
TX01668,ACC980,ACC338,18046,2026-09-03 19:09:55.891137,HIGH,0
TX01669,ACC359,ACC624,10469,2026-09-03 19:08:55.891137,MEDIUM,0
TX01670,ACC694,ACC197,7975,2026-09-03 19:07:55.891137,LOW,0
TX01671,ACC912,ACC971,729,2026-09-03 19:06:55.891137,LOW,0
TX01672,ACC612,ACC535,9080,2026-09-03 19:05:55.891137,MEDIUM,0
TX01673,ACC330,ACC819,14423,2026-09-03 19:04:55.891137,MEDIUM,0
TX01674,ACC718,ACC449,10284,2026-09-03 19:03:55.891137,MEDIUM,0
TX01675,ACC814,ACC254,8686,2026-09-03 19:02:55.891137,MEDIUM,0
TX01676,ACC742,ACC625,17023,2026-09-03 19:01:55.891137,HIGH,0
TX01677,ACC956,ACC794,18292,2026-09-03 19:00:55.891137,HIGH,1
TX01678,ACC674,ACC421,17236,2026-09-03 18:59:55.891137,HIGH,0
TX01679,ACC542,ACC459,5843,2026-09-03 18:58:55.891137,LOW,0
TX01680,ACC533,ACC170,14106,2026-09-03 18:57:55.891137,MEDIUM,0
TX01681,ACC679,ACC339,17341,2026-09-03 18:56:55.891137,HIGH,1
TX01682,ACC916,ACC913,7466,2026-09-03 18:55:55.891137,LOW,0
TX01683,ACC366,ACC557,6122,2026-09-03 18:54:55.891137,LOW,0
TX01684,ACC226,ACC649,12376,2026-09-03 18:53:55.891137,MEDIUM,0
TX01685,ACC782,ACC844,4664,2026-09-03 18:52:55.891137,LOW,0
TX01686,ACC864,ACC670,14817,2026-09-03 18:51:55.891137,MEDIUM,0
TX01687,ACC446,ACC118,1475,2026-09-03 18:50:55.891137,LOW,0
TX01688,ACC225,ACC370,4916,2026-09-03 18:49:55.891137,LOW,0
TX01689,ACC474,ACC821,8209,2026-09-03 18:48:55.891137,MEDIUM,0
TX01690,ACC394,ACC574,4494,2026-09-03 18:47:55.891137,LOW,0
TX01691,ACC253,ACC171,12519,2026-09-03 18:46:55.891137,MEDIUM,0
TX01692,ACC487,ACC132,18591,2026-09-03 18:45:55.891137,HIGH,1
TX01693,ACC897,ACC961,13576,2026-09-03 18:44:55.891137,MEDIUM,0
TX01694,ACC104,ACC350,15913,2026-09-03 18:43:55.891137,HIGH,1
TX01695,ACC583,ACC577,9762,2026-09-03 18:42:55.891137,MEDIUM,0
TX01696,ACC854,ACC191,9933,2026-09-03 18:41:55.891137,MEDIUM,0
TX01697,ACC673,ACC927,11159,2026-09-03 18:40:55.891137,MEDIUM,0
TX01698,ACC807,ACC498,11899,2026-09-03 18:39:55.891137,MEDIUM,0
TX01699,ACC781,ACC798,17845,2026-09-03 18:38:55.891137,HIGH,1
TX01700,ACC544,ACC118,15659,2026-09-03 18:37:55.891137,HIGH,1
TX01701,ACC533,ACC647,6845,2026-09-03 18:36:55.891137,LOW,0
TX01702,ACC514,ACC131,4717,2026-09-03 18:35:55.891137,LOW,0
TX01703,ACC454,ACC533,1759,2026-09-03 18:34:55.891137,LOW,0
TX01704,ACC652,ACC318,3408,2026-09-03 18:33:55.891137,LOW,0
TX01705,ACC476,ACC930,3990,2026-09-03 18:32:55.891137,LOW,0
TX01706,ACC489,ACC194,5645,2026-09-03 18:31:55.891137,LOW,0
TX01707,ACC907,ACC928,19698,2026-09-03 18:30:55.891137,HIGH,0
TX01708,ACC851,ACC362,15313,2026-09-03 18:29:55.891137,HIGH,1
TX01709,ACC291,ACC985,13176,2026-09-03 18:28:55.891137,MEDIUM,0
TX01710,ACC408,ACC700,1684,2026-09-03 18:27:55.891137,LOW,0
TX01711,ACC921,ACC171,10766,2026-09-03 18:26:55.891137,MEDIUM,0
TX01712,ACC894,ACC584,15986,2026-09-03 18:25:55.891137,HIGH,1
TX01713,ACC817,ACC385,7097,2026-09-03 18:24:55.891137,LOW,0
TX01714,ACC162,ACC420,11290,2026-09-03 18:23:55.891137,MEDIUM,0
TX01715,ACC584,ACC688,11837,2026-09-03 18:22:55.891137,MEDIUM,0
TX01716,ACC449,ACC479,10041,2026-09-03 18:21:55.891137,MEDIUM,0
TX01717,ACC226,ACC375,5483,2026-09-03 18:20:55.891137,LOW,0
TX01718,ACC351,ACC886,16701,2026-09-03 18:19:55.891137,HIGH,1
TX01719,ACC316,ACC948,14088,2026-09-03 18:18:55.891137,MEDIUM,0
TX01720,ACC654,ACC737,15177,2026-09-03 18:17:55.891137,HIGH,0
TX01721,ACC758,ACC571,7410,2026-09-03 18:16:55.891137,LOW,0
TX01722,ACC685,ACC334,12154,2026-09-03 18:15:55.891137,MEDIUM,0
TX01723,ACC518,ACC771,12009,2026-09-03 18:14:55.891137,MEDIUM,0
TX01724,ACC825,ACC576,14373,2026-09-03 18:13:55.891137,MEDIUM,0
TX01725,ACC845,ACC545,12081,2026-09-03 18:12:55.891137,MEDIUM,0
TX01726,ACC944,ACC178,8263,2026-09-03 18:11:55.891137,MEDIUM,0
TX01727,ACC938,ACC263,17431,2026-09-03 18:10:55.891137,HIGH,1
TX01728,ACC607,ACC333,244,2026-09-03 18:09:55.891137,LOW,0
TX01729,ACC786,ACC784,7037,2026-09-03 18:08:55.891137,LOW,0
TX01730,ACC914,ACC698,16761,2026-09-03 18:07:55.891137,HIGH,0
TX01731,ACC700,ACC244,11101,2026-09-03 18:06:55.891137,MEDIUM,0
TX01732,ACC268,ACC552,9084,2026-09-03 18:05:55.891137,MEDIUM,0
TX01733,ACC667,ACC917,19949,2026-09-03 18:04:55.891137,HIGH,0
TX01734,ACC972,ACC373,7717,2026-09-03 18:03:55.891137,LOW,0
TX01735,ACC256,ACC242,18030,2026-09-03 18:02:55.891137,HIGH,0
TX01736,ACC366,ACC104,18714,2026-09-03 18:01:55.891137,HIGH,1
TX01737,ACC136,ACC643,16930,2026-09-03 18:00:55.891137,HIGH,1
TX01738,ACC543,ACC927,3324,2026-09-03 17:59:55.891137,LOW,0
TX01739,ACC653,ACC818,15632,2026-09-03 17:58:55.891137,HIGH,1
TX01740,ACC859,ACC805,10993,2026-09-03 17:57:55.891137,MEDIUM,0
TX01741,ACC468,ACC830,8342,2026-09-03 17:56:55.891137,MEDIUM,0
TX01742,ACC696,ACC611,19853,2026-09-03 17:55:55.891137,HIGH,0
TX01743,ACC416,ACC921,3825,2026-09-03 17:54:55.891137,LOW,0
TX01744,ACC580,ACC650,15668,2026-09-03 17:53:55.891137,HIGH,1
TX01745,ACC719,ACC557,1746,2026-09-03 17:52:55.891137,LOW,0
TX01746,ACC854,ACC740,19504,2026-09-03 17:51:55.891137,HIGH,0
TX01747,ACC631,ACC118,10046,2026-09-03 17:50:55.891137,MEDIUM,0
TX01748,ACC306,ACC252,13821,2026-09-03 17:49:55.891137,MEDIUM,0
TX01749,ACC278,ACC808,4636,2026-09-03 17:48:55.891137,LOW,0
TX01750,ACC451,ACC241,14138,2026-09-03 17:47:55.891137,MEDIUM,0
TX01751,ACC718,ACC295,17239,2026-09-03 17:46:55.891137,HIGH,0
TX01752,ACC461,ACC142,19345,2026-09-03 17:45:55.891137,HIGH,1
TX01753,ACC668,ACC792,18580,2026-09-03 17:44:55.891137,HIGH,0
TX01754,ACC613,ACC185,4780,2026-09-03 17:43:55.891137,LOW,0
TX01755,ACC422,ACC605,19408,2026-09-03 17:42:55.891137,HIGH,0
TX01756,ACC892,ACC817,11115,2026-09-03 17:41:55.891137,MEDIUM,0
TX01757,ACC268,ACC835,11358,2026-09-03 17:40:55.891137,MEDIUM,0
TX01758,ACC652,ACC374,1532,2026-09-03 17:39:55.891137,LOW,0
TX01759,ACC144,ACC106,8786,2026-09-03 17:38:55.891137,MEDIUM,0
TX01760,ACC743,ACC299,3345,2026-09-03 17:37:55.891137,LOW,0
TX01761,ACC595,ACC628,3064,2026-09-03 17:36:55.891137,LOW,0
TX01762,ACC959,ACC435,14638,2026-09-03 17:35:55.891137,MEDIUM,0
TX01763,ACC725,ACC139,4049,2026-09-03 17:34:55.891137,LOW,0
TX01764,ACC805,ACC370,15220,2026-09-03 17:33:55.891137,HIGH,0
TX01765,ACC235,ACC750,15876,2026-09-03 17:32:55.891137,HIGH,1
TX01766,ACC899,ACC310,4027,2026-09-03 17:31:55.891137,LOW,0
TX01767,ACC955,ACC658,3168,2026-09-03 17:30:55.891137,LOW,0
TX01768,ACC856,ACC797,16100,2026-09-03 17:29:55.891137,HIGH,0
TX01769,ACC562,ACC937,4134,2026-09-03 17:28:55.891137,LOW,0
TX01770,ACC159,ACC795,7806,2026-09-03 17:27:55.891137,LOW,0
TX01771,ACC185,ACC267,8990,2026-09-03 17:26:55.891137,MEDIUM,0
TX01772,ACC932,ACC918,1041,2026-09-03 17:25:55.891137,LOW,0
TX01773,ACC196,ACC876,19295,2026-09-03 17:24:55.891137,HIGH,1
TX01774,ACC499,ACC759,9474,2026-09-03 17:23:55.891137,MEDIUM,0
TX01775,ACC215,ACC891,14670,2026-09-03 17:22:55.891137,MEDIUM,0
TX01776,ACC170,ACC335,4417,2026-09-03 17:21:55.891137,LOW,0
TX01777,ACC190,ACC306,10915,2026-09-03 17:20:55.891137,MEDIUM,0
TX01778,ACC290,ACC882,16820,2026-09-03 17:19:55.891137,HIGH,0
TX01779,ACC228,ACC105,19796,2026-09-03 17:18:55.891137,HIGH,0
TX01780,ACC748,ACC292,9182,2026-09-03 17:17:55.891137,MEDIUM,0
TX01781,ACC857,ACC915,12802,2026-09-03 17:16:55.891137,MEDIUM,0
TX01782,ACC662,ACC343,11798,2026-09-03 17:15:55.891137,MEDIUM,0
TX01783,ACC423,ACC562,3726,2026-09-03 17:14:55.891137,LOW,0
TX01784,ACC893,ACC458,8003,2026-09-03 17:13:55.891137,MEDIUM,0
TX01785,ACC682,ACC424,12697,2026-09-03 17:12:55.891137,MEDIUM,0
TX01786,ACC881,ACC185,16152,2026-09-03 17:11:55.891137,HIGH,0
TX01787,ACC967,ACC795,19369,2026-09-03 17:10:55.891137,HIGH,0
TX01788,ACC568,ACC332,7213,2026-09-03 17:09:55.891137,LOW,0
TX01789,ACC199,ACC411,6745,2026-09-03 17:08:55.891137,LOW,0
TX01790,ACC810,ACC718,16481,2026-09-03 17:07:55.895796,HIGH,0
TX01791,ACC810,ACC957,1627,2026-09-03 17:06:55.895796,LOW,0
TX01792,ACC743,ACC162,9011,2026-09-03 17:05:55.895796,MEDIUM,0
TX01793,ACC597,ACC253,14500,2026-09-03 17:04:55.895796,MEDIUM,0
TX01794,ACC543,ACC927,3812,2026-09-03 17:03:55.895796,LOW,0
TX01795,ACC692,ACC497,16817,2026-09-03 17:02:55.895796,HIGH,0
TX01796,ACC948,ACC807,471,2026-09-03 17:01:55.895796,LOW,0
TX01797,ACC335,ACC281,3977,2026-09-03 17:00:55.895796,LOW,0
TX01798,ACC648,ACC844,13064,2026-09-03 16:59:55.895796,MEDIUM,0
TX01799,ACC498,ACC946,1055,2026-09-03 16:58:55.895796,LOW,0
TX01800,ACC604,ACC238,1266,2026-09-03 16:57:55.895796,LOW,0
TX01801,ACC192,ACC489,9461,2026-09-03 16:56:55.895796,MEDIUM,0
TX01802,ACC103,ACC790,9648,2026-09-03 16:55:55.895796,MEDIUM,0
TX01803,ACC221,ACC302,12727,2026-09-03 16:54:55.895796,MEDIUM,0
TX01804,ACC720,ACC431,15393,2026-09-03 16:53:55.895796,HIGH,0
TX01805,ACC374,ACC774,14210,2026-09-03 16:52:55.895796,MEDIUM,0
TX01806,ACC391,ACC414,13493,2026-09-03 16:51:55.895796,MEDIUM,0
TX01807,ACC186,ACC696,12456,2026-09-03 16:50:55.895796,MEDIUM,0
TX01808,ACC489,ACC158,8163,2026-09-03 16:49:55.895796,MEDIUM,0
TX01809,ACC586,ACC727,14584,2026-09-03 16:48:55.895796,MEDIUM,0
TX01810,ACC488,ACC382,9640,2026-09-03 16:47:55.895796,MEDIUM,0
TX01811,ACC360,ACC329,3673,2026-09-03 16:46:55.895796,LOW,0
TX01812,ACC193,ACC430,14848,2026-09-03 16:45:55.895796,MEDIUM,0
TX01813,ACC663,ACC176,13290,2026-09-03 16:44:55.895796,MEDIUM,0
TX01814,ACC768,ACC732,16753,2026-09-03 16:43:55.895796,HIGH,1
TX01815,ACC679,ACC362,19731,2026-09-03 16:42:55.895796,HIGH,0
TX01816,ACC181,ACC351,8446,2026-09-03 16:41:55.895796,MEDIUM,0
TX01817,ACC603,ACC335,394,2026-09-03 16:40:55.895796,LOW,0
TX01818,ACC508,ACC704,14324,2026-09-03 16:39:55.895796,MEDIUM,0
TX01819,ACC194,ACC112,15766,2026-09-03 16:38:55.895796,HIGH,0
TX01820,ACC276,ACC848,4600,2026-09-03 16:37:55.895796,LOW,0
TX01821,ACC298,ACC730,11694,2026-09-03 16:36:55.895796,MEDIUM,0
TX01822,ACC156,ACC709,17048,2026-09-03 16:35:55.895796,HIGH,0
TX01823,ACC426,ACC620,15765,2026-09-03 16:34:55.895796,HIGH,0
TX01824,ACC100,ACC686,405,2026-09-03 16:33:55.895796,LOW,0
TX01825,ACC839,ACC170,19179,2026-09-03 16:32:55.895796,HIGH,0
TX01826,ACC463,ACC427,18696,2026-09-03 16:31:55.895796,HIGH,0
TX01827,ACC796,ACC420,19333,2026-09-03 16:30:55.895796,HIGH,1
TX01828,ACC826,ACC479,10917,2026-09-03 16:29:55.895796,MEDIUM,0
TX01829,ACC351,ACC533,4138,2026-09-03 16:28:55.895796,LOW,0
TX01830,ACC345,ACC450,2032,2026-09-03 16:27:55.895796,LOW,0
TX01831,ACC108,ACC608,15214,2026-09-03 16:26:55.895796,HIGH,0
TX01832,ACC466,ACC597,5224,2026-09-03 16:25:55.895796,LOW,0
TX01833,ACC628,ACC300,11806,2026-09-03 16:24:55.895796,MEDIUM,0
TX01834,ACC638,ACC575,12666,2026-09-03 16:23:55.895796,MEDIUM,0
TX01835,ACC839,ACC431,3126,2026-09-03 16:22:55.895796,LOW,0
TX01836,ACC212,ACC786,16053,2026-09-03 16:21:55.895796,HIGH,0
TX01837,ACC609,ACC782,17821,2026-09-03 16:20:55.895796,HIGH,1
TX01838,ACC358,ACC617,4634,2026-09-03 16:19:55.895796,LOW,0
TX01839,ACC630,ACC585,14264,2026-09-03 16:18:55.895796,MEDIUM,0
TX01840,ACC724,ACC949,18307,2026-09-03 16:17:55.895796,HIGH,1
TX01841,ACC785,ACC509,8846,2026-09-03 16:16:55.895796,MEDIUM,0
TX01842,ACC989,ACC199,747,2026-09-03 16:15:55.895796,LOW,0
TX01843,ACC456,ACC755,268,2026-09-03 16:14:55.895796,LOW,0
TX01844,ACC466,ACC313,18216,2026-09-03 16:13:55.895796,HIGH,0
TX01845,ACC346,ACC513,2019,2026-09-03 16:12:55.895796,LOW,0
TX01846,ACC106,ACC789,3097,2026-09-03 16:11:55.895796,LOW,0
TX01847,ACC280,ACC567,16950,2026-09-03 16:10:55.895796,HIGH,1
TX01848,ACC792,ACC747,9717,2026-09-03 16:09:55.895796,MEDIUM,0
TX01849,ACC568,ACC660,665,2026-09-03 16:08:55.895796,LOW,0
TX01850,ACC116,ACC766,7937,2026-09-03 16:07:55.895796,LOW,0
TX01851,ACC820,ACC422,7550,2026-09-03 16:06:55.895796,LOW,0
TX01852,ACC997,ACC142,1122,2026-09-03 16:05:55.895796,LOW,0
TX01853,ACC852,ACC276,17917,2026-09-03 16:04:55.895796,HIGH,0
TX01854,ACC778,ACC165,6427,2026-09-03 16:03:55.895796,LOW,0
TX01855,ACC285,ACC322,16514,2026-09-03 16:02:55.895796,HIGH,0
TX01856,ACC283,ACC935,2262,2026-09-03 16:01:55.895796,LOW,0
TX01857,ACC567,ACC789,1961,2026-09-03 16:00:55.895796,LOW,0
TX01858,ACC942,ACC213,16757,2026-09-03 15:59:55.895796,HIGH,1
TX01859,ACC380,ACC510,13511,2026-09-03 15:58:55.895796,MEDIUM,0
TX01860,ACC952,ACC116,17384,2026-09-03 15:57:55.895796,HIGH,0
TX01861,ACC210,ACC596,18580,2026-09-03 15:56:55.895796,HIGH,1
TX01862,ACC800,ACC539,15934,2026-09-03 15:55:55.895796,HIGH,1
TX01863,ACC770,ACC187,3433,2026-09-03 15:54:55.895796,LOW,0
TX01864,ACC404,ACC160,12877,2026-09-03 15:53:55.895796,MEDIUM,0
TX01865,ACC373,ACC348,7290,2026-09-03 15:52:55.895796,LOW,0
TX01866,ACC834,ACC421,10921,2026-09-03 15:51:55.895796,MEDIUM,0
TX01867,ACC166,ACC827,4438,2026-09-03 15:50:55.895796,LOW,0
TX01868,ACC249,ACC922,18957,2026-09-03 15:49:55.895796,HIGH,1
TX01869,ACC586,ACC899,17283,2026-09-03 15:48:55.895796,HIGH,1
TX01870,ACC771,ACC533,8464,2026-09-03 15:47:55.895796,MEDIUM,0
TX01871,ACC458,ACC862,362,2026-09-03 15:46:55.895796,LOW,0
TX01872,ACC476,ACC391,3846,2026-09-03 15:45:55.895796,LOW,0
TX01873,ACC543,ACC102,7529,2026-09-03 15:44:55.895796,LOW,0
TX01874,ACC732,ACC242,8436,2026-09-03 15:43:55.895796,MEDIUM,0
TX01875,ACC566,ACC174,4541,2026-09-03 15:42:55.895796,LOW,0
TX01876,ACC432,ACC391,17617,2026-09-03 15:41:55.895796,HIGH,1
TX01877,ACC263,ACC509,5828,2026-09-03 15:40:55.895796,LOW,0
TX01878,ACC584,ACC288,19447,2026-09-03 15:39:55.895796,HIGH,1
TX01879,ACC962,ACC473,8487,2026-09-03 15:38:55.895796,MEDIUM,0
TX01880,ACC481,ACC686,10539,2026-09-03 15:37:55.895796,MEDIUM,0
TX01881,ACC582,ACC321,19963,2026-09-03 15:36:55.895796,HIGH,1
TX01882,ACC448,ACC840,869,2026-09-03 15:35:55.895796,LOW,0
TX01883,ACC260,ACC642,18461,2026-09-03 15:34:55.895796,HIGH,1
TX01884,ACC989,ACC381,11704,2026-09-03 15:33:55.895796,MEDIUM,0
TX01885,ACC757,ACC493,19235,2026-09-03 15:32:55.895796,HIGH,0
TX01886,ACC938,ACC574,8154,2026-09-03 15:31:55.895796,MEDIUM,0
TX01887,ACC673,ACC441,15415,2026-09-03 15:30:55.895796,HIGH,1
TX01888,ACC891,ACC866,510,2026-09-03 15:29:55.895796,LOW,0
TX01889,ACC710,ACC647,2808,2026-09-03 15:28:55.895796,LOW,0
TX01890,ACC172,ACC918,5895,2026-09-03 15:27:55.895796,LOW,0
TX01891,ACC516,ACC218,3337,2026-09-03 15:26:55.895796,LOW,0
TX01892,ACC248,ACC374,19483,2026-09-03 15:25:55.895796,HIGH,1
TX01893,ACC956,ACC714,10992,2026-09-03 15:24:55.895796,MEDIUM,0
TX01894,ACC515,ACC258,10609,2026-09-03 15:23:55.895796,MEDIUM,0
TX01895,ACC767,ACC668,14740,2026-09-03 15:22:55.895796,MEDIUM,0
TX01896,ACC314,ACC131,9789,2026-09-03 15:21:55.895796,MEDIUM,0
TX01897,ACC870,ACC245,1224,2026-09-03 15:20:55.895796,LOW,0
TX01898,ACC650,ACC499,7061,2026-09-03 15:19:55.895796,LOW,0
TX01899,ACC341,ACC699,1620,2026-09-03 15:18:55.895796,LOW,0
TX01900,ACC983,ACC976,4278,2026-09-03 15:17:55.895796,LOW,0
TX01901,ACC283,ACC139,9660,2026-09-03 15:16:55.895796,MEDIUM,0
TX01902,ACC875,ACC707,10448,2026-09-03 15:15:55.895796,MEDIUM,0
TX01903,ACC944,ACC233,14798,2026-09-03 15:14:55.895796,MEDIUM,0
TX01904,ACC877,ACC604,494,2026-09-03 15:13:55.895796,LOW,0
TX01905,ACC876,ACC691,3094,2026-09-03 15:12:55.895796,LOW,0
TX01906,ACC168,ACC161,16849,2026-09-03 15:11:55.895796,HIGH,1
TX01907,ACC879,ACC788,17993,2026-09-03 15:10:55.895796,HIGH,0
TX01908,ACC748,ACC434,9080,2026-09-03 15:09:55.895796,MEDIUM,0
TX01909,ACC617,ACC394,13355,2026-09-03 15:08:55.895796,MEDIUM,0
TX01910,ACC953,ACC798,14356,2026-09-03 15:07:55.895796,MEDIUM,0
TX01911,ACC424,ACC592,8973,2026-09-03 15:06:55.895796,MEDIUM,0
TX01912,ACC702,ACC816,16624,2026-09-03 15:05:55.895796,HIGH,0
TX01913,ACC479,ACC667,1611,2026-09-03 15:04:55.895796,LOW,0
TX01914,ACC192,ACC608,6714,2026-09-03 15:03:55.895796,LOW,0
TX01915,ACC323,ACC298,14542,2026-09-03 15:02:55.895796,MEDIUM,0
TX01916,ACC490,ACC149,8408,2026-09-03 15:01:55.895796,MEDIUM,0
TX01917,ACC995,ACC243,4111,2026-09-03 15:00:55.895796,LOW,0
TX01918,ACC354,ACC665,8670,2026-09-03 14:59:55.895796,MEDIUM,0
TX01919,ACC627,ACC891,4360,2026-09-03 14:58:55.895796,LOW,0
TX01920,ACC135,ACC677,6473,2026-09-03 14:57:55.895796,LOW,0
TX01921,ACC725,ACC221,1951,2026-09-03 14:56:55.895796,LOW,0
TX01922,ACC945,ACC524,18701,2026-09-03 14:55:55.895796,HIGH,0
TX01923,ACC324,ACC828,19243,2026-09-03 14:54:55.895796,HIGH,1
TX01924,ACC720,ACC191,5290,2026-09-03 14:53:55.895796,LOW,0
TX01925,ACC183,ACC125,2928,2026-09-03 14:52:55.895796,LOW,0
TX01926,ACC632,ACC627,14422,2026-09-03 14:51:55.895796,MEDIUM,0
TX01927,ACC571,ACC918,8156,2026-09-03 14:50:55.895796,MEDIUM,0
TX01928,ACC394,ACC364,15511,2026-09-03 14:49:55.895796,HIGH,0
TX01929,ACC294,ACC123,4210,2026-09-03 14:48:55.895796,LOW,0
TX01930,ACC992,ACC104,16440,2026-09-03 14:47:55.895796,HIGH,1
TX01931,ACC107,ACC803,7171,2026-09-03 14:46:55.895796,LOW,0
TX01932,ACC238,ACC809,19763,2026-09-03 14:45:55.895796,HIGH,0
TX01933,ACC276,ACC301,18328,2026-09-03 14:44:55.895796,HIGH,0
TX01934,ACC127,ACC647,13399,2026-09-03 14:43:55.895796,MEDIUM,0
TX01935,ACC971,ACC267,7651,2026-09-03 14:42:55.895796,LOW,0
TX01936,ACC609,ACC960,6154,2026-09-03 14:41:55.895796,LOW,0
TX01937,ACC874,ACC676,2301,2026-09-03 14:40:55.895796,LOW,0
TX01938,ACC187,ACC584,1973,2026-09-03 14:39:55.895796,LOW,0
TX01939,ACC934,ACC941,4818,2026-09-03 14:38:55.895796,LOW,0
TX01940,ACC568,ACC683,5812,2026-09-03 14:37:55.895796,LOW,0
TX01941,ACC448,ACC245,16018,2026-09-03 14:36:55.895796,HIGH,0
TX01942,ACC100,ACC248,7654,2026-09-03 14:35:55.895796,LOW,0
TX01943,ACC582,ACC289,13369,2026-09-03 14:34:55.895796,MEDIUM,0
TX01944,ACC908,ACC331,18877,2026-09-03 14:33:55.895796,HIGH,0
TX01945,ACC925,ACC545,1472,2026-09-03 14:32:55.895796,LOW,0
TX01946,ACC846,ACC507,8198,2026-09-03 14:31:55.895796,MEDIUM,0
TX01947,ACC408,ACC318,17118,2026-09-03 14:30:55.895796,HIGH,0
TX01948,ACC321,ACC967,6772,2026-09-03 14:29:55.895796,LOW,0
TX01949,ACC248,ACC873,15397,2026-09-03 14:28:55.895796,HIGH,0
TX01950,ACC713,ACC407,4991,2026-09-03 14:27:55.895796,LOW,0
TX01951,ACC393,ACC300,2889,2026-09-03 14:26:55.895796,LOW,0
TX01952,ACC745,ACC527,15009,2026-09-03 14:25:55.895796,HIGH,1
TX01953,ACC431,ACC964,11768,2026-09-03 14:24:55.895796,MEDIUM,0
TX01954,ACC108,ACC312,13133,2026-09-03 14:23:55.895796,MEDIUM,0
TX01955,ACC774,ACC139,19911,2026-09-03 14:22:55.895796,HIGH,1
TX01956,ACC669,ACC946,14549,2026-09-03 14:21:55.895796,MEDIUM,0
TX01957,ACC701,ACC391,1833,2026-09-03 14:20:55.895796,LOW,0
TX01958,ACC150,ACC643,8952,2026-09-03 14:19:55.895796,MEDIUM,0
TX01959,ACC293,ACC649,16133,2026-09-03 14:18:55.895796,HIGH,0
TX01960,ACC148,ACC749,1228,2026-09-03 14:17:55.895796,LOW,0
TX01961,ACC412,ACC699,4967,2026-09-03 14:16:55.895796,LOW,0
TX01962,ACC776,ACC729,14354,2026-09-03 14:15:55.895796,MEDIUM,0
TX01963,ACC225,ACC919,15888,2026-09-03 14:14:55.895796,HIGH,1
TX01964,ACC642,ACC209,729,2026-09-03 14:13:55.895796,LOW,0
TX01965,ACC169,ACC844,11378,2026-09-03 14:12:55.895796,MEDIUM,0
TX01966,ACC320,ACC734,15349,2026-09-03 14:11:55.895796,HIGH,1
TX01967,ACC227,ACC766,9056,2026-09-03 14:10:55.895796,MEDIUM,0
TX01968,ACC206,ACC223,4163,2026-09-03 14:09:55.895796,LOW,0
TX01969,ACC159,ACC713,10066,2026-09-03 14:08:55.895796,MEDIUM,0
TX01970,ACC754,ACC406,15921,2026-09-03 14:07:55.895796,HIGH,1
TX01971,ACC439,ACC706,19067,2026-09-03 14:06:55.895796,HIGH,0
TX01972,ACC847,ACC726,5322,2026-09-03 14:05:55.895796,LOW,0
TX01973,ACC154,ACC859,11914,2026-09-03 14:04:55.895796,MEDIUM,0
TX01974,ACC860,ACC968,3142,2026-09-03 14:03:55.895796,LOW,0
TX01975,ACC555,ACC268,16870,2026-09-03 14:02:55.895796,HIGH,0
TX01976,ACC365,ACC398,6704,2026-09-03 14:01:55.895796,LOW,0
TX01977,ACC702,ACC450,11724,2026-09-03 14:00:55.895796,MEDIUM,0
TX01978,ACC731,ACC129,10552,2026-09-03 13:59:55.895796,MEDIUM,0
TX01979,ACC966,ACC213,667,2026-09-03 13:58:55.895796,LOW,0
TX01980,ACC823,ACC150,9460,2026-09-03 13:57:55.895796,MEDIUM,0
TX01981,ACC416,ACC272,15874,2026-09-03 13:56:55.895796,HIGH,0
TX01982,ACC949,ACC599,11218,2026-09-03 13:55:55.895796,MEDIUM,0
TX01983,ACC327,ACC969,17408,2026-09-03 13:54:55.895796,HIGH,1
TX01984,ACC334,ACC744,1859,2026-09-03 13:53:55.895796,LOW,0
TX01985,ACC301,ACC107,7877,2026-09-03 13:52:55.895796,LOW,0
TX01986,ACC763,ACC208,4722,2026-09-03 13:51:55.895796,LOW,0
TX01987,ACC960,ACC110,12951,2026-09-03 13:50:55.895796,MEDIUM,0
TX01988,ACC136,ACC240,713,2026-09-03 13:49:55.895796,LOW,0
TX01989,ACC809,ACC346,11195,2026-09-03 13:48:55.895796,MEDIUM,0
TX01990,ACC484,ACC645,16973,2026-09-03 13:47:55.895796,HIGH,0
TX01991,ACC600,ACC118,4409,2026-09-03 13:46:55.895796,LOW,0
TX01992,ACC419,ACC906,7685,2026-09-03 13:45:55.895796,LOW,0
TX01993,ACC113,ACC405,11148,2026-09-03 13:44:55.897803,MEDIUM,0
TX01994,ACC816,ACC851,16666,2026-09-03 13:43:55.897803,HIGH,1
TX01995,ACC623,ACC147,13547,2026-09-03 13:42:55.897803,MEDIUM,0
TX01996,ACC805,ACC179,5009,2026-09-03 13:41:55.897803,LOW,0
TX01997,ACC652,ACC630,5213,2026-09-03 13:40:55.897803,LOW,0
TX01998,ACC666,ACC841,11299,2026-09-03 13:39:55.897803,MEDIUM,0
TX01999,ACC132,ACC601,2640,2026-09-03 13:38:55.897803,LOW,0
TX02000,ACC863,ACC802,4048,2026-09-03 13:37:55.897803,LOW,0
TX02001,ACC616,ACC480,10912,2026-09-03 13:36:55.897803,MEDIUM,0
TX02002,ACC985,ACC979,761,2026-09-03 13:35:55.897803,LOW,0
TX02003,ACC653,ACC312,6192,2026-09-03 13:34:55.897803,LOW,0
TX02004,ACC772,ACC987,18140,2026-09-03 13:33:55.897803,HIGH,1
TX02005,ACC247,ACC552,4490,2026-09-03 13:32:55.897803,LOW,0
TX02006,ACC378,ACC804,17573,2026-09-03 13:31:55.897803,HIGH,1
TX02007,ACC595,ACC182,16070,2026-09-03 13:30:55.897803,HIGH,0
TX02008,ACC153,ACC602,1101,2026-09-03 13:29:55.897803,LOW,0
TX02009,ACC777,ACC253,2979,2026-09-03 13:28:55.897803,LOW,0
TX02010,ACC918,ACC866,14688,2026-09-03 13:27:55.897803,MEDIUM,0
TX02011,ACC895,ACC171,5824,2026-09-03 13:26:55.897803,LOW,0
TX02012,ACC312,ACC609,4446,2026-09-03 13:25:55.897803,LOW,0
TX02013,ACC615,ACC695,8900,2026-09-03 13:24:55.897803,MEDIUM,0
TX02014,ACC878,ACC127,1650,2026-09-03 13:23:55.897803,LOW,0
TX02015,ACC617,ACC948,1013,2026-09-03 13:22:55.897803,LOW,0
TX02016,ACC591,ACC441,7237,2026-09-03 13:21:55.897803,LOW,0
TX02017,ACC225,ACC490,19467,2026-09-03 13:20:55.897803,HIGH,1
TX02018,ACC496,ACC661,17286,2026-09-03 13:19:55.897803,HIGH,1
TX02019,ACC427,ACC818,18539,2026-09-03 13:18:55.897803,HIGH,1
TX02020,ACC277,ACC792,2223,2026-09-03 13:17:55.897803,LOW,0
TX02021,ACC674,ACC634,3910,2026-09-03 13:16:55.897803,LOW,0
TX02022,ACC183,ACC169,7159,2026-09-03 13:15:55.897803,LOW,0
TX02023,ACC434,ACC726,17437,2026-09-03 13:14:55.897803,HIGH,0
TX02024,ACC579,ACC166,6181,2026-09-03 13:13:55.897803,LOW,0
TX02025,ACC520,ACC716,12718,2026-09-03 13:12:55.897803,MEDIUM,0
TX02026,ACC855,ACC653,16143,2026-09-03 13:11:55.897803,HIGH,1
TX02027,ACC968,ACC232,14690,2026-09-03 13:10:55.897803,MEDIUM,0
TX02028,ACC942,ACC807,14603,2026-09-03 13:09:55.897803,MEDIUM,0
TX02029,ACC603,ACC440,6493,2026-09-03 13:08:55.897803,LOW,0
TX02030,ACC695,ACC537,18681,2026-09-03 13:07:55.897803,HIGH,0
TX02031,ACC483,ACC777,17174,2026-09-03 13:06:55.897803,HIGH,1
TX02032,ACC698,ACC116,7402,2026-09-03 13:05:55.897803,LOW,0
TX02033,ACC932,ACC304,5797,2026-09-03 13:04:55.897803,LOW,0
TX02034,ACC415,ACC563,2495,2026-09-03 13:03:55.897803,LOW,0
TX02035,ACC649,ACC749,19925,2026-09-03 13:02:55.897803,HIGH,1
TX02036,ACC425,ACC121,6380,2026-09-03 13:01:55.897803,LOW,0
TX02037,ACC740,ACC350,8925,2026-09-03 13:00:55.897803,MEDIUM,0
TX02038,ACC273,ACC962,17547,2026-09-03 12:59:55.897803,HIGH,1
TX02039,ACC100,ACC307,19190,2026-09-03 12:58:55.897803,HIGH,0
TX02040,ACC762,ACC439,10314,2026-09-03 12:57:55.897803,MEDIUM,0
TX02041,ACC999,ACC843,1108,2026-09-03 12:56:55.897803,LOW,0
TX02042,ACC560,ACC513,13405,2026-09-03 12:55:55.897803,MEDIUM,0
TX02043,ACC448,ACC729,19428,2026-09-03 12:54:55.897803,HIGH,0
TX02044,ACC454,ACC528,582,2026-09-03 12:53:55.897803,LOW,0
TX02045,ACC801,ACC999,2192,2026-09-03 12:52:55.897803,LOW,0
TX02046,ACC597,ACC473,3320,2026-09-03 12:51:55.897803,LOW,0
TX02047,ACC436,ACC996,7436,2026-09-03 12:50:55.897803,LOW,0
TX02048,ACC262,ACC286,1180,2026-09-03 12:49:55.897803,LOW,0
TX02049,ACC135,ACC173,2444,2026-09-03 12:48:55.897803,LOW,0
TX02050,ACC689,ACC316,19125,2026-09-03 12:47:55.897803,HIGH,0
TX02051,ACC408,ACC213,12942,2026-09-03 12:46:55.897803,MEDIUM,0
TX02052,ACC863,ACC877,12358,2026-09-03 12:45:55.897803,MEDIUM,0
TX02053,ACC940,ACC332,8617,2026-09-03 12:44:55.897803,MEDIUM,0
TX02054,ACC724,ACC502,5614,2026-09-03 12:43:55.897803,LOW,0
TX02055,ACC708,ACC785,1415,2026-09-03 12:42:55.897803,LOW,0
TX02056,ACC944,ACC252,8631,2026-09-03 12:41:55.897803,MEDIUM,0
TX02057,ACC402,ACC921,11658,2026-09-03 12:40:55.897803,MEDIUM,0
TX02058,ACC438,ACC586,8752,2026-09-03 12:39:55.897803,MEDIUM,0
TX02059,ACC966,ACC261,14592,2026-09-03 12:38:55.897803,MEDIUM,0
TX02060,ACC400,ACC643,5459,2026-09-03 12:37:55.897803,LOW,0
TX02061,ACC815,ACC816,8269,2026-09-03 12:36:55.897803,MEDIUM,0
TX02062,ACC978,ACC109,18618,2026-09-03 12:35:55.897803,HIGH,0
TX02063,ACC361,ACC944,11987,2026-09-03 12:34:55.897803,MEDIUM,0
TX02064,ACC988,ACC626,15622,2026-09-03 12:33:55.897803,HIGH,1
TX02065,ACC692,ACC337,17096,2026-09-03 12:32:55.897803,HIGH,1
TX02066,ACC348,ACC361,15520,2026-09-03 12:31:55.897803,HIGH,1
TX02067,ACC118,ACC869,5588,2026-09-03 12:30:55.897803,LOW,0
TX02068,ACC234,ACC283,18571,2026-09-03 12:29:55.897803,HIGH,1
TX02069,ACC736,ACC800,3667,2026-09-03 12:28:55.897803,LOW,0
TX02070,ACC745,ACC557,15789,2026-09-03 12:27:55.897803,HIGH,1
TX02071,ACC512,ACC585,6774,2026-09-03 12:26:55.897803,LOW,0
TX02072,ACC622,ACC649,573,2026-09-03 12:25:55.898449,LOW,0
TX02073,ACC533,ACC246,5863,2026-09-03 12:24:55.898449,LOW,0
TX02074,ACC772,ACC991,10038,2026-09-03 12:23:55.898449,MEDIUM,0
TX02075,ACC450,ACC834,19921,2026-09-03 12:22:55.898449,HIGH,0
TX02076,ACC825,ACC456,10764,2026-09-03 12:21:55.898449,MEDIUM,0
TX02077,ACC443,ACC508,8661,2026-09-03 12:20:55.898449,MEDIUM,0
TX02078,ACC947,ACC557,17789,2026-09-03 12:19:55.898449,HIGH,0
TX02079,ACC167,ACC428,1450,2026-09-03 12:18:55.898449,LOW,0
TX02080,ACC833,ACC295,4500,2026-09-03 12:17:55.898449,LOW,0
TX02081,ACC361,ACC163,19448,2026-09-03 12:16:55.898449,HIGH,1
TX02082,ACC879,ACC838,4099,2026-09-03 12:15:55.898449,LOW,0
TX02083,ACC768,ACC258,14638,2026-09-03 12:14:55.898449,MEDIUM,0
TX02084,ACC184,ACC291,12188,2026-09-03 12:13:55.898449,MEDIUM,0
TX02085,ACC490,ACC645,15068,2026-09-03 12:12:55.898449,HIGH,1
TX02086,ACC598,ACC987,17197,2026-09-03 12:11:55.898449,HIGH,0
TX02087,ACC216,ACC159,15935,2026-09-03 12:10:55.898449,HIGH,1
TX02088,ACC565,ACC248,13392,2026-09-03 12:09:55.898449,MEDIUM,0
TX02089,ACC394,ACC678,16395,2026-09-03 12:08:55.898449,HIGH,1
TX02090,ACC944,ACC310,10386,2026-09-03 12:07:55.898449,MEDIUM,0
TX02091,ACC866,ACC494,5151,2026-09-03 12:06:55.898449,LOW,0
TX02092,ACC936,ACC203,7112,2026-09-03 12:05:55.898449,LOW,0
TX02093,ACC431,ACC841,18102,2026-09-03 12:04:55.898449,HIGH,1
TX02094,ACC853,ACC706,2473,2026-09-03 12:03:55.898449,LOW,0
TX02095,ACC572,ACC664,16637,2026-09-03 12:02:55.898449,HIGH,0
TX02096,ACC689,ACC619,8853,2026-09-03 12:01:55.898449,MEDIUM,0
TX02097,ACC413,ACC937,7867,2026-09-03 12:00:55.898449,LOW,0
TX02098,ACC277,ACC754,1122,2026-09-03 11:59:55.898449,LOW,0
TX02099,ACC472,ACC322,6764,2026-09-03 11:58:55.898449,LOW,0
TX02100,ACC452,ACC809,9528,2026-09-03 11:57:55.898449,MEDIUM,0
TX02101,ACC378,ACC545,12550,2026-09-03 11:56:55.898449,MEDIUM,0
TX02102,ACC378,ACC401,8500,2026-09-03 11:55:55.898449,MEDIUM,0
TX02103,ACC712,ACC819,12465,2026-09-03 11:54:55.898449,MEDIUM,0
TX02104,ACC989,ACC838,5745,2026-09-03 11:53:55.898449,LOW,0
TX02105,ACC210,ACC585,15588,2026-09-03 11:52:55.898449,HIGH,1
TX02106,ACC478,ACC414,7793,2026-09-03 11:51:55.898449,LOW,0
TX02107,ACC585,ACC351,7143,2026-09-03 11:50:55.898449,LOW,0
TX02108,ACC235,ACC749,12905,2026-09-03 11:49:55.898449,MEDIUM,0
TX02109,ACC811,ACC833,938,2026-09-03 11:48:55.898449,LOW,0
TX02110,ACC316,ACC707,9493,2026-09-03 11:47:55.898449,MEDIUM,0
TX02111,ACC177,ACC472,7413,2026-09-03 11:46:55.898449,LOW,0
TX02112,ACC619,ACC516,3827,2026-09-03 11:45:55.898449,LOW,0
TX02113,ACC864,ACC694,9898,2026-09-03 11:44:55.898449,MEDIUM,0
TX02114,ACC406,ACC512,16909,2026-09-03 11:43:55.898449,HIGH,1
TX02115,ACC401,ACC253,17396,2026-09-03 11:42:55.898449,HIGH,1
TX02116,ACC173,ACC215,2148,2026-09-03 11:41:55.898449,LOW,0
TX02117,ACC759,ACC265,663,2026-09-03 11:40:55.898449,LOW,0
TX02118,ACC856,ACC190,13981,2026-09-03 11:39:55.898449,MEDIUM,0
TX02119,ACC926,ACC376,8085,2026-09-03 11:38:55.898449,MEDIUM,0
TX02120,ACC112,ACC375,11765,2026-09-03 11:37:55.898449,MEDIUM,0
TX02121,ACC973,ACC599,9654,2026-09-03 11:36:55.898449,MEDIUM,0
TX02122,ACC894,ACC748,9139,2026-09-03 11:35:55.898449,MEDIUM,0
TX02123,ACC785,ACC948,11252,2026-09-03 11:34:55.898449,MEDIUM,0
TX02124,ACC954,ACC216,1054,2026-09-03 11:33:55.898449,LOW,0
TX02125,ACC603,ACC838,17342,2026-09-03 11:32:55.898449,HIGH,1
TX02126,ACC612,ACC321,16743,2026-09-03 11:31:55.898449,HIGH,1
TX02127,ACC597,ACC642,17519,2026-09-03 11:30:55.898449,HIGH,0
TX02128,ACC109,ACC377,5247,2026-09-03 11:29:55.898449,LOW,0
TX02129,ACC569,ACC397,8645,2026-09-03 11:28:55.898449,MEDIUM,0
TX02130,ACC410,ACC394,12675,2026-09-03 11:27:55.898449,MEDIUM,0
TX02131,ACC415,ACC500,5080,2026-09-03 11:26:55.898449,LOW,0
TX02132,ACC223,ACC563,18546,2026-09-03 11:25:55.898449,HIGH,0
TX02133,ACC767,ACC840,2261,2026-09-03 11:24:55.898449,LOW,0
TX02134,ACC828,ACC869,5431,2026-09-03 11:23:55.898449,LOW,0
TX02135,ACC710,ACC745,12577,2026-09-03 11:22:55.898449,MEDIUM,0
TX02136,ACC384,ACC154,8801,2026-09-03 11:21:55.898449,MEDIUM,0
TX02137,ACC310,ACC718,3799,2026-09-03 11:20:55.898449,LOW,0
TX02138,ACC770,ACC696,316,2026-09-03 11:19:55.898449,LOW,0
TX02139,ACC571,ACC193,18930,2026-09-03 11:18:55.898449,HIGH,1
TX02140,ACC749,ACC331,15507,2026-09-03 11:17:55.898449,HIGH,1
TX02141,ACC403,ACC983,12536,2026-09-03 11:16:55.898449,MEDIUM,0
TX02142,ACC807,ACC951,19832,2026-09-03 11:15:55.898449,HIGH,1
TX02143,ACC356,ACC874,7171,2026-09-03 11:14:55.898449,LOW,0
TX02144,ACC873,ACC302,11371,2026-09-03 11:13:55.898449,MEDIUM,0
TX02145,ACC464,ACC873,10918,2026-09-03 11:12:55.898449,MEDIUM,0
TX02146,ACC284,ACC845,16158,2026-09-03 11:11:55.898449,HIGH,1
TX02147,ACC286,ACC920,7760,2026-09-03 11:10:55.898449,LOW,0
TX02148,ACC869,ACC131,12744,2026-09-03 11:09:55.898449,MEDIUM,0
TX02149,ACC298,ACC540,12953,2026-09-03 11:08:55.898449,MEDIUM,0
TX02150,ACC750,ACC330,11056,2026-09-03 11:07:55.898449,MEDIUM,0
TX02151,ACC667,ACC513,16413,2026-09-03 11:06:55.898449,HIGH,1
TX02152,ACC239,ACC871,9943,2026-09-03 11:05:55.898449,MEDIUM,0
TX02153,ACC343,ACC223,11938,2026-09-03 11:04:55.898449,MEDIUM,0
TX02154,ACC980,ACC503,3557,2026-09-03 11:03:55.898449,LOW,0
TX02155,ACC250,ACC122,8338,2026-09-03 11:02:55.898449,MEDIUM,0
TX02156,ACC372,ACC929,3469,2026-09-03 11:01:55.898449,LOW,0
TX02157,ACC309,ACC281,19877,2026-09-03 11:00:55.898449,HIGH,1
TX02158,ACC588,ACC171,5002,2026-09-03 10:59:55.898449,LOW,0
TX02159,ACC334,ACC776,18247,2026-09-03 10:58:55.898449,HIGH,1
TX02160,ACC464,ACC954,11477,2026-09-03 10:57:55.898449,MEDIUM,0
TX02161,ACC991,ACC251,6817,2026-09-03 10:56:55.898449,LOW,0
TX02162,ACC689,ACC238,6606,2026-09-03 10:55:55.898449,LOW,0
TX02163,ACC913,ACC301,9566,2026-09-03 10:54:55.898449,MEDIUM,0
TX02164,ACC164,ACC116,18503,2026-09-03 10:53:55.898449,HIGH,0
TX02165,ACC450,ACC101,13158,2026-09-03 10:52:55.898449,MEDIUM,0
TX02166,ACC253,ACC140,18776,2026-09-03 10:51:55.898449,HIGH,0
TX02167,ACC398,ACC992,19652,2026-09-03 10:50:55.898449,HIGH,1
TX02168,ACC192,ACC759,10776,2026-09-03 10:49:55.898449,MEDIUM,0
TX02169,ACC490,ACC376,18793,2026-09-03 10:48:55.898449,HIGH,0
TX02170,ACC425,ACC179,3902,2026-09-03 10:47:55.898449,LOW,0
TX02171,ACC268,ACC120,5575,2026-09-03 10:46:55.898449,LOW,0
TX02172,ACC431,ACC277,16836,2026-09-03 10:45:55.898449,HIGH,1
TX02173,ACC886,ACC565,17365,2026-09-03 10:44:55.898449,HIGH,1
TX02174,ACC925,ACC917,6461,2026-09-03 10:43:55.898449,LOW,0
TX02175,ACC811,ACC366,12143,2026-09-03 10:42:55.898449,MEDIUM,0
TX02176,ACC354,ACC253,10275,2026-09-03 10:41:55.898449,MEDIUM,0
TX02177,ACC643,ACC338,14702,2026-09-03 10:40:55.898449,MEDIUM,0
TX02178,ACC725,ACC859,7259,2026-09-03 10:39:55.898449,LOW,0
TX02179,ACC522,ACC523,8578,2026-09-03 10:38:55.898449,MEDIUM,0
TX02180,ACC652,ACC321,17768,2026-09-03 10:37:55.898449,HIGH,1
TX02181,ACC277,ACC585,10595,2026-09-03 10:36:55.898449,MEDIUM,0
TX02182,ACC205,ACC238,17100,2026-09-03 10:35:55.898449,HIGH,0
TX02183,ACC384,ACC969,8938,2026-09-03 10:34:55.898449,MEDIUM,0
TX02184,ACC431,ACC698,16471,2026-09-03 10:33:55.898449,HIGH,1
TX02185,ACC556,ACC659,19802,2026-09-03 10:32:55.898449,HIGH,1
TX02186,ACC643,ACC429,15481,2026-09-03 10:31:55.898449,HIGH,1
TX02187,ACC442,ACC818,14110,2026-09-03 10:30:55.898449,MEDIUM,0
TX02188,ACC789,ACC597,3237,2026-09-03 10:29:55.898449,LOW,0
TX02189,ACC985,ACC937,18186,2026-09-03 10:28:55.898449,HIGH,0
TX02190,ACC179,ACC256,16697,2026-09-03 10:27:55.898449,HIGH,1
TX02191,ACC283,ACC535,1875,2026-09-03 10:26:55.898449,LOW,0
TX02192,ACC600,ACC440,18866,2026-09-03 10:25:55.898449,HIGH,0
TX02193,ACC400,ACC126,18051,2026-09-03 10:24:55.898449,HIGH,1
TX02194,ACC669,ACC990,2165,2026-09-03 10:23:55.898449,LOW,0
TX02195,ACC819,ACC517,11148,2026-09-03 10:22:55.898449,MEDIUM,0
TX02196,ACC120,ACC366,12832,2026-09-03 10:21:55.898449,MEDIUM,0
TX02197,ACC532,ACC241,17119,2026-09-03 10:20:55.898449,HIGH,1
TX02198,ACC929,ACC450,16445,2026-09-03 10:19:55.898449,HIGH,0
TX02199,ACC861,ACC126,18251,2026-09-03 10:18:55.898449,HIGH,0
TX02200,ACC585,ACC557,16014,2026-09-03 10:17:55.898449,HIGH,1
TX02201,ACC302,ACC535,17062,2026-09-03 10:16:55.898449,HIGH,0
TX02202,ACC915,ACC960,7167,2026-09-03 10:15:55.898449,LOW,0
TX02203,ACC734,ACC665,11289,2026-09-03 10:14:55.898449,MEDIUM,0
TX02204,ACC732,ACC812,2594,2026-09-03 10:13:55.898449,LOW,0
TX02205,ACC468,ACC660,2782,2026-09-03 10:12:55.898449,LOW,0
TX02206,ACC314,ACC530,8887,2026-09-03 10:11:55.898449,MEDIUM,0
TX02207,ACC903,ACC704,14834,2026-09-03 10:10:55.898449,MEDIUM,0
TX02208,ACC672,ACC310,6688,2026-09-03 10:09:55.898449,LOW,0
TX02209,ACC271,ACC339,12723,2026-09-03 10:08:55.898449,MEDIUM,0
TX02210,ACC295,ACC762,8368,2026-09-03 10:07:55.898449,MEDIUM,0
TX02211,ACC457,ACC490,13660,2026-09-03 10:06:55.898449,MEDIUM,0
TX02212,ACC330,ACC117,19149,2026-09-03 10:05:55.898449,HIGH,0
TX02213,ACC174,ACC778,4977,2026-09-03 10:04:55.898449,LOW,0
TX02214,ACC492,ACC726,15184,2026-09-03 10:03:55.898449,HIGH,1
TX02215,ACC518,ACC828,1638,2026-09-03 10:02:55.898449,LOW,0
TX02216,ACC324,ACC181,10391,2026-09-03 10:01:55.898449,MEDIUM,0
TX02217,ACC817,ACC110,6447,2026-09-03 10:00:55.898449,LOW,0
TX02218,ACC225,ACC490,12415,2026-09-03 09:59:55.898449,MEDIUM,0
TX02219,ACC385,ACC121,8036,2026-09-03 09:58:55.898449,MEDIUM,0
TX02220,ACC207,ACC484,1744,2026-09-03 09:57:55.898449,LOW,0
TX02221,ACC885,ACC435,17026,2026-09-03 09:56:55.898449,HIGH,1
TX02222,ACC170,ACC785,16714,2026-09-03 09:55:55.898449,HIGH,1
TX02223,ACC613,ACC454,19185,2026-09-03 09:54:55.898449,HIGH,1
TX02224,ACC896,ACC363,12428,2026-09-03 09:53:55.898449,MEDIUM,0
TX02225,ACC797,ACC893,13288,2026-09-03 09:52:55.898449,MEDIUM,0
TX02226,ACC275,ACC320,19395,2026-09-03 09:51:55.898449,HIGH,0
TX02227,ACC836,ACC356,12129,2026-09-03 09:50:55.898449,MEDIUM,0
TX02228,ACC370,ACC687,13914,2026-09-03 09:49:55.898449,MEDIUM,0
TX02229,ACC733,ACC901,10608,2026-09-03 09:48:55.898449,MEDIUM,0
TX02230,ACC499,ACC361,15471,2026-09-03 09:47:55.898449,HIGH,1
TX02231,ACC827,ACC754,19357,2026-09-03 09:46:55.898449,HIGH,0
TX02232,ACC684,ACC881,1019,2026-09-03 09:45:55.898449,LOW,0
TX02233,ACC297,ACC613,15262,2026-09-03 09:44:55.898449,HIGH,1
TX02234,ACC276,ACC857,6516,2026-09-03 09:43:55.898449,LOW,0
TX02235,ACC193,ACC336,3117,2026-09-03 09:42:55.898449,LOW,0
TX02236,ACC809,ACC512,11301,2026-09-03 09:41:55.898449,MEDIUM,0
TX02237,ACC307,ACC407,10750,2026-09-03 09:40:55.898449,MEDIUM,0
TX02238,ACC408,ACC497,12581,2026-09-03 09:39:55.898449,MEDIUM,0
TX02239,ACC136,ACC977,12413,2026-09-03 09:38:55.898449,MEDIUM,0
TX02240,ACC118,ACC128,19454,2026-09-03 09:37:55.898449,HIGH,0
TX02241,ACC475,ACC526,5075,2026-09-03 09:36:55.898449,LOW,0
TX02242,ACC503,ACC371,7631,2026-09-03 09:35:55.898449,LOW,0
TX02243,ACC117,ACC885,11209,2026-09-03 09:34:55.898449,MEDIUM,0
TX02244,ACC317,ACC279,11939,2026-09-03 09:33:55.898449,MEDIUM,0
TX02245,ACC532,ACC486,15121,2026-09-03 09:32:55.898449,HIGH,1
TX02246,ACC468,ACC885,9784,2026-09-03 09:31:55.898449,MEDIUM,0
TX02247,ACC863,ACC537,7756,2026-09-03 09:30:55.898449,LOW,0
TX02248,ACC469,ACC909,13207,2026-09-03 09:29:55.898449,MEDIUM,0
TX02249,ACC772,ACC442,18404,2026-09-03 09:28:55.898449,HIGH,1
TX02250,ACC896,ACC790,18394,2026-09-03 09:27:55.898449,HIGH,0
TX02251,ACC203,ACC323,19018,2026-09-03 09:26:55.898449,HIGH,0
TX02252,ACC991,ACC656,19412,2026-09-03 09:25:55.898449,HIGH,0
TX02253,ACC361,ACC949,12867,2026-09-03 09:24:55.898449,MEDIUM,0
TX02254,ACC351,ACC747,6057,2026-09-03 09:23:55.898449,LOW,0
TX02255,ACC667,ACC805,5283,2026-09-03 09:22:55.898449,LOW,0
TX02256,ACC656,ACC974,13068,2026-09-03 09:21:55.898449,MEDIUM,0
TX02257,ACC237,ACC810,17913,2026-09-03 09:20:55.898449,HIGH,1
TX02258,ACC694,ACC873,502,2026-09-03 09:19:55.898449,LOW,0
TX02259,ACC264,ACC353,10071,2026-09-03 09:18:55.898449,MEDIUM,0
TX02260,ACC961,ACC973,14901,2026-09-03 09:17:55.898449,MEDIUM,0
TX02261,ACC643,ACC561,1296,2026-09-03 09:16:55.898449,LOW,0
TX02262,ACC689,ACC148,9942,2026-09-03 09:15:55.898449,MEDIUM,0
TX02263,ACC380,ACC219,16168,2026-09-03 09:14:55.898449,HIGH,1
TX02264,ACC424,ACC457,13679,2026-09-03 09:13:55.898449,MEDIUM,0
TX02265,ACC898,ACC496,8874,2026-09-03 09:12:55.898449,MEDIUM,0
TX02266,ACC516,ACC374,10080,2026-09-03 09:11:55.898449,MEDIUM,0
TX02267,ACC535,ACC849,8509,2026-09-03 09:10:55.898449,MEDIUM,0
TX02268,ACC922,ACC192,7386,2026-09-03 09:09:55.898449,LOW,0
TX02269,ACC993,ACC642,19004,2026-09-03 09:08:55.898449,HIGH,1
TX02270,ACC202,ACC223,14217,2026-09-03 09:07:55.898449,MEDIUM,0
TX02271,ACC625,ACC261,8932,2026-09-03 09:06:55.898449,MEDIUM,0
TX02272,ACC247,ACC113,6119,2026-09-03 09:05:55.898449,LOW,0
TX02273,ACC174,ACC832,7336,2026-09-03 09:04:55.898449,LOW,0
TX02274,ACC348,ACC360,13566,2026-09-03 09:03:55.898449,MEDIUM,0
TX02275,ACC795,ACC339,17368,2026-09-03 09:02:55.898449,HIGH,1
TX02276,ACC994,ACC741,11070,2026-09-03 09:01:55.898449,MEDIUM,0
TX02277,ACC762,ACC320,10847,2026-09-03 09:00:55.898449,MEDIUM,0
TX02278,ACC750,ACC382,16488,2026-09-03 08:59:55.898449,HIGH,0
TX02279,ACC160,ACC446,1985,2026-09-03 08:58:55.898449,LOW,0
TX02280,ACC763,ACC727,19398,2026-09-03 08:57:55.898449,HIGH,0
TX02281,ACC847,ACC139,6872,2026-09-03 08:56:55.898449,LOW,0
TX02282,ACC763,ACC951,1539,2026-09-03 08:55:55.898449,LOW,0
TX02283,ACC151,ACC108,5519,2026-09-03 08:54:55.898449,LOW,0
TX02284,ACC311,ACC684,3477,2026-09-03 08:53:55.898449,LOW,0
TX02285,ACC585,ACC377,10528,2026-09-03 08:52:55.898449,MEDIUM,0
TX02286,ACC740,ACC800,18872,2026-09-03 08:51:55.898449,HIGH,0
TX02287,ACC532,ACC122,19227,2026-09-03 08:50:55.898449,HIGH,1
TX02288,ACC386,ACC646,18279,2026-09-03 08:49:55.898449,HIGH,1
TX02289,ACC518,ACC121,1983,2026-09-03 08:48:55.898449,LOW,0
TX02290,ACC686,ACC180,2208,2026-09-03 08:47:55.898449,LOW,0
TX02291,ACC844,ACC955,13816,2026-09-03 08:46:55.898449,MEDIUM,0
TX02292,ACC111,ACC265,6090,2026-09-03 08:45:55.898449,LOW,0
TX02293,ACC713,ACC927,772,2026-09-03 08:44:55.898449,LOW,0
TX02294,ACC320,ACC749,1889,2026-09-03 08:43:55.898449,LOW,0
TX02295,ACC428,ACC759,18991,2026-09-03 08:42:55.898449,HIGH,0
TX02296,ACC997,ACC661,913,2026-09-03 08:41:55.898449,LOW,0
TX02297,ACC532,ACC305,16026,2026-09-03 08:40:55.898449,HIGH,0
TX02298,ACC154,ACC515,12234,2026-09-03 08:39:55.898449,MEDIUM,0
TX02299,ACC889,ACC433,4146,2026-09-03 08:38:55.898449,LOW,0
TX02300,ACC198,ACC965,6762,2026-09-03 08:37:55.898449,LOW,0
TX02301,ACC580,ACC845,8118,2026-09-03 08:36:55.898449,MEDIUM,0
TX02302,ACC642,ACC255,14101,2026-09-03 08:35:55.898449,MEDIUM,0
TX02303,ACC298,ACC592,19360,2026-09-03 08:34:55.898449,HIGH,0
TX02304,ACC681,ACC257,7437,2026-09-03 08:33:55.898449,LOW,0
TX02305,ACC172,ACC912,15123,2026-09-03 08:32:55.898449,HIGH,1
TX02306,ACC722,ACC639,19644,2026-09-03 08:31:55.898449,HIGH,0
TX02307,ACC267,ACC554,12671,2026-09-03 08:30:55.898449,MEDIUM,0
TX02308,ACC894,ACC668,18949,2026-09-03 08:29:55.898449,HIGH,1
TX02309,ACC916,ACC802,18638,2026-09-03 08:28:55.898449,HIGH,0
TX02310,ACC485,ACC432,4148,2026-09-03 08:27:55.898449,LOW,0
TX02311,ACC876,ACC586,14100,2026-09-03 08:26:55.898449,MEDIUM,0
TX02312,ACC342,ACC692,17609,2026-09-03 08:25:55.898449,HIGH,1
TX02313,ACC308,ACC662,17956,2026-09-03 08:24:55.898449,HIGH,0
TX02314,ACC490,ACC374,10467,2026-09-03 08:23:55.898449,MEDIUM,0
TX02315,ACC263,ACC810,16388,2026-09-03 08:22:55.898449,HIGH,0
TX02316,ACC894,ACC728,4421,2026-09-03 08:21:55.898449,LOW,0
TX02317,ACC687,ACC649,7733,2026-09-03 08:20:55.898449,LOW,0
TX02318,ACC303,ACC635,11483,2026-09-03 08:19:55.898449,MEDIUM,0
TX02319,ACC697,ACC887,18426,2026-09-03 08:18:55.898449,HIGH,0
TX02320,ACC361,ACC553,1303,2026-09-03 08:17:55.898449,LOW,0
TX02321,ACC589,ACC683,1764,2026-09-03 08:16:55.898449,LOW,0
TX02322,ACC851,ACC760,10101,2026-09-03 08:15:55.898449,MEDIUM,0
TX02323,ACC924,ACC106,11463,2026-09-03 08:14:55.898449,MEDIUM,0
TX02324,ACC514,ACC202,14433,2026-09-03 08:13:55.898449,MEDIUM,0
TX02325,ACC157,ACC982,19915,2026-09-03 08:12:55.898449,HIGH,0
TX02326,ACC406,ACC448,13367,2026-09-03 08:11:55.898449,MEDIUM,0
TX02327,ACC409,ACC705,17672,2026-09-03 08:10:55.898449,HIGH,0
TX02328,ACC443,ACC943,1308,2026-09-03 08:09:55.898449,LOW,0
TX02329,ACC122,ACC246,855,2026-09-03 08:08:55.898449,LOW,0
TX02330,ACC413,ACC700,7160,2026-09-03 08:07:55.898449,LOW,0
TX02331,ACC129,ACC224,7630,2026-09-03 08:06:55.898449,LOW,0
TX02332,ACC403,ACC576,6323,2026-09-03 08:05:55.898449,LOW,0
TX02333,ACC315,ACC863,7002,2026-09-03 08:04:55.898449,LOW,0
TX02334,ACC408,ACC196,891,2026-09-03 08:03:55.898449,LOW,0
TX02335,ACC689,ACC393,8769,2026-09-03 08:02:55.898449,MEDIUM,0
TX02336,ACC651,ACC386,9382,2026-09-03 08:01:55.898449,MEDIUM,0
TX02337,ACC982,ACC430,17765,2026-09-03 08:00:55.898449,HIGH,1
TX02338,ACC579,ACC855,1126,2026-09-03 07:59:55.898449,LOW,0
TX02339,ACC821,ACC536,8330,2026-09-03 07:58:55.898449,MEDIUM,0
TX02340,ACC280,ACC528,19435,2026-09-03 07:57:55.898449,HIGH,0
TX02341,ACC960,ACC996,17307,2026-09-03 07:56:55.898449,HIGH,0
TX02342,ACC525,ACC959,15161,2026-09-03 07:55:55.898449,HIGH,1
TX02343,ACC534,ACC499,8562,2026-09-03 07:54:55.898449,MEDIUM,0
TX02344,ACC434,ACC749,5353,2026-09-03 07:53:55.898449,LOW,0
TX02345,ACC860,ACC309,9630,2026-09-03 07:52:55.898449,MEDIUM,0
TX02346,ACC731,ACC297,10196,2026-09-03 07:51:55.898449,MEDIUM,0
TX02347,ACC704,ACC670,250,2026-09-03 07:50:55.898449,LOW,0
TX02348,ACC397,ACC311,17616,2026-09-03 07:49:55.898449,HIGH,0
TX02349,ACC733,ACC211,9581,2026-09-03 07:48:55.898449,MEDIUM,0
TX02350,ACC251,ACC707,15402,2026-09-03 07:47:55.898449,HIGH,1
TX02351,ACC355,ACC983,7215,2026-09-03 07:46:55.898449,LOW,0
TX02352,ACC249,ACC562,15343,2026-09-03 07:45:55.898449,HIGH,1
TX02353,ACC182,ACC568,14253,2026-09-03 07:44:55.898449,MEDIUM,0
TX02354,ACC352,ACC278,4610,2026-09-03 07:43:55.898449,LOW,0
TX02355,ACC660,ACC311,17560,2026-09-03 07:42:55.898449,HIGH,0
TX02356,ACC830,ACC983,9531,2026-09-03 07:41:55.898449,MEDIUM,0
TX02357,ACC711,ACC154,14804,2026-09-03 07:40:55.898449,MEDIUM,0
TX02358,ACC952,ACC723,5033,2026-09-03 07:39:55.898449,LOW,0
TX02359,ACC605,ACC281,5374,2026-09-03 07:38:55.898449,LOW,0
TX02360,ACC585,ACC722,9046,2026-09-03 07:37:55.898449,MEDIUM,0
TX02361,ACC268,ACC695,4499,2026-09-03 07:36:55.898449,LOW,0
TX02362,ACC483,ACC122,17409,2026-09-03 07:35:55.898449,HIGH,1
TX02363,ACC754,ACC429,545,2026-09-03 07:34:55.898449,LOW,0
TX02364,ACC161,ACC796,12968,2026-09-03 07:33:55.898449,MEDIUM,0
TX02365,ACC590,ACC125,7608,2026-09-03 07:32:55.898449,LOW,0
TX02366,ACC326,ACC652,15497,2026-09-03 07:31:55.898449,HIGH,1
TX02367,ACC869,ACC598,7870,2026-09-03 07:30:55.898449,LOW,0
TX02368,ACC781,ACC829,12999,2026-09-03 07:29:55.898449,MEDIUM,0
TX02369,ACC632,ACC867,14705,2026-09-03 07:28:55.898449,MEDIUM,0
TX02370,ACC114,ACC184,9552,2026-09-03 07:27:55.898449,MEDIUM,0
TX02371,ACC647,ACC242,14245,2026-09-03 07:26:55.898449,MEDIUM,0
TX02372,ACC403,ACC546,9295,2026-09-03 07:25:55.898449,MEDIUM,0
TX02373,ACC477,ACC231,17388,2026-09-03 07:24:55.898449,HIGH,1
TX02374,ACC679,ACC892,2756,2026-09-03 07:23:55.898449,LOW,0
TX02375,ACC505,ACC139,4590,2026-09-03 07:22:55.898449,LOW,0
TX02376,ACC289,ACC528,14129,2026-09-03 07:21:55.898449,MEDIUM,0
TX02377,ACC596,ACC933,4581,2026-09-03 07:20:55.898449,LOW,0
TX02378,ACC490,ACC894,1737,2026-09-03 07:19:55.898449,LOW,0
TX02379,ACC440,ACC669,18042,2026-09-03 07:18:55.898449,HIGH,1
TX02380,ACC377,ACC216,16250,2026-09-03 07:17:55.898449,HIGH,0
TX02381,ACC749,ACC512,897,2026-09-03 07:16:55.898449,LOW,0
TX02382,ACC491,ACC471,11708,2026-09-03 07:15:55.898449,MEDIUM,0
TX02383,ACC827,ACC858,17493,2026-09-03 07:14:55.898449,HIGH,1
TX02384,ACC591,ACC361,2288,2026-09-03 07:13:55.898449,LOW,0
TX02385,ACC232,ACC968,15380,2026-09-03 07:12:55.898449,HIGH,1
TX02386,ACC334,ACC933,10862,2026-09-03 07:11:55.898449,MEDIUM,0
TX02387,ACC388,ACC873,8077,2026-09-03 07:10:55.898449,MEDIUM,0
TX02388,ACC114,ACC165,10551,2026-09-03 07:09:55.898449,MEDIUM,0
TX02389,ACC439,ACC548,13765,2026-09-03 07:08:55.898449,MEDIUM,0
TX02390,ACC127,ACC513,7770,2026-09-03 07:07:55.898449,LOW,0
TX02391,ACC990,ACC134,1719,2026-09-03 07:06:55.898449,LOW,0
TX02392,ACC316,ACC696,5215,2026-09-03 07:05:55.898449,LOW,0
TX02393,ACC642,ACC197,11116,2026-09-03 07:04:55.901067,MEDIUM,0
TX02394,ACC156,ACC920,16255,2026-09-03 07:03:55.901067,HIGH,1
TX02395,ACC999,ACC154,3153,2026-09-03 07:02:55.901067,LOW,0
TX02396,ACC516,ACC631,9289,2026-09-03 07:01:55.901067,MEDIUM,0
TX02397,ACC919,ACC439,10169,2026-09-03 07:00:55.901067,MEDIUM,0
TX02398,ACC526,ACC102,15273,2026-09-03 06:59:55.901067,HIGH,1
TX02399,ACC693,ACC883,13407,2026-09-03 06:58:55.901067,MEDIUM,0
TX02400,ACC395,ACC202,19624,2026-09-03 06:57:55.901067,HIGH,1
TX02401,ACC191,ACC977,16731,2026-09-03 06:56:55.901067,HIGH,0
TX02402,ACC990,ACC567,4382,2026-09-03 06:55:55.901067,LOW,0
TX02403,ACC795,ACC455,6701,2026-09-03 06:54:55.901067,LOW,0
TX02404,ACC719,ACC838,14351,2026-09-03 06:53:55.901067,MEDIUM,0
TX02405,ACC894,ACC904,15576,2026-09-03 06:52:55.901067,HIGH,0
TX02406,ACC324,ACC703,10280,2026-09-03 06:51:55.901067,MEDIUM,0
TX02407,ACC667,ACC925,14634,2026-09-03 06:50:55.901067,MEDIUM,0
TX02408,ACC917,ACC721,8423,2026-09-03 06:49:55.901067,MEDIUM,0
TX02409,ACC359,ACC868,458,2026-09-03 06:48:55.901067,LOW,0
TX02410,ACC450,ACC412,6201,2026-09-03 06:47:55.901067,LOW,0
TX02411,ACC885,ACC480,6269,2026-09-03 06:46:55.901067,LOW,0
TX02412,ACC284,ACC114,16430,2026-09-03 06:45:55.901067,HIGH,1
TX02413,ACC668,ACC573,18671,2026-09-03 06:44:55.901067,HIGH,1
TX02414,ACC438,ACC875,297,2026-09-03 06:43:55.901067,LOW,0
TX02415,ACC114,ACC848,8384,2026-09-03 06:42:55.901067,MEDIUM,0
TX02416,ACC618,ACC526,3190,2026-09-03 06:41:55.901067,LOW,0
TX02417,ACC169,ACC345,17345,2026-09-03 06:40:55.901067,HIGH,1
TX02418,ACC614,ACC644,7821,2026-09-03 06:39:55.901067,LOW,0
TX02419,ACC147,ACC350,8600,2026-09-03 06:38:55.901067,MEDIUM,0
TX02420,ACC109,ACC149,1826,2026-09-03 06:37:55.901067,LOW,0
TX02421,ACC298,ACC816,7409,2026-09-03 06:36:55.901067,LOW,0
TX02422,ACC735,ACC787,8136,2026-09-03 06:35:55.901067,MEDIUM,0
TX02423,ACC439,ACC386,12699,2026-09-03 06:34:55.901067,MEDIUM,0
TX02424,ACC465,ACC323,10160,2026-09-03 06:33:55.901067,MEDIUM,0
TX02425,ACC927,ACC484,4574,2026-09-03 06:32:55.901067,LOW,0
TX02426,ACC438,ACC642,15337,2026-09-03 06:31:55.901067,HIGH,0
TX02427,ACC191,ACC501,7264,2026-09-03 06:30:55.901067,LOW,0
TX02428,ACC300,ACC251,11457,2026-09-03 06:29:55.901067,MEDIUM,0
TX02429,ACC213,ACC221,5651,2026-09-03 06:28:55.901067,LOW,0
TX02430,ACC831,ACC843,188,2026-09-03 06:27:55.901067,LOW,0
TX02431,ACC332,ACC792,17412,2026-09-03 06:26:55.901067,HIGH,0
TX02432,ACC214,ACC177,4034,2026-09-03 06:25:55.901067,LOW,0
TX02433,ACC272,ACC271,1296,2026-09-03 06:24:55.901067,LOW,0
TX02434,ACC553,ACC763,18074,2026-09-03 06:23:55.901067,HIGH,0
TX02435,ACC752,ACC151,1624,2026-09-03 06:22:55.901067,LOW,0
TX02436,ACC514,ACC463,891,2026-09-03 06:21:55.901067,LOW,0
TX02437,ACC456,ACC372,5758,2026-09-03 06:20:55.901067,LOW,0
TX02438,ACC614,ACC903,502,2026-09-03 06:19:55.901067,LOW,0
TX02439,ACC640,ACC880,3671,2026-09-03 06:18:55.901067,LOW,0
TX02440,ACC745,ACC657,8509,2026-09-03 06:17:55.901067,MEDIUM,0
TX02441,ACC371,ACC426,17027,2026-09-03 06:16:55.901067,HIGH,0
TX02442,ACC245,ACC378,2332,2026-09-03 06:15:55.901067,LOW,0
TX02443,ACC904,ACC248,16204,2026-09-03 06:14:55.901067,HIGH,1
TX02444,ACC650,ACC220,7654,2026-09-03 06:13:55.901067,LOW,0
TX02445,ACC197,ACC231,13458,2026-09-03 06:12:55.901067,MEDIUM,0
TX02446,ACC407,ACC453,14988,2026-09-03 06:11:55.901067,MEDIUM,0
TX02447,ACC363,ACC975,1052,2026-09-03 06:10:55.901067,LOW,0
TX02448,ACC843,ACC630,6878,2026-09-03 06:09:55.901067,LOW,0
TX02449,ACC336,ACC806,2753,2026-09-03 06:08:55.901067,LOW,0
TX02450,ACC595,ACC737,18450,2026-09-03 06:07:55.901067,HIGH,0
TX02451,ACC679,ACC703,3190,2026-09-03 06:06:55.901067,LOW,0
TX02452,ACC651,ACC559,3897,2026-09-03 06:05:55.901067,LOW,0
TX02453,ACC876,ACC485,3005,2026-09-03 06:04:55.901067,LOW,0
TX02454,ACC218,ACC685,12696,2026-09-03 06:03:55.901067,MEDIUM,0
TX02455,ACC824,ACC363,17730,2026-09-03 06:02:55.901067,HIGH,1
TX02456,ACC393,ACC872,12522,2026-09-03 06:01:55.901067,MEDIUM,0
TX02457,ACC246,ACC312,5578,2026-09-03 06:00:55.901067,LOW,0
TX02458,ACC560,ACC109,2260,2026-09-03 05:59:55.901067,LOW,0
TX02459,ACC435,ACC536,7080,2026-09-03 05:58:55.901067,LOW,0
TX02460,ACC854,ACC668,13604,2026-09-03 05:57:55.901067,MEDIUM,0
TX02461,ACC151,ACC913,7345,2026-09-03 05:56:55.901067,LOW,0
TX02462,ACC426,ACC502,17620,2026-09-03 05:55:55.901067,HIGH,0
TX02463,ACC634,ACC624,18192,2026-09-03 05:54:55.901067,HIGH,0
TX02464,ACC492,ACC438,3330,2026-09-03 05:53:55.901067,LOW,0
TX02465,ACC806,ACC451,5340,2026-09-03 05:52:55.901067,LOW,0
TX02466,ACC304,ACC934,2094,2026-09-03 05:51:55.901067,LOW,0
TX02467,ACC552,ACC585,17160,2026-09-03 05:50:55.901067,HIGH,0
TX02468,ACC315,ACC265,14807,2026-09-03 05:49:55.901067,MEDIUM,0
TX02469,ACC632,ACC300,8541,2026-09-03 05:48:55.901067,MEDIUM,0
TX02470,ACC949,ACC405,5256,2026-09-03 05:47:55.901067,LOW,0
TX02471,ACC898,ACC133,3879,2026-09-03 05:46:55.901067,LOW,0
TX02472,ACC162,ACC584,8002,2026-09-03 05:45:55.901067,MEDIUM,0
TX02473,ACC218,ACC646,7111,2026-09-03 05:44:55.901067,LOW,0
TX02474,ACC666,ACC442,11902,2026-09-03 05:43:55.901067,MEDIUM,0
TX02475,ACC852,ACC319,9732,2026-09-03 05:42:55.901067,MEDIUM,0
TX02476,ACC523,ACC834,13762,2026-09-03 05:41:55.901067,MEDIUM,0
TX02477,ACC781,ACC971,17345,2026-09-03 05:40:55.901067,HIGH,1
TX02478,ACC585,ACC136,11680,2026-09-03 05:39:55.901067,MEDIUM,0
TX02479,ACC198,ACC655,17847,2026-09-03 05:38:55.901067,HIGH,0
TX02480,ACC483,ACC546,15178,2026-09-03 05:37:55.901067,HIGH,1
TX02481,ACC755,ACC910,15575,2026-09-03 05:36:55.901067,HIGH,1
TX02482,ACC638,ACC486,10683,2026-09-03 05:35:55.901067,MEDIUM,0
TX02483,ACC806,ACC117,17201,2026-09-03 05:34:55.901067,HIGH,0
TX02484,ACC659,ACC882,3744,2026-09-03 05:33:55.901067,LOW,0
TX02485,ACC744,ACC456,223,2026-09-03 05:32:55.901067,LOW,0
TX02486,ACC362,ACC844,14600,2026-09-03 05:31:55.901067,MEDIUM,0
TX02487,ACC833,ACC495,19378,2026-09-03 05:30:55.901067,HIGH,1
TX02488,ACC112,ACC588,4932,2026-09-03 05:29:55.901067,LOW,0
TX02489,ACC700,ACC249,5676,2026-09-03 05:28:55.901067,LOW,0
TX02490,ACC710,ACC161,19953,2026-09-03 05:27:55.901067,HIGH,0
TX02491,ACC314,ACC639,11160,2026-09-03 05:26:55.901067,MEDIUM,0
TX02492,ACC516,ACC871,1311,2026-09-03 05:25:55.901067,LOW,0
TX02493,ACC905,ACC112,16482,2026-09-03 05:24:55.901067,HIGH,0
TX02494,ACC100,ACC762,9459,2026-09-03 05:23:55.901067,MEDIUM,0
TX02495,ACC315,ACC104,7349,2026-09-03 05:22:55.901067,LOW,0
TX02496,ACC898,ACC241,8716,2026-09-03 05:21:55.901067,MEDIUM,0
TX02497,ACC357,ACC213,15551,2026-09-03 05:20:55.901067,HIGH,0
TX02498,ACC130,ACC135,15575,2026-09-03 05:19:55.901067,HIGH,1
TX02499,ACC968,ACC932,17895,2026-09-03 05:18:55.901067,HIGH,1
TX02500,ACC394,ACC724,4528,2026-09-03 05:17:55.901067,LOW,0
TX02501,ACC471,ACC468,11572,2026-09-03 05:16:55.901067,MEDIUM,0
TX02502,ACC428,ACC888,15459,2026-09-03 05:15:55.901067,HIGH,1
TX02503,ACC754,ACC780,12438,2026-09-03 05:14:55.901067,MEDIUM,0
TX02504,ACC437,ACC676,14364,2026-09-03 05:13:55.901067,MEDIUM,0
TX02505,ACC544,ACC902,15526,2026-09-03 05:12:55.901067,HIGH,0
TX02506,ACC158,ACC730,3222,2026-09-03 05:11:55.901067,LOW,0
TX02507,ACC232,ACC889,2891,2026-09-03 05:10:55.901067,LOW,0
TX02508,ACC967,ACC942,10364,2026-09-03 05:09:55.901067,MEDIUM,0
TX02509,ACC923,ACC261,11995,2026-09-03 05:08:55.901067,MEDIUM,0
TX02510,ACC942,ACC157,10292,2026-09-03 05:07:55.901067,MEDIUM,0
TX02511,ACC488,ACC826,18473,2026-09-03 05:06:55.901067,HIGH,0
TX02512,ACC119,ACC234,7867,2026-09-03 05:05:55.901067,LOW,0
TX02513,ACC165,ACC986,5860,2026-09-03 05:04:55.901067,LOW,0
TX02514,ACC353,ACC334,7677,2026-09-03 05:03:55.901067,LOW,0
TX02515,ACC966,ACC204,10205,2026-09-03 05:02:55.901067,MEDIUM,0
TX02516,ACC316,ACC561,9210,2026-09-03 05:01:55.901067,MEDIUM,0
TX02517,ACC156,ACC644,19266,2026-09-03 05:00:55.901067,HIGH,1
TX02518,ACC324,ACC778,15704,2026-09-03 04:59:55.901067,HIGH,0
TX02519,ACC769,ACC231,14079,2026-09-03 04:58:55.901067,MEDIUM,0
TX02520,ACC110,ACC469,6654,2026-09-03 04:57:55.901067,LOW,0
TX02521,ACC602,ACC227,10931,2026-09-03 04:56:55.901067,MEDIUM,0
TX02522,ACC469,ACC877,17415,2026-09-03 04:55:55.901067,HIGH,1
TX02523,ACC402,ACC919,11976,2026-09-03 04:54:55.901067,MEDIUM,0
TX02524,ACC779,ACC987,8894,2026-09-03 04:53:55.901067,MEDIUM,0
TX02525,ACC386,ACC653,5432,2026-09-03 04:52:55.901067,LOW,0
TX02526,ACC943,ACC506,3665,2026-09-03 04:51:55.901067,LOW,0
TX02527,ACC295,ACC378,10820,2026-09-03 04:50:55.901067,MEDIUM,0
TX02528,ACC115,ACC940,3675,2026-09-03 04:49:55.901067,LOW,0
TX02529,ACC701,ACC400,6622,2026-09-03 04:48:55.901067,LOW,0
TX02530,ACC227,ACC276,18798,2026-09-03 04:47:55.901067,HIGH,0
TX02531,ACC277,ACC757,9828,2026-09-03 04:46:55.901067,MEDIUM,0
TX02532,ACC433,ACC828,8448,2026-09-03 04:45:55.901067,MEDIUM,0
TX02533,ACC887,ACC228,16757,2026-09-03 04:44:55.901067,HIGH,1
TX02534,ACC495,ACC744,9529,2026-09-03 04:43:55.901067,MEDIUM,0
TX02535,ACC986,ACC190,8526,2026-09-03 04:42:55.901067,MEDIUM,0
TX02536,ACC867,ACC676,11453,2026-09-03 04:41:55.901067,MEDIUM,0
TX02537,ACC897,ACC714,11417,2026-09-03 04:40:55.901067,MEDIUM,0
TX02538,ACC293,ACC900,531,2026-09-03 04:39:55.901067,LOW,0
TX02539,ACC487,ACC209,2317,2026-09-03 04:38:55.901067,LOW,0
TX02540,ACC679,ACC279,13330,2026-09-03 04:37:55.901067,MEDIUM,0
TX02541,ACC637,ACC549,2806,2026-09-03 04:36:55.901067,LOW,0
TX02542,ACC895,ACC276,15177,2026-09-03 04:35:55.901067,HIGH,1
TX02543,ACC287,ACC240,17349,2026-09-03 04:34:55.901067,HIGH,0
TX02544,ACC790,ACC835,2805,2026-09-03 04:33:55.901067,LOW,0
TX02545,ACC363,ACC231,243,2026-09-03 04:32:55.901067,LOW,0
TX02546,ACC999,ACC391,5753,2026-09-03 04:31:55.901067,LOW,0
TX02547,ACC763,ACC783,13445,2026-09-03 04:30:55.901067,MEDIUM,0
TX02548,ACC406,ACC191,1490,2026-09-03 04:29:55.901067,LOW,0
TX02549,ACC563,ACC763,2798,2026-09-03 04:28:55.901067,LOW,0
TX02550,ACC939,ACC644,953,2026-09-03 04:27:55.901067,LOW,0
TX02551,ACC775,ACC550,18416,2026-09-03 04:26:55.901067,HIGH,0
TX02552,ACC410,ACC351,16242,2026-09-03 04:25:55.901067,HIGH,1
TX02553,ACC456,ACC842,8215,2026-09-03 04:24:55.901067,MEDIUM,0
TX02554,ACC342,ACC146,6859,2026-09-03 04:23:55.901067,LOW,0
TX02555,ACC263,ACC561,8387,2026-09-03 04:22:55.901067,MEDIUM,0
TX02556,ACC675,ACC411,1903,2026-09-03 04:21:55.901067,LOW,0
TX02557,ACC771,ACC606,7869,2026-09-03 04:20:55.901067,LOW,0
TX02558,ACC540,ACC379,18480,2026-09-03 04:19:55.901067,HIGH,0
TX02559,ACC527,ACC396,15924,2026-09-03 04:18:55.901067,HIGH,0
TX02560,ACC287,ACC383,13223,2026-09-03 04:17:55.901067,MEDIUM,0
TX02561,ACC349,ACC422,6031,2026-09-03 04:16:55.901067,LOW,0
TX02562,ACC361,ACC443,5639,2026-09-03 04:15:55.901067,LOW,0
TX02563,ACC288,ACC352,17700,2026-09-03 04:14:55.901067,HIGH,0
TX02564,ACC743,ACC724,2625,2026-09-03 04:13:55.901067,LOW,0
TX02565,ACC469,ACC780,4128,2026-09-03 04:12:55.901067,LOW,0
TX02566,ACC267,ACC805,325,2026-09-03 04:11:55.901067,LOW,0
TX02567,ACC848,ACC769,1762,2026-09-03 04:10:55.901067,LOW,0
TX02568,ACC257,ACC611,17765,2026-09-03 04:09:55.901067,HIGH,0
TX02569,ACC186,ACC945,2987,2026-09-03 04:08:55.901067,LOW,0
TX02570,ACC138,ACC637,15358,2026-09-03 04:07:55.901067,HIGH,1
TX02571,ACC832,ACC619,11345,2026-09-03 04:06:55.901067,MEDIUM,0
TX02572,ACC517,ACC784,11855,2026-09-03 04:05:55.901067,MEDIUM,0
TX02573,ACC418,ACC781,221,2026-09-03 04:04:55.901067,LOW,0
TX02574,ACC901,ACC784,6294,2026-09-03 04:03:55.901067,LOW,0
TX02575,ACC750,ACC411,1210,2026-09-03 04:02:55.901067,LOW,0
TX02576,ACC409,ACC315,6616,2026-09-03 04:01:55.901067,LOW,0
TX02577,ACC130,ACC205,10060,2026-09-03 04:00:55.901067,MEDIUM,0
TX02578,ACC113,ACC881,14449,2026-09-03 03:59:55.901067,MEDIUM,0
TX02579,ACC498,ACC756,19324,2026-09-03 03:58:55.901067,HIGH,0
TX02580,ACC854,ACC790,14313,2026-09-03 03:57:55.901067,MEDIUM,0
TX02581,ACC690,ACC977,18274,2026-09-03 03:56:55.901067,HIGH,0
TX02582,ACC349,ACC458,5022,2026-09-03 03:55:55.901067,LOW,0
TX02583,ACC582,ACC816,6547,2026-09-03 03:54:55.901067,LOW,0
TX02584,ACC898,ACC435,18032,2026-09-03 03:53:55.901067,HIGH,0
TX02585,ACC102,ACC617,1450,2026-09-03 03:52:55.901067,LOW,0
TX02586,ACC685,ACC666,316,2026-09-03 03:51:55.901067,LOW,0
TX02587,ACC354,ACC973,16875,2026-09-03 03:50:55.901067,HIGH,1
TX02588,ACC506,ACC778,7224,2026-09-03 03:49:55.901067,LOW,0
TX02589,ACC658,ACC808,5105,2026-09-03 03:48:55.901067,LOW,0
TX02590,ACC252,ACC891,8400,2026-09-03 03:47:55.901067,MEDIUM,0
TX02591,ACC682,ACC553,3731,2026-09-03 03:46:55.901067,LOW,0
TX02592,ACC212,ACC715,18837,2026-09-03 03:45:55.901067,HIGH,1
TX02593,ACC735,ACC302,14180,2026-09-03 03:44:55.901067,MEDIUM,0
TX02594,ACC700,ACC797,10828,2026-09-03 03:43:55.901067,MEDIUM,0
TX02595,ACC591,ACC769,17866,2026-09-03 03:42:55.901067,HIGH,0
TX02596,ACC759,ACC932,13119,2026-09-03 03:41:55.901067,MEDIUM,0
TX02597,ACC798,ACC244,357,2026-09-03 03:40:55.901067,LOW,0
TX02598,ACC996,ACC578,1212,2026-09-03 03:39:55.901067,LOW,0
TX02599,ACC698,ACC815,8247,2026-09-03 03:38:55.901067,MEDIUM,0
TX02600,ACC239,ACC945,1842,2026-09-03 03:37:55.901067,LOW,0
TX02601,ACC122,ACC294,3335,2026-09-03 03:36:55.901067,LOW,0
TX02602,ACC792,ACC790,9008,2026-09-03 03:35:55.901067,MEDIUM,0
TX02603,ACC139,ACC597,15981,2026-09-03 03:34:55.901067,HIGH,0
TX02604,ACC763,ACC406,15008,2026-09-03 03:33:55.901067,HIGH,1
TX02605,ACC973,ACC889,6719,2026-09-03 03:32:55.901067,LOW,0
TX02606,ACC390,ACC458,12621,2026-09-03 03:31:55.901067,MEDIUM,0
TX02607,ACC174,ACC700,15399,2026-09-03 03:30:55.901067,HIGH,0
TX02608,ACC570,ACC148,18283,2026-09-03 03:29:55.901067,HIGH,0
TX02609,ACC663,ACC149,8958,2026-09-03 03:28:55.901067,MEDIUM,0
TX02610,ACC775,ACC394,14129,2026-09-03 03:27:55.901067,MEDIUM,0
TX02611,ACC688,ACC904,525,2026-09-03 03:26:55.901067,LOW,0
TX02612,ACC890,ACC560,15722,2026-09-03 03:25:55.901067,HIGH,1
TX02613,ACC124,ACC673,18291,2026-09-03 03:24:55.901067,HIGH,0
TX02614,ACC613,ACC437,6475,2026-09-03 03:23:55.901067,LOW,0
TX02615,ACC806,ACC193,9551,2026-09-03 03:22:55.901067,MEDIUM,0
TX02616,ACC310,ACC190,12850,2026-09-03 03:21:55.901067,MEDIUM,0
TX02617,ACC266,ACC405,4616,2026-09-03 03:20:55.901067,LOW,0
TX02618,ACC477,ACC384,12635,2026-09-03 03:19:55.901067,MEDIUM,0
TX02619,ACC752,ACC624,5142,2026-09-03 03:18:55.901067,LOW,0
TX02620,ACC701,ACC201,9617,2026-09-03 03:17:55.901067,MEDIUM,0
TX02621,ACC496,ACC904,15489,2026-09-03 03:16:55.901067,HIGH,1
TX02622,ACC636,ACC929,7199,2026-09-03 03:15:55.901067,LOW,0
TX02623,ACC941,ACC293,4219,2026-09-03 03:14:55.901067,LOW,0
TX02624,ACC841,ACC401,14967,2026-09-03 03:13:55.903074,MEDIUM,0
TX02625,ACC533,ACC172,891,2026-09-03 03:12:55.903074,LOW,0
TX02626,ACC300,ACC323,17307,2026-09-03 03:11:55.903074,HIGH,1
TX02627,ACC986,ACC905,19900,2026-09-03 03:10:55.903074,HIGH,1
TX02628,ACC239,ACC588,440,2026-09-03 03:09:55.903074,LOW,0
TX02629,ACC158,ACC279,17967,2026-09-03 03:08:55.903074,HIGH,0
TX02630,ACC281,ACC890,9500,2026-09-03 03:07:55.903074,MEDIUM,0
TX02631,ACC696,ACC795,14726,2026-09-03 03:06:55.903074,MEDIUM,0
TX02632,ACC567,ACC542,11790,2026-09-03 03:05:55.903074,MEDIUM,0
TX02633,ACC762,ACC828,16171,2026-09-03 03:04:55.903074,HIGH,0
TX02634,ACC531,ACC742,8511,2026-09-03 03:03:55.903074,MEDIUM,0
TX02635,ACC173,ACC608,2866,2026-09-03 03:02:55.903074,LOW,0
TX02636,ACC954,ACC135,14997,2026-09-03 03:01:55.903074,MEDIUM,0
TX02637,ACC154,ACC781,11401,2026-09-03 03:00:55.903074,MEDIUM,0
TX02638,ACC795,ACC330,18654,2026-09-03 02:59:55.903074,HIGH,0
TX02639,ACC935,ACC227,18661,2026-09-03 02:58:55.903074,HIGH,0
TX02640,ACC865,ACC235,18130,2026-09-03 02:57:55.903074,HIGH,1
TX02641,ACC738,ACC772,5712,2026-09-03 02:56:55.903074,LOW,0
TX02642,ACC189,ACC676,7592,2026-09-03 02:55:55.903074,LOW,0
TX02643,ACC550,ACC843,15359,2026-09-03 02:54:55.903074,HIGH,1
TX02644,ACC704,ACC430,4346,2026-09-03 02:53:55.903074,LOW,0
TX02645,ACC892,ACC562,16757,2026-09-03 02:52:55.903074,HIGH,1
TX02646,ACC663,ACC235,449,2026-09-03 02:51:55.903074,LOW,0
TX02647,ACC298,ACC698,4211,2026-09-03 02:50:55.903074,LOW,0
TX02648,ACC578,ACC528,1603,2026-09-03 02:49:55.903074,LOW,0
TX02649,ACC370,ACC148,12433,2026-09-03 02:48:55.903074,MEDIUM,0
TX02650,ACC822,ACC178,1676,2026-09-03 02:47:55.903074,LOW,0
TX02651,ACC589,ACC292,10246,2026-09-03 02:46:55.903074,MEDIUM,0
TX02652,ACC522,ACC806,6003,2026-09-03 02:45:55.903074,LOW,0
TX02653,ACC565,ACC439,837,2026-09-03 02:44:55.903074,LOW,0
TX02654,ACC228,ACC674,7765,2026-09-03 02:43:55.903074,LOW,0
TX02655,ACC711,ACC969,11951,2026-09-03 02:42:55.903074,MEDIUM,0
TX02656,ACC824,ACC930,9515,2026-09-03 02:41:55.903074,MEDIUM,0
TX02657,ACC661,ACC213,15471,2026-09-03 02:40:55.903074,HIGH,1
TX02658,ACC440,ACC586,8294,2026-09-03 02:39:55.903074,MEDIUM,0
TX02659,ACC446,ACC362,4963,2026-09-03 02:38:55.903074,LOW,0
TX02660,ACC601,ACC227,14364,2026-09-03 02:37:55.903074,MEDIUM,0
TX02661,ACC348,ACC689,18635,2026-09-03 02:36:55.903074,HIGH,0
TX02662,ACC782,ACC513,1594,2026-09-03 02:35:55.903074,LOW,0
TX02663,ACC460,ACC179,11760,2026-09-03 02:34:55.903074,MEDIUM,0
TX02664,ACC627,ACC410,2690,2026-09-03 02:33:55.903074,LOW,0
TX02665,ACC185,ACC255,4297,2026-09-03 02:32:55.903074,LOW,0
TX02666,ACC206,ACC910,17306,2026-09-03 02:31:55.903074,HIGH,1
TX02667,ACC548,ACC620,15720,2026-09-03 02:30:55.903074,HIGH,1
TX02668,ACC469,ACC730,16128,2026-09-03 02:29:55.903074,HIGH,0
TX02669,ACC704,ACC884,12857,2026-09-03 02:28:55.903074,MEDIUM,0
TX02670,ACC138,ACC371,11062,2026-09-03 02:27:55.903074,MEDIUM,0
TX02671,ACC151,ACC404,12379,2026-09-03 02:26:55.903074,MEDIUM,0
TX02672,ACC773,ACC495,16115,2026-09-03 02:25:55.903074,HIGH,1
TX02673,ACC684,ACC548,2118,2026-09-03 02:24:55.903074,LOW,0
TX02674,ACC550,ACC502,10300,2026-09-03 02:23:55.903074,MEDIUM,0
TX02675,ACC523,ACC250,8634,2026-09-03 02:22:55.903074,MEDIUM,0
TX02676,ACC903,ACC190,9833,2026-09-03 02:21:55.903074,MEDIUM,0
TX02677,ACC559,ACC983,14557,2026-09-03 02:20:55.903074,MEDIUM,0
TX02678,ACC319,ACC193,8103,2026-09-03 02:19:55.903074,MEDIUM,0
TX02679,ACC235,ACC663,921,2026-09-03 02:18:55.903074,LOW,0
TX02680,ACC361,ACC237,9152,2026-09-03 02:17:55.903074,MEDIUM,0
TX02681,ACC949,ACC325,14172,2026-09-03 02:16:55.903074,MEDIUM,0
TX02682,ACC840,ACC774,2066,2026-09-03 02:15:55.903074,LOW,0
TX02683,ACC103,ACC604,15020,2026-09-03 02:14:55.903074,HIGH,1
TX02684,ACC646,ACC610,12664,2026-09-03 02:13:55.903074,MEDIUM,0
TX02685,ACC238,ACC607,9285,2026-09-03 02:12:55.903074,MEDIUM,0
TX02686,ACC779,ACC276,14117,2026-09-03 02:11:55.903074,MEDIUM,0
TX02687,ACC615,ACC909,6837,2026-09-03 02:10:55.903074,LOW,0
TX02688,ACC958,ACC600,5266,2026-09-03 02:09:55.903074,LOW,0
TX02689,ACC869,ACC629,6387,2026-09-03 02:08:55.903074,LOW,0
TX02690,ACC958,ACC525,18638,2026-09-03 02:07:55.903074,HIGH,0
TX02691,ACC364,ACC337,4124,2026-09-03 02:06:55.903074,LOW,0
TX02692,ACC500,ACC249,14583,2026-09-03 02:05:55.903074,MEDIUM,0
TX02693,ACC811,ACC982,5242,2026-09-03 02:04:55.903074,LOW,0
TX02694,ACC350,ACC236,216,2026-09-03 02:03:55.903074,LOW,0
TX02695,ACC833,ACC246,12166,2026-09-03 02:02:55.903074,MEDIUM,0
TX02696,ACC488,ACC840,12578,2026-09-03 02:01:55.903074,MEDIUM,0
TX02697,ACC220,ACC135,7867,2026-09-03 02:00:55.903074,LOW,0
TX02698,ACC331,ACC845,2442,2026-09-03 01:59:55.903074,LOW,0
TX02699,ACC671,ACC839,13116,2026-09-03 01:58:55.903074,MEDIUM,0
TX02700,ACC574,ACC974,12983,2026-09-03 01:57:55.903074,MEDIUM,0
TX02701,ACC111,ACC598,13283,2026-09-03 01:56:55.903074,MEDIUM,0
TX02702,ACC902,ACC530,3034,2026-09-03 01:55:55.903074,LOW,0
TX02703,ACC491,ACC769,13917,2026-09-03 01:54:55.903074,MEDIUM,0
TX02704,ACC100,ACC444,7100,2026-09-03 01:53:55.903074,LOW,0
TX02705,ACC506,ACC783,9490,2026-09-03 01:52:55.903074,MEDIUM,0
TX02706,ACC606,ACC812,12360,2026-09-03 01:51:55.903074,MEDIUM,0
TX02707,ACC253,ACC543,9389,2026-09-03 01:50:55.903074,MEDIUM,0
TX02708,ACC117,ACC126,9047,2026-09-03 01:49:55.903074,MEDIUM,0
TX02709,ACC386,ACC630,14752,2026-09-03 01:48:55.903074,MEDIUM,0
TX02710,ACC486,ACC688,8262,2026-09-03 01:47:55.903074,MEDIUM,0
TX02711,ACC564,ACC797,18196,2026-09-03 01:46:55.903074,HIGH,0
TX02712,ACC448,ACC642,15295,2026-09-03 01:45:55.903074,HIGH,1
TX02713,ACC788,ACC229,13849,2026-09-03 01:44:55.903074,MEDIUM,0
TX02714,ACC772,ACC191,15821,2026-09-03 01:43:55.903074,HIGH,1
TX02715,ACC632,ACC675,5438,2026-09-03 01:42:55.903074,LOW,0
TX02716,ACC248,ACC676,3578,2026-09-03 01:41:55.903074,LOW,0
TX02717,ACC517,ACC541,3405,2026-09-03 01:40:55.903074,LOW,0
TX02718,ACC153,ACC674,18149,2026-09-03 01:39:55.903074,HIGH,1
TX02719,ACC415,ACC424,8030,2026-09-03 01:38:55.903074,MEDIUM,0
TX02720,ACC442,ACC121,13792,2026-09-03 01:37:55.903074,MEDIUM,0
TX02721,ACC961,ACC180,16531,2026-09-03 01:36:55.903074,HIGH,0
TX02722,ACC556,ACC453,10525,2026-09-03 01:35:55.903074,MEDIUM,0
TX02723,ACC539,ACC326,15783,2026-09-03 01:34:55.903074,HIGH,0
TX02724,ACC238,ACC861,10776,2026-09-03 01:33:55.903074,MEDIUM,0
TX02725,ACC613,ACC762,10427,2026-09-03 01:32:55.903074,MEDIUM,0
TX02726,ACC312,ACC529,4485,2026-09-03 01:31:55.903074,LOW,0
TX02727,ACC531,ACC541,11229,2026-09-03 01:30:55.903074,MEDIUM,0
TX02728,ACC331,ACC599,17852,2026-09-03 01:29:55.903074,HIGH,0
TX02729,ACC922,ACC223,328,2026-09-03 01:28:55.903074,LOW,0
TX02730,ACC438,ACC983,4246,2026-09-03 01:27:55.903074,LOW,0
TX02731,ACC370,ACC273,8236,2026-09-03 01:26:55.903074,MEDIUM,0
TX02732,ACC183,ACC997,3650,2026-09-03 01:25:55.903074,LOW,0
TX02733,ACC556,ACC239,7764,2026-09-03 01:24:55.903074,LOW,0
TX02734,ACC321,ACC791,3077,2026-09-03 01:23:55.903074,LOW,0
TX02735,ACC301,ACC426,7578,2026-09-03 01:22:55.903074,LOW,0
TX02736,ACC882,ACC783,10829,2026-09-03 01:21:55.903074,MEDIUM,0
TX02737,ACC384,ACC946,3783,2026-09-03 01:20:55.903074,LOW,0
TX02738,ACC940,ACC772,2656,2026-09-03 01:19:55.903074,LOW,0
TX02739,ACC250,ACC223,534,2026-09-03 01:18:55.903074,LOW,0
TX02740,ACC551,ACC547,3012,2026-09-03 01:17:55.903074,LOW,0
TX02741,ACC199,ACC284,13704,2026-09-03 01:16:55.903074,MEDIUM,0
TX02742,ACC836,ACC525,13391,2026-09-03 01:15:55.903074,MEDIUM,0
TX02743,ACC661,ACC222,17900,2026-09-03 01:14:55.903074,HIGH,0
TX02744,ACC961,ACC772,6315,2026-09-03 01:13:55.903074,LOW,0
TX02745,ACC148,ACC623,976,2026-09-03 01:12:55.903074,LOW,0
TX02746,ACC223,ACC695,3208,2026-09-03 01:11:55.903074,LOW,0
TX02747,ACC255,ACC411,5984,2026-09-03 01:10:55.903074,LOW,0
TX02748,ACC336,ACC947,8361,2026-09-03 01:09:55.903074,MEDIUM,0
TX02749,ACC244,ACC507,7122,2026-09-03 01:08:55.903074,LOW,0
TX02750,ACC208,ACC331,11773,2026-09-03 01:07:55.903074,MEDIUM,0
TX02751,ACC300,ACC556,18962,2026-09-03 01:06:55.903074,HIGH,0
TX02752,ACC430,ACC738,19522,2026-09-03 01:05:55.903074,HIGH,1
TX02753,ACC754,ACC134,158,2026-09-03 01:04:55.903074,LOW,0
TX02754,ACC616,ACC194,8482,2026-09-03 01:03:55.903074,MEDIUM,0
TX02755,ACC352,ACC833,17316,2026-09-03 01:02:55.903074,HIGH,1
TX02756,ACC533,ACC531,14232,2026-09-03 01:01:55.903074,MEDIUM,0
TX02757,ACC989,ACC438,5494,2026-09-03 01:00:55.903074,LOW,0
TX02758,ACC731,ACC154,18353,2026-09-03 00:59:55.903074,HIGH,1
TX02759,ACC411,ACC544,7918,2026-09-03 00:58:55.903074,LOW,0
TX02760,ACC458,ACC695,8002,2026-09-03 00:57:55.903074,MEDIUM,0
TX02761,ACC378,ACC945,16677,2026-09-03 00:56:55.903074,HIGH,1
TX02762,ACC417,ACC864,18198,2026-09-03 00:55:55.903074,HIGH,0
TX02763,ACC122,ACC259,11628,2026-09-03 00:54:55.903074,MEDIUM,0
TX02764,ACC990,ACC893,14027,2026-09-03 00:53:55.903074,MEDIUM,0
TX02765,ACC752,ACC646,13336,2026-09-03 00:52:55.903074,MEDIUM,0
TX02766,ACC725,ACC279,17268,2026-09-03 00:51:55.903074,HIGH,0
TX02767,ACC679,ACC335,2333,2026-09-03 00:50:55.903074,LOW,0
TX02768,ACC369,ACC964,3907,2026-09-03 00:49:55.903074,LOW,0
TX02769,ACC581,ACC788,6258,2026-09-03 00:48:55.903074,LOW,0
TX02770,ACC119,ACC841,10451,2026-09-03 00:47:55.903074,MEDIUM,0
TX02771,ACC789,ACC564,19580,2026-09-03 00:46:55.903074,HIGH,0
TX02772,ACC137,ACC157,17559,2026-09-03 00:45:55.903074,HIGH,1
TX02773,ACC672,ACC398,13819,2026-09-03 00:44:55.903074,MEDIUM,0
TX02774,ACC310,ACC290,2067,2026-09-03 00:43:55.903074,LOW,0
TX02775,ACC713,ACC897,2604,2026-09-03 00:42:55.903074,LOW,0
TX02776,ACC188,ACC411,5969,2026-09-03 00:41:55.903074,LOW,0
TX02777,ACC989,ACC480,252,2026-09-03 00:40:55.903074,LOW,0
TX02778,ACC590,ACC747,7478,2026-09-03 00:39:55.903074,LOW,0
TX02779,ACC517,ACC373,8024,2026-09-03 00:38:55.903074,MEDIUM,0
TX02780,ACC192,ACC279,9989,2026-09-03 00:37:55.903074,MEDIUM,0
TX02781,ACC859,ACC510,783,2026-09-03 00:36:55.903074,LOW,0
TX02782,ACC562,ACC837,14909,2026-09-03 00:35:55.903074,MEDIUM,0
TX02783,ACC529,ACC648,18222,2026-09-03 00:34:55.903074,HIGH,0
TX02784,ACC627,ACC592,14145,2026-09-03 00:33:55.903074,MEDIUM,0
TX02785,ACC523,ACC250,12264,2026-09-03 00:32:55.903074,MEDIUM,0
TX02786,ACC687,ACC238,2395,2026-09-03 00:31:55.903074,LOW,0
TX02787,ACC590,ACC825,7084,2026-09-03 00:30:55.903074,LOW,0
TX02788,ACC786,ACC733,2611,2026-09-03 00:29:55.903074,LOW,0
TX02789,ACC465,ACC470,8706,2026-09-03 00:28:55.903074,MEDIUM,0
TX02790,ACC912,ACC376,12516,2026-09-03 00:27:55.903074,MEDIUM,0
TX02791,ACC273,ACC721,15121,2026-09-03 00:26:55.903074,HIGH,1
TX02792,ACC723,ACC156,5818,2026-09-03 00:25:55.903074,LOW,0
TX02793,ACC352,ACC265,8320,2026-09-03 00:24:55.903074,MEDIUM,0
TX02794,ACC728,ACC455,18340,2026-09-03 00:23:55.903074,HIGH,1
TX02795,ACC781,ACC472,10145,2026-09-03 00:22:55.903074,MEDIUM,0
TX02796,ACC504,ACC402,14705,2026-09-03 00:21:55.903074,MEDIUM,0
TX02797,ACC778,ACC224,16381,2026-09-03 00:20:55.903074,HIGH,0
TX02798,ACC994,ACC416,19858,2026-09-03 00:19:55.903074,HIGH,1
TX02799,ACC303,ACC354,8663,2026-09-03 00:18:55.903074,MEDIUM,0
TX02800,ACC426,ACC330,18419,2026-09-03 00:17:55.903074,HIGH,0
TX02801,ACC872,ACC858,139,2026-09-03 00:16:55.903074,LOW,0
TX02802,ACC103,ACC740,18765,2026-09-03 00:15:55.903074,HIGH,1
TX02803,ACC151,ACC868,15997,2026-09-03 00:14:55.903074,HIGH,0
TX02804,ACC592,ACC818,1810,2026-09-03 00:13:55.903074,LOW,0
TX02805,ACC430,ACC126,12694,2026-09-03 00:12:55.903074,MEDIUM,0
TX02806,ACC465,ACC879,9324,2026-09-03 00:11:55.903074,MEDIUM,0
TX02807,ACC372,ACC657,18763,2026-09-03 00:10:55.903074,HIGH,0
TX02808,ACC140,ACC998,15828,2026-09-03 00:09:55.903074,HIGH,1
TX02809,ACC878,ACC592,179,2026-09-03 00:08:55.903074,LOW,0
TX02810,ACC405,ACC720,5636,2026-09-03 00:07:55.903074,LOW,0
TX02811,ACC418,ACC410,14378,2026-09-03 00:06:55.903074,MEDIUM,0
TX02812,ACC532,ACC563,12300,2026-09-03 00:05:55.903074,MEDIUM,0
TX02813,ACC722,ACC474,6181,2026-09-03 00:04:55.903074,LOW,0
TX02814,ACC634,ACC933,3666,2026-09-03 00:03:55.903074,LOW,0
TX02815,ACC920,ACC423,7673,2026-09-03 00:02:55.903074,LOW,0
TX02816,ACC868,ACC442,15358,2026-09-03 00:01:55.903074,HIGH,0
TX02817,ACC430,ACC246,8808,2026-09-03 00:00:55.903074,MEDIUM,0
TX02818,ACC222,ACC220,6256,2026-09-02 23:59:55.903074,LOW,0
TX02819,ACC238,ACC159,17143,2026-09-02 23:58:55.903074,HIGH,1
TX02820,ACC603,ACC134,19079,2026-09-02 23:57:55.903074,HIGH,1
TX02821,ACC808,ACC756,14537,2026-09-02 23:56:55.903074,MEDIUM,0
TX02822,ACC828,ACC268,18365,2026-09-02 23:55:55.903074,HIGH,1
TX02823,ACC961,ACC347,10386,2026-09-02 23:54:55.903074,MEDIUM,0
TX02824,ACC667,ACC437,4880,2026-09-02 23:53:55.903074,LOW,0
TX02825,ACC700,ACC256,8218,2026-09-02 23:52:55.903074,MEDIUM,0
TX02826,ACC182,ACC587,19207,2026-09-02 23:51:55.903074,HIGH,0
TX02827,ACC227,ACC846,16575,2026-09-02 23:50:55.903074,HIGH,0
TX02828,ACC284,ACC521,3532,2026-09-02 23:49:55.903074,LOW,0
TX02829,ACC448,ACC849,2666,2026-09-02 23:48:55.903074,LOW,0
TX02830,ACC260,ACC150,15075,2026-09-02 23:47:55.903074,HIGH,0
TX02831,ACC726,ACC309,11577,2026-09-02 23:46:55.903074,MEDIUM,0
TX02832,ACC580,ACC430,15030,2026-09-02 23:45:55.903074,HIGH,0
TX02833,ACC504,ACC628,14186,2026-09-02 23:44:55.903074,MEDIUM,0
TX02834,ACC461,ACC518,5736,2026-09-02 23:43:55.903074,LOW,0
TX02835,ACC415,ACC608,17763,2026-09-02 23:42:55.903074,HIGH,1
TX02836,ACC367,ACC189,3235,2026-09-02 23:41:55.903074,LOW,0
TX02837,ACC842,ACC564,5228,2026-09-02 23:40:55.903074,LOW,0
TX02838,ACC201,ACC430,11039,2026-09-02 23:39:55.903074,MEDIUM,0
TX02839,ACC553,ACC786,13802,2026-09-02 23:38:55.903074,MEDIUM,0
TX02840,ACC571,ACC715,1773,2026-09-02 23:37:55.903074,LOW,0
TX02841,ACC332,ACC276,6821,2026-09-02 23:36:55.903074,LOW,0
TX02842,ACC963,ACC937,2974,2026-09-02 23:35:55.903074,LOW,0
TX02843,ACC854,ACC907,18035,2026-09-02 23:34:55.905083,HIGH,0
TX02844,ACC936,ACC331,3057,2026-09-02 23:33:55.905083,LOW,0
TX02845,ACC108,ACC833,3770,2026-09-02 23:32:55.905083,LOW,0
TX02846,ACC962,ACC210,2623,2026-09-02 23:31:55.905083,LOW,0
TX02847,ACC297,ACC140,17956,2026-09-02 23:30:55.905083,HIGH,1
TX02848,ACC172,ACC259,1904,2026-09-02 23:29:55.905083,LOW,0
TX02849,ACC554,ACC569,3470,2026-09-02 23:28:55.905083,LOW,0
TX02850,ACC835,ACC258,2270,2026-09-02 23:27:55.905083,LOW,0
TX02851,ACC157,ACC636,19170,2026-09-02 23:26:55.905083,HIGH,1
TX02852,ACC446,ACC428,18809,2026-09-02 23:25:55.905083,HIGH,1
TX02853,ACC725,ACC718,14668,2026-09-02 23:24:55.905083,MEDIUM,0
TX02854,ACC404,ACC964,567,2026-09-02 23:23:55.905083,LOW,0
TX02855,ACC665,ACC269,12557,2026-09-02 23:22:55.905083,MEDIUM,0
TX02856,ACC801,ACC640,3201,2026-09-02 23:21:55.905083,LOW,0
TX02857,ACC831,ACC373,11368,2026-09-02 23:20:55.905083,MEDIUM,0
TX02858,ACC457,ACC258,18841,2026-09-02 23:19:55.905083,HIGH,1
TX02859,ACC738,ACC126,234,2026-09-02 23:18:55.905083,LOW,0
TX02860,ACC112,ACC234,11934,2026-09-02 23:17:55.905083,MEDIUM,0
TX02861,ACC120,ACC778,6569,2026-09-02 23:16:55.905083,LOW,0
TX02862,ACC118,ACC336,14079,2026-09-02 23:15:55.905083,MEDIUM,0
TX02863,ACC622,ACC766,7637,2026-09-02 23:14:55.905083,LOW,0
TX02864,ACC205,ACC981,1826,2026-09-02 23:13:55.905083,LOW,0
TX02865,ACC917,ACC751,4051,2026-09-02 23:12:55.905083,LOW,0
TX02866,ACC210,ACC874,13924,2026-09-02 23:11:55.905083,MEDIUM,0
TX02867,ACC710,ACC609,8744,2026-09-02 23:10:55.905083,MEDIUM,0
TX02868,ACC816,ACC198,14269,2026-09-02 23:09:55.905083,MEDIUM,0
TX02869,ACC774,ACC809,16802,2026-09-02 23:08:55.905083,HIGH,1
TX02870,ACC525,ACC215,10228,2026-09-02 23:07:55.905083,MEDIUM,0
TX02871,ACC281,ACC265,9745,2026-09-02 23:06:55.905083,MEDIUM,0
TX02872,ACC678,ACC359,3918,2026-09-02 23:05:55.905083,LOW,0
TX02873,ACC483,ACC755,9797,2026-09-02 23:04:55.905083,MEDIUM,0
TX02874,ACC750,ACC621,18924,2026-09-02 23:03:55.905083,HIGH,1
TX02875,ACC101,ACC306,1306,2026-09-02 23:02:55.905083,LOW,0
TX02876,ACC291,ACC663,16745,2026-09-02 23:01:55.905083,HIGH,1
TX02877,ACC819,ACC297,6373,2026-09-02 23:00:55.905083,LOW,0
TX02878,ACC758,ACC984,6097,2026-09-02 22:59:55.905083,LOW,0
TX02879,ACC651,ACC274,15368,2026-09-02 22:58:55.905083,HIGH,1
TX02880,ACC870,ACC925,3658,2026-09-02 22:57:55.905083,LOW,0
TX02881,ACC491,ACC273,3374,2026-09-02 22:56:55.905083,LOW,0
TX02882,ACC860,ACC531,11091,2026-09-02 22:55:55.905083,MEDIUM,0
TX02883,ACC531,ACC749,7441,2026-09-02 22:54:55.905083,LOW,0
TX02884,ACC888,ACC221,16647,2026-09-02 22:53:55.905083,HIGH,1
TX02885,ACC423,ACC766,18355,2026-09-02 22:52:55.905083,HIGH,1
TX02886,ACC539,ACC654,17368,2026-09-02 22:51:55.905083,HIGH,1
TX02887,ACC252,ACC444,5271,2026-09-02 22:50:55.905083,LOW,0
TX02888,ACC759,ACC656,13576,2026-09-02 22:49:55.905083,MEDIUM,0
TX02889,ACC673,ACC645,1310,2026-09-02 22:48:55.905083,LOW,0
TX02890,ACC835,ACC200,17632,2026-09-02 22:47:55.905083,HIGH,1
TX02891,ACC843,ACC466,1637,2026-09-02 22:46:55.905083,LOW,0
TX02892,ACC354,ACC342,7262,2026-09-02 22:45:55.905083,LOW,0
TX02893,ACC317,ACC827,14646,2026-09-02 22:44:55.905083,MEDIUM,0
TX02894,ACC596,ACC889,8604,2026-09-02 22:43:55.905083,MEDIUM,0
TX02895,ACC914,ACC999,12323,2026-09-02 22:42:55.905083,MEDIUM,0
TX02896,ACC190,ACC528,15810,2026-09-02 22:41:55.905083,HIGH,1
TX02897,ACC255,ACC538,18043,2026-09-02 22:40:55.905083,HIGH,0
TX02898,ACC383,ACC432,14359,2026-09-02 22:39:55.905083,MEDIUM,0
TX02899,ACC227,ACC984,1642,2026-09-02 22:38:55.905083,LOW,0
TX02900,ACC981,ACC129,14553,2026-09-02 22:37:55.905083,MEDIUM,0
TX02901,ACC953,ACC359,9755,2026-09-02 22:36:55.905083,MEDIUM,0
TX02902,ACC245,ACC345,6946,2026-09-02 22:35:55.905083,LOW,0
TX02903,ACC640,ACC854,18856,2026-09-02 22:34:55.905083,HIGH,1
TX02904,ACC621,ACC425,11133,2026-09-02 22:33:55.905083,MEDIUM,0
TX02905,ACC176,ACC651,13478,2026-09-02 22:32:55.905083,MEDIUM,0
TX02906,ACC977,ACC640,6703,2026-09-02 22:31:55.905083,LOW,0
TX02907,ACC451,ACC410,16568,2026-09-02 22:30:55.905083,HIGH,1
TX02908,ACC387,ACC369,9530,2026-09-02 22:29:55.905083,MEDIUM,0
TX02909,ACC695,ACC566,1689,2026-09-02 22:28:55.905083,LOW,0
TX02910,ACC666,ACC431,1801,2026-09-02 22:27:55.905083,LOW,0
TX02911,ACC396,ACC118,7932,2026-09-02 22:26:55.905083,LOW,0
TX02912,ACC957,ACC835,19284,2026-09-02 22:25:55.905083,HIGH,0
TX02913,ACC723,ACC373,17104,2026-09-02 22:24:55.905083,HIGH,1
TX02914,ACC616,ACC361,8746,2026-09-02 22:23:55.905083,MEDIUM,0
TX02915,ACC538,ACC601,1073,2026-09-02 22:22:55.905083,LOW,0
TX02916,ACC590,ACC166,3082,2026-09-02 22:21:55.905083,LOW,0
TX02917,ACC401,ACC867,1444,2026-09-02 22:20:55.905083,LOW,0
TX02918,ACC476,ACC765,816,2026-09-02 22:19:55.905083,LOW,0
TX02919,ACC846,ACC324,3807,2026-09-02 22:18:55.905083,LOW,0
TX02920,ACC394,ACC751,6814,2026-09-02 22:17:55.905083,LOW,0
TX02921,ACC997,ACC351,4274,2026-09-02 22:16:55.905083,LOW,0
TX02922,ACC264,ACC652,17528,2026-09-02 22:15:55.905083,HIGH,0
TX02923,ACC126,ACC293,1860,2026-09-02 22:14:55.905083,LOW,0
TX02924,ACC867,ACC326,5232,2026-09-02 22:13:55.905083,LOW,0
TX02925,ACC561,ACC529,15124,2026-09-02 22:12:55.905083,HIGH,0
TX02926,ACC956,ACC738,6380,2026-09-02 22:11:55.905083,LOW,0
TX02927,ACC234,ACC957,2558,2026-09-02 22:10:55.905083,LOW,0
TX02928,ACC172,ACC546,16509,2026-09-02 22:09:55.905083,HIGH,0
TX02929,ACC426,ACC562,5044,2026-09-02 22:08:55.905083,LOW,0
TX02930,ACC264,ACC564,6134,2026-09-02 22:07:55.905083,LOW,0
TX02931,ACC468,ACC281,2068,2026-09-02 22:06:55.905083,LOW,0
TX02932,ACC371,ACC474,1946,2026-09-02 22:05:55.905083,LOW,0
TX02933,ACC145,ACC390,14903,2026-09-02 22:04:55.905083,MEDIUM,0
TX02934,ACC250,ACC811,9531,2026-09-02 22:03:55.905083,MEDIUM,0
TX02935,ACC594,ACC142,18888,2026-09-02 22:02:55.905083,HIGH,0
TX02936,ACC957,ACC682,12072,2026-09-02 22:01:55.905083,MEDIUM,0
TX02937,ACC699,ACC842,9426,2026-09-02 22:00:55.905083,MEDIUM,0
TX02938,ACC581,ACC617,15064,2026-09-02 21:59:55.905083,HIGH,0
TX02939,ACC806,ACC881,14870,2026-09-02 21:58:55.905083,MEDIUM,0
TX02940,ACC351,ACC260,13064,2026-09-02 21:57:55.905083,MEDIUM,0
TX02941,ACC173,ACC797,10458,2026-09-02 21:56:55.905083,MEDIUM,0
TX02942,ACC742,ACC264,16595,2026-09-02 21:55:55.905083,HIGH,1
TX02943,ACC356,ACC505,14883,2026-09-02 21:54:55.905083,MEDIUM,0
TX02944,ACC633,ACC742,16854,2026-09-02 21:53:55.905083,HIGH,1
TX02945,ACC347,ACC997,3672,2026-09-02 21:52:55.905083,LOW,0
TX02946,ACC867,ACC476,2017,2026-09-02 21:51:55.905083,LOW,0
TX02947,ACC112,ACC653,14818,2026-09-02 21:50:55.905083,MEDIUM,0
TX02948,ACC701,ACC336,15801,2026-09-02 21:49:55.906832,HIGH,1
TX02949,ACC828,ACC125,18930,2026-09-02 21:48:55.906832,HIGH,1
TX02950,ACC335,ACC870,3353,2026-09-02 21:47:55.906832,LOW,0
TX02951,ACC469,ACC711,19408,2026-09-02 21:46:55.906832,HIGH,1
TX02952,ACC655,ACC357,15600,2026-09-02 21:45:55.906832,HIGH,1
TX02953,ACC898,ACC496,10299,2026-09-02 21:44:55.906832,MEDIUM,0
TX02954,ACC554,ACC467,9685,2026-09-02 21:43:55.906832,MEDIUM,0
TX02955,ACC939,ACC640,17594,2026-09-02 21:42:55.906832,HIGH,1
TX02956,ACC563,ACC263,16193,2026-09-02 21:41:55.906832,HIGH,0
TX02957,ACC410,ACC722,8598,2026-09-02 21:40:55.906832,MEDIUM,0
TX02958,ACC496,ACC812,19749,2026-09-02 21:39:55.906832,HIGH,0
TX02959,ACC847,ACC498,18792,2026-09-02 21:38:55.906832,HIGH,1
TX02960,ACC479,ACC882,6012,2026-09-02 21:37:55.906832,LOW,0
TX02961,ACC671,ACC349,19325,2026-09-02 21:36:55.906832,HIGH,1
TX02962,ACC382,ACC594,17200,2026-09-02 21:35:55.906832,HIGH,0
TX02963,ACC356,ACC733,5729,2026-09-02 21:34:55.906832,LOW,0
TX02964,ACC891,ACC472,6791,2026-09-02 21:33:55.906832,LOW,0
TX02965,ACC162,ACC173,6761,2026-09-02 21:32:55.906832,LOW,0
TX02966,ACC893,ACC886,12640,2026-09-02 21:31:55.906832,MEDIUM,0
TX02967,ACC119,ACC100,8988,2026-09-02 21:30:55.906832,MEDIUM,0
TX02968,ACC733,ACC184,15122,2026-09-02 21:29:55.906832,HIGH,1
TX02969,ACC243,ACC173,6204,2026-09-02 21:28:55.906832,LOW,0
TX02970,ACC120,ACC251,7176,2026-09-02 21:27:55.906832,LOW,0
TX02971,ACC566,ACC449,4397,2026-09-02 21:26:55.906832,LOW,0
TX02972,ACC429,ACC103,6511,2026-09-02 21:25:55.906832,LOW,0
TX02973,ACC399,ACC924,15082,2026-09-02 21:24:55.906832,HIGH,1
TX02974,ACC349,ACC318,11852,2026-09-02 21:23:55.906832,MEDIUM,0
TX02975,ACC293,ACC457,415,2026-09-02 21:22:55.906832,LOW,0
TX02976,ACC882,ACC519,18347,2026-09-02 21:21:55.906832,HIGH,0
TX02977,ACC817,ACC184,14460,2026-09-02 21:20:55.906832,MEDIUM,0
TX02978,ACC368,ACC736,15963,2026-09-02 21:19:55.906832,HIGH,0
TX02979,ACC190,ACC949,13994,2026-09-02 21:18:55.906832,MEDIUM,0
TX02980,ACC221,ACC264,7588,2026-09-02 21:17:55.906832,LOW,0
TX02981,ACC340,ACC101,1428,2026-09-02 21:16:55.906832,LOW,0
TX02982,ACC957,ACC514,10609,2026-09-02 21:15:55.906832,MEDIUM,0
TX02983,ACC321,ACC471,18464,2026-09-02 21:14:55.906832,HIGH,0
TX02984,ACC545,ACC688,13055,2026-09-02 21:13:55.906832,MEDIUM,0
TX02985,ACC162,ACC319,17298,2026-09-02 21:12:55.906832,HIGH,1
TX02986,ACC644,ACC906,18497,2026-09-02 21:11:55.906832,HIGH,0
TX02987,ACC937,ACC447,17063,2026-09-02 21:10:55.906832,HIGH,1
TX02988,ACC680,ACC425,9363,2026-09-02 21:09:55.906832,MEDIUM,0
TX02989,ACC658,ACC339,13283,2026-09-02 21:08:55.906832,MEDIUM,0
TX02990,ACC569,ACC583,16286,2026-09-02 21:07:55.906832,HIGH,0
TX02991,ACC859,ACC867,15662,2026-09-02 21:06:55.906832,HIGH,1
TX02992,ACC644,ACC872,7012,2026-09-02 21:05:55.906832,LOW,0
TX02993,ACC945,ACC507,3269,2026-09-02 21:04:55.906832,LOW,0
TX02994,ACC293,ACC386,15741,2026-09-02 21:03:55.906832,HIGH,0
TX02995,ACC884,ACC229,410,2026-09-02 21:02:55.906832,LOW,0
TX02996,ACC930,ACC333,7102,2026-09-02 21:01:55.906832,LOW,0
TX02997,ACC616,ACC831,4779,2026-09-02 21:00:55.906832,LOW,0
TX02998,ACC818,ACC850,15165,2026-09-02 20:59:55.906832,HIGH,1
TX02999,ACC816,ACC937,190,2026-09-02 20:58:55.906832,LOW,0
TX03000,ACC579,ACC146,9280,2026-09-02 20:57:55.906832,MEDIUM,0
TX03001,ACC164,ACC306,14985,2026-09-02 20:56:55.906832,MEDIUM,0
TX03002,ACC277,ACC255,14477,2026-09-02 20:55:55.906832,MEDIUM,0
TX03003,ACC368,ACC221,3903,2026-09-02 20:54:55.906832,LOW,0
TX03004,ACC513,ACC353,18585,2026-09-02 20:53:55.906832,HIGH,0
TX03005,ACC378,ACC160,14473,2026-09-02 20:52:55.906832,MEDIUM,0
TX03006,ACC671,ACC869,3958,2026-09-02 20:51:55.906832,LOW,0
TX03007,ACC168,ACC898,3152,2026-09-02 20:50:55.906832,LOW,0
TX03008,ACC975,ACC101,4001,2026-09-02 20:49:55.906832,LOW,0
TX03009,ACC638,ACC409,4299,2026-09-02 20:48:55.906832,LOW,0
TX03010,ACC156,ACC141,1904,2026-09-02 20:47:55.906832,LOW,0
TX03011,ACC280,ACC876,8239,2026-09-02 20:46:55.906832,MEDIUM,0
TX03012,ACC192,ACC691,8177,2026-09-02 20:45:55.906832,MEDIUM,0
TX03013,ACC548,ACC577,9188,2026-09-02 20:44:55.906832,MEDIUM,0
TX03014,ACC997,ACC923,4744,2026-09-02 20:43:55.906832,LOW,0
TX03015,ACC125,ACC693,19274,2026-09-02 20:42:55.906832,HIGH,0
TX03016,ACC484,ACC625,10886,2026-09-02 20:41:55.906832,MEDIUM,0
TX03017,ACC634,ACC445,17232,2026-09-02 20:40:55.906832,HIGH,1
TX03018,ACC593,ACC783,6123,2026-09-02 20:39:55.906832,LOW,0
TX03019,ACC653,ACC305,6935,2026-09-02 20:38:55.906832,LOW,0
TX03020,ACC462,ACC943,7885,2026-09-02 20:37:55.906832,LOW,0
TX03021,ACC557,ACC122,323,2026-09-02 20:36:55.906832,LOW,0
TX03022,ACC788,ACC441,16434,2026-09-02 20:35:55.906832,HIGH,0
TX03023,ACC336,ACC984,15281,2026-09-02 20:34:55.906832,HIGH,0
TX03024,ACC484,ACC837,2256,2026-09-02 20:33:55.906832,LOW,0
TX03025,ACC293,ACC774,14560,2026-09-02 20:32:55.906832,MEDIUM,0
TX03026,ACC332,ACC611,17548,2026-09-02 20:31:55.906832,HIGH,1
TX03027,ACC333,ACC244,16467,2026-09-02 20:30:55.906832,HIGH,1
TX03028,ACC584,ACC176,9083,2026-09-02 20:29:55.906832,MEDIUM,0
TX03029,ACC511,ACC583,14293,2026-09-02 20:28:55.906832,MEDIUM,0
TX03030,ACC349,ACC676,18651,2026-09-02 20:27:55.906832,HIGH,0
TX03031,ACC499,ACC269,15408,2026-09-02 20:26:55.906832,HIGH,1
TX03032,ACC397,ACC998,19577,2026-09-02 20:25:55.906832,HIGH,1
TX03033,ACC482,ACC806,7092,2026-09-02 20:24:55.906832,LOW,0
TX03034,ACC589,ACC901,11182,2026-09-02 20:23:55.906832,MEDIUM,0
TX03035,ACC126,ACC292,3479,2026-09-02 20:22:55.906832,LOW,0
TX03036,ACC645,ACC797,15299,2026-09-02 20:21:55.906832,HIGH,1
TX03037,ACC802,ACC318,7651,2026-09-02 20:20:55.906832,LOW,0
TX03038,ACC225,ACC251,19984,2026-09-02 20:19:55.906832,HIGH,0
TX03039,ACC347,ACC115,3547,2026-09-02 20:18:55.906832,LOW,0
TX03040,ACC676,ACC621,12079,2026-09-02 20:17:55.906832,MEDIUM,0
TX03041,ACC799,ACC361,4007,2026-09-02 20:16:55.906832,LOW,0
TX03042,ACC435,ACC507,3040,2026-09-02 20:15:55.906832,LOW,0
TX03043,ACC643,ACC581,7138,2026-09-02 20:14:55.906832,LOW,0
TX03044,ACC421,ACC812,15290,2026-09-02 20:13:55.906832,HIGH,1
TX03045,ACC655,ACC998,7292,2026-09-02 20:12:55.906832,LOW,0
TX03046,ACC304,ACC953,18900,2026-09-02 20:11:55.906832,HIGH,0
TX03047,ACC751,ACC280,11110,2026-09-02 20:10:55.906832,MEDIUM,0
TX03048,ACC855,ACC814,3888,2026-09-02 20:09:55.906832,LOW,0
TX03049,ACC720,ACC181,9810,2026-09-02 20:08:55.906832,MEDIUM,0
TX03050,ACC129,ACC959,19197,2026-09-02 20:07:55.906832,HIGH,0
TX03051,ACC975,ACC855,537,2026-09-02 20:06:55.906832,LOW,0
TX03052,ACC527,ACC181,10342,2026-09-02 20:05:55.906832,MEDIUM,0
TX03053,ACC634,ACC566,19483,2026-09-02 20:04:55.906832,HIGH,0
TX03054,ACC561,ACC601,12792,2026-09-02 20:03:55.906832,MEDIUM,0
TX03055,ACC353,ACC211,11317,2026-09-02 20:02:55.906832,MEDIUM,0
TX03056,ACC478,ACC240,18675,2026-09-02 20:01:55.906832,HIGH,0
TX03057,ACC114,ACC657,5385,2026-09-02 20:00:55.906832,LOW,0
TX03058,ACC369,ACC246,18937,2026-09-02 19:59:55.906832,HIGH,0
TX03059,ACC149,ACC768,13904,2026-09-02 19:58:55.906832,MEDIUM,0
TX03060,ACC162,ACC684,4499,2026-09-02 19:57:55.906832,LOW,0
TX03061,ACC475,ACC642,1409,2026-09-02 19:56:55.906832,LOW,0
TX03062,ACC384,ACC450,19919,2026-09-02 19:55:55.906832,HIGH,0
TX03063,ACC769,ACC588,16154,2026-09-02 19:54:55.906832,HIGH,0
TX03064,ACC774,ACC992,1934,2026-09-02 19:53:55.906832,LOW,0
TX03065,ACC891,ACC138,2278,2026-09-02 19:52:55.906832,LOW,0
TX03066,ACC228,ACC538,185,2026-09-02 19:51:55.906832,LOW,0
TX03067,ACC941,ACC971,18238,2026-09-02 19:50:55.906832,HIGH,0
TX03068,ACC672,ACC184,2042,2026-09-02 19:49:55.906832,LOW,0
TX03069,ACC684,ACC618,5958,2026-09-02 19:48:55.906832,LOW,0
TX03070,ACC534,ACC200,14357,2026-09-02 19:47:55.906832,MEDIUM,0
TX03071,ACC383,ACC614,17587,2026-09-02 19:46:55.906832,HIGH,0
TX03072,ACC913,ACC949,10297,2026-09-02 19:45:55.906832,MEDIUM,0
TX03073,ACC503,ACC494,13717,2026-09-02 19:44:55.906832,MEDIUM,0
TX03074,ACC576,ACC339,19935,2026-09-02 19:43:55.906832,HIGH,1
TX03075,ACC599,ACC508,6577,2026-09-02 19:42:55.906832,LOW,0
TX03076,ACC816,ACC378,14304,2026-09-02 19:41:55.906832,MEDIUM,0
TX03077,ACC625,ACC350,17824,2026-09-02 19:40:55.906832,HIGH,1
TX03078,ACC602,ACC361,572,2026-09-02 19:39:55.906832,LOW,0
TX03079,ACC634,ACC795,14980,2026-09-02 19:38:55.906832,MEDIUM,0
TX03080,ACC335,ACC668,5022,2026-09-02 19:37:55.906832,LOW,0
TX03081,ACC450,ACC659,11902,2026-09-02 19:36:55.906832,MEDIUM,0
TX03082,ACC153,ACC993,6707,2026-09-02 19:35:55.906832,LOW,0
TX03083,ACC788,ACC197,15503,2026-09-02 19:34:55.906832,HIGH,0
TX03084,ACC186,ACC415,5523,2026-09-02 19:33:55.906832,LOW,0
TX03085,ACC702,ACC761,7258,2026-09-02 19:32:55.906832,LOW,0
TX03086,ACC769,ACC463,14574,2026-09-02 19:31:55.906832,MEDIUM,0
TX03087,ACC928,ACC485,986,2026-09-02 19:30:55.906832,LOW,0
TX03088,ACC375,ACC184,7119,2026-09-02 19:29:55.906832,LOW,0
TX03089,ACC664,ACC435,1265,2026-09-02 19:28:55.906832,LOW,0
TX03090,ACC493,ACC801,19407,2026-09-02 19:27:55.906832,HIGH,1
TX03091,ACC228,ACC743,1407,2026-09-02 19:26:55.906832,LOW,0
TX03092,ACC112,ACC646,17798,2026-09-02 19:25:55.906832,HIGH,1
TX03093,ACC266,ACC813,3360,2026-09-02 19:24:55.906832,LOW,0
TX03094,ACC451,ACC567,6858,2026-09-02 19:23:55.906832,LOW,0
TX03095,ACC106,ACC338,17700,2026-09-02 19:22:55.906832,HIGH,0
TX03096,ACC123,ACC311,17171,2026-09-02 19:21:55.906832,HIGH,0
TX03097,ACC953,ACC833,19002,2026-09-02 19:20:55.906832,HIGH,1
TX03098,ACC614,ACC712,9604,2026-09-02 19:19:55.906832,MEDIUM,0
TX03099,ACC402,ACC709,2743,2026-09-02 19:18:55.906832,LOW,0
TX03100,ACC529,ACC478,18726,2026-09-02 19:17:55.906832,HIGH,0
TX03101,ACC225,ACC932,10954,2026-09-02 19:16:55.906832,MEDIUM,0
TX03102,ACC814,ACC677,16971,2026-09-02 19:15:55.906832,HIGH,0
TX03103,ACC873,ACC121,4121,2026-09-02 19:14:55.906832,LOW,0
TX03104,ACC628,ACC891,14836,2026-09-02 19:13:55.906832,MEDIUM,0
TX03105,ACC146,ACC510,11215,2026-09-02 19:12:55.906832,MEDIUM,0
TX03106,ACC557,ACC889,13875,2026-09-02 19:11:55.906832,MEDIUM,0
TX03107,ACC333,ACC568,11818,2026-09-02 19:10:55.906832,MEDIUM,0
TX03108,ACC985,ACC927,6636,2026-09-02 19:09:55.906832,LOW,0
TX03109,ACC177,ACC538,340,2026-09-02 19:08:55.906832,LOW,0
TX03110,ACC868,ACC882,12701,2026-09-02 19:07:55.906832,MEDIUM,0
TX03111,ACC410,ACC917,13585,2026-09-02 19:06:55.906832,MEDIUM,0
TX03112,ACC137,ACC139,15420,2026-09-02 19:05:55.906832,HIGH,0
TX03113,ACC527,ACC885,15047,2026-09-02 19:04:55.906832,HIGH,1
TX03114,ACC338,ACC254,6202,2026-09-02 19:03:55.906832,LOW,0
TX03115,ACC895,ACC912,5269,2026-09-02 19:02:55.906832,LOW,0
TX03116,ACC420,ACC756,4865,2026-09-02 19:01:55.906832,LOW,0
TX03117,ACC722,ACC645,13228,2026-09-02 19:00:55.906832,MEDIUM,0
TX03118,ACC256,ACC634,17704,2026-09-02 18:59:55.906832,HIGH,1
TX03119,ACC478,ACC520,2550,2026-09-02 18:58:55.906832,LOW,0
TX03120,ACC279,ACC502,12512,2026-09-02 18:57:55.906832,MEDIUM,0
TX03121,ACC633,ACC681,8202,2026-09-02 18:56:55.906832,MEDIUM,0
TX03122,ACC404,ACC952,13792,2026-09-02 18:55:55.906832,MEDIUM,0
TX03123,ACC289,ACC869,1564,2026-09-02 18:54:55.906832,LOW,0
TX03124,ACC662,ACC435,2162,2026-09-02 18:53:55.906832,LOW,0
TX03125,ACC361,ACC730,16290,2026-09-02 18:52:55.906832,HIGH,0
TX03126,ACC206,ACC121,19008,2026-09-02 18:51:55.906832,HIGH,0
TX03127,ACC130,ACC818,7598,2026-09-02 18:50:55.906832,LOW,0
TX03128,ACC276,ACC306,2221,2026-09-02 18:49:55.906832,LOW,0
TX03129,ACC646,ACC252,5567,2026-09-02 18:48:55.906832,LOW,0
TX03130,ACC913,ACC310,10881,2026-09-02 18:47:55.906832,MEDIUM,0
TX03131,ACC786,ACC538,5494,2026-09-02 18:46:55.906832,LOW,0
TX03132,ACC453,ACC488,17966,2026-09-02 18:45:55.906832,HIGH,0
TX03133,ACC889,ACC194,7895,2026-09-02 18:44:55.906832,LOW,0
TX03134,ACC703,ACC341,13601,2026-09-02 18:43:55.906832,MEDIUM,0
TX03135,ACC576,ACC491,4117,2026-09-02 18:42:55.906832,LOW,0
TX03136,ACC448,ACC203,2717,2026-09-02 18:41:55.906832,LOW,0
TX03137,ACC210,ACC885,12440,2026-09-02 18:40:55.906832,MEDIUM,0
TX03138,ACC860,ACC430,10109,2026-09-02 18:39:55.906832,MEDIUM,0
TX03139,ACC521,ACC510,17126,2026-09-02 18:38:55.906832,HIGH,0
TX03140,ACC268,ACC133,12421,2026-09-02 18:37:55.906832,MEDIUM,0
TX03141,ACC598,ACC890,14445,2026-09-02 18:36:55.906832,MEDIUM,0
TX03142,ACC868,ACC189,14098,2026-09-02 18:35:55.906832,MEDIUM,0
TX03143,ACC847,ACC115,11809,2026-09-02 18:34:55.906832,MEDIUM,0
TX03144,ACC255,ACC162,17187,2026-09-02 18:33:55.906832,HIGH,0
TX03145,ACC921,ACC849,7438,2026-09-02 18:32:55.906832,LOW,0
TX03146,ACC598,ACC113,10644,2026-09-02 18:31:55.906832,MEDIUM,0
TX03147,ACC987,ACC601,17979,2026-09-02 18:30:55.906832,HIGH,0
TX03148,ACC742,ACC838,4669,2026-09-02 18:29:55.906832,LOW,0
TX03149,ACC524,ACC955,15092,2026-09-02 18:28:55.906832,HIGH,0
TX03150,ACC205,ACC980,6417,2026-09-02 18:27:55.906832,LOW,0
TX03151,ACC758,ACC998,15869,2026-09-02 18:26:55.906832,HIGH,1
TX03152,ACC394,ACC966,12342,2026-09-02 18:25:55.906832,MEDIUM,0
TX03153,ACC749,ACC832,6313,2026-09-02 18:24:55.906832,LOW,0
TX03154,ACC754,ACC285,11457,2026-09-02 18:23:55.906832,MEDIUM,0
TX03155,ACC830,ACC820,846,2026-09-02 18:22:55.906832,LOW,0
TX03156,ACC138,ACC874,9755,2026-09-02 18:21:55.906832,MEDIUM,0
TX03157,ACC420,ACC108,19044,2026-09-02 18:20:55.906832,HIGH,0
TX03158,ACC493,ACC500,10567,2026-09-02 18:19:55.906832,MEDIUM,0
TX03159,ACC651,ACC980,6225,2026-09-02 18:18:55.906832,LOW,0
TX03160,ACC215,ACC672,6773,2026-09-02 18:17:55.906832,LOW,0
TX03161,ACC706,ACC876,3265,2026-09-02 18:16:55.906832,LOW,0
TX03162,ACC134,ACC908,8032,2026-09-02 18:15:55.906832,MEDIUM,0
TX03163,ACC663,ACC372,17116,2026-09-02 18:14:55.906832,HIGH,0
TX03164,ACC694,ACC572,3363,2026-09-02 18:13:55.906832,LOW,0
TX03165,ACC359,ACC787,8195,2026-09-02 18:12:55.906832,MEDIUM,0
TX03166,ACC651,ACC583,16616,2026-09-02 18:11:55.906832,HIGH,1
TX03167,ACC321,ACC493,12026,2026-09-02 18:10:55.906832,MEDIUM,0
TX03168,ACC158,ACC590,18364,2026-09-02 18:09:55.906832,HIGH,0
TX03169,ACC391,ACC321,12407,2026-09-02 18:08:55.906832,MEDIUM,0
TX03170,ACC506,ACC652,15776,2026-09-02 18:07:55.906832,HIGH,1
TX03171,ACC408,ACC911,5905,2026-09-02 18:06:55.906832,LOW,0
TX03172,ACC404,ACC746,2365,2026-09-02 18:05:55.906832,LOW,0
TX03173,ACC736,ACC254,17100,2026-09-02 18:04:55.906832,HIGH,0
TX03174,ACC377,ACC131,18980,2026-09-02 18:03:55.906832,HIGH,1
TX03175,ACC723,ACC920,4929,2026-09-02 18:02:55.906832,LOW,0
TX03176,ACC589,ACC789,7021,2026-09-02 18:01:55.906832,LOW,0
TX03177,ACC448,ACC666,16976,2026-09-02 18:00:55.906832,HIGH,0
TX03178,ACC957,ACC571,819,2026-09-02 17:59:55.906832,LOW,0
TX03179,ACC167,ACC479,1242,2026-09-02 17:58:55.906832,LOW,0
TX03180,ACC716,ACC349,3817,2026-09-02 17:57:55.906832,LOW,0
TX03181,ACC129,ACC174,12193,2026-09-02 17:56:55.906832,MEDIUM,0
TX03182,ACC476,ACC351,8681,2026-09-02 17:55:55.906832,MEDIUM,0
TX03183,ACC407,ACC884,2865,2026-09-02 17:54:55.906832,LOW,0
TX03184,ACC311,ACC944,3205,2026-09-02 17:53:55.906832,LOW,0
TX03185,ACC844,ACC599,19516,2026-09-02 17:52:55.906832,HIGH,1
TX03186,ACC114,ACC982,12721,2026-09-02 17:51:55.906832,MEDIUM,0
TX03187,ACC859,ACC628,10970,2026-09-02 17:50:55.906832,MEDIUM,0
TX03188,ACC741,ACC709,4880,2026-09-02 17:49:55.906832,LOW,0
TX03189,ACC303,ACC670,552,2026-09-02 17:48:55.906832,LOW,0
TX03190,ACC649,ACC223,12640,2026-09-02 17:47:55.906832,MEDIUM,0
TX03191,ACC962,ACC240,16862,2026-09-02 17:46:55.906832,HIGH,1
TX03192,ACC243,ACC448,18730,2026-09-02 17:45:55.906832,HIGH,1
TX03193,ACC403,ACC782,19790,2026-09-02 17:44:55.906832,HIGH,0
TX03194,ACC680,ACC257,17026,2026-09-02 17:43:55.906832,HIGH,0
TX03195,ACC570,ACC149,1136,2026-09-02 17:42:55.906832,LOW,0
TX03196,ACC982,ACC149,9550,2026-09-02 17:41:55.908841,MEDIUM,0
TX03197,ACC951,ACC871,15827,2026-09-02 17:40:55.908841,HIGH,1
TX03198,ACC446,ACC556,17938,2026-09-02 17:39:55.908841,HIGH,0
TX03199,ACC541,ACC292,8939,2026-09-02 17:38:55.908841,MEDIUM,0
TX03200,ACC186,ACC822,17816,2026-09-02 17:37:55.908841,HIGH,0
TX03201,ACC629,ACC457,5356,2026-09-02 17:36:55.908841,LOW,0
TX03202,ACC333,ACC164,7172,2026-09-02 17:35:55.908841,LOW,0
TX03203,ACC214,ACC668,9257,2026-09-02 17:34:55.908841,MEDIUM,0
TX03204,ACC940,ACC254,2988,2026-09-02 17:33:55.908841,LOW,0
TX03205,ACC279,ACC787,10067,2026-09-02 17:32:55.908841,MEDIUM,0
TX03206,ACC827,ACC304,19648,2026-09-02 17:31:55.908841,HIGH,0
TX03207,ACC558,ACC705,8570,2026-09-02 17:30:55.908841,MEDIUM,0
TX03208,ACC664,ACC608,16728,2026-09-02 17:29:55.908841,HIGH,1
TX03209,ACC181,ACC354,16625,2026-09-02 17:28:55.908841,HIGH,0
TX03210,ACC668,ACC108,5880,2026-09-02 17:27:55.908841,LOW,0
TX03211,ACC871,ACC913,18852,2026-09-02 17:26:55.908841,HIGH,1
TX03212,ACC123,ACC821,13237,2026-09-02 17:25:55.908841,MEDIUM,0
TX03213,ACC717,ACC855,7211,2026-09-02 17:24:55.908841,LOW,0
TX03214,ACC980,ACC216,18232,2026-09-02 17:23:55.908841,HIGH,0
TX03215,ACC295,ACC267,1386,2026-09-02 17:22:55.908841,LOW,0
TX03216,ACC126,ACC446,1941,2026-09-02 17:21:55.908841,LOW,0
TX03217,ACC901,ACC319,774,2026-09-02 17:20:55.908841,LOW,0
TX03218,ACC742,ACC311,17420,2026-09-02 17:19:55.908841,HIGH,1
TX03219,ACC274,ACC522,2588,2026-09-02 17:18:55.908841,LOW,0
TX03220,ACC938,ACC308,1575,2026-09-02 17:17:55.908841,LOW,0
TX03221,ACC923,ACC316,4043,2026-09-02 17:16:55.908841,LOW,0
TX03222,ACC526,ACC771,6062,2026-09-02 17:15:55.908841,LOW,0
TX03223,ACC173,ACC927,9566,2026-09-02 17:14:55.908841,MEDIUM,0
TX03224,ACC811,ACC997,8103,2026-09-02 17:13:55.908841,MEDIUM,0
TX03225,ACC974,ACC799,3191,2026-09-02 17:12:55.908841,LOW,0
TX03226,ACC670,ACC910,8746,2026-09-02 17:11:55.908841,MEDIUM,0
TX03227,ACC371,ACC226,18755,2026-09-02 17:10:55.908841,HIGH,1
TX03228,ACC967,ACC721,2308,2026-09-02 17:09:55.908841,LOW,0
TX03229,ACC996,ACC718,8135,2026-09-02 17:08:55.908841,MEDIUM,0
TX03230,ACC932,ACC101,16200,2026-09-02 17:07:55.908841,HIGH,1
TX03231,ACC539,ACC637,18223,2026-09-02 17:06:55.908841,HIGH,0
TX03232,ACC242,ACC912,16442,2026-09-02 17:05:55.908841,HIGH,1
TX03233,ACC539,ACC856,2591,2026-09-02 17:04:55.908841,LOW,0
TX03234,ACC327,ACC556,17676,2026-09-02 17:03:55.908841,HIGH,1
TX03235,ACC272,ACC891,14948,2026-09-02 17:02:55.908841,MEDIUM,0
TX03236,ACC763,ACC674,1363,2026-09-02 17:01:55.908841,LOW,0
TX03237,ACC667,ACC595,14255,2026-09-02 17:00:55.908841,MEDIUM,0
TX03238,ACC276,ACC490,15042,2026-09-02 16:59:55.908841,HIGH,0
TX03239,ACC855,ACC746,17907,2026-09-02 16:58:55.908841,HIGH,1
TX03240,ACC249,ACC675,12049,2026-09-02 16:57:55.908841,MEDIUM,0
TX03241,ACC565,ACC452,9266,2026-09-02 16:56:55.908841,MEDIUM,0
TX03242,ACC602,ACC788,8085,2026-09-02 16:55:55.908841,MEDIUM,0
TX03243,ACC234,ACC403,18047,2026-09-02 16:54:55.908841,HIGH,1
TX03244,ACC316,ACC840,1815,2026-09-02 16:53:55.908841,LOW,0
TX03245,ACC835,ACC242,10297,2026-09-02 16:52:55.908841,MEDIUM,0
TX03246,ACC491,ACC232,14780,2026-09-02 16:51:55.908841,MEDIUM,0
TX03247,ACC362,ACC804,10145,2026-09-02 16:50:55.908841,MEDIUM,0
TX03248,ACC597,ACC464,12481,2026-09-02 16:49:55.908841,MEDIUM,0
TX03249,ACC414,ACC365,18016,2026-09-02 16:48:55.908841,HIGH,0
TX03250,ACC312,ACC533,19145,2026-09-02 16:47:55.908841,HIGH,0
TX03251,ACC519,ACC979,3907,2026-09-02 16:46:55.908841,LOW,0
TX03252,ACC682,ACC325,13252,2026-09-02 16:45:55.908841,MEDIUM,0
TX03253,ACC746,ACC822,6805,2026-09-02 16:44:55.908841,LOW,0
TX03254,ACC553,ACC733,18497,2026-09-02 16:43:55.908841,HIGH,1
TX03255,ACC653,ACC495,18746,2026-09-02 16:42:55.908841,HIGH,0
TX03256,ACC744,ACC411,832,2026-09-02 16:41:55.908841,LOW,0
TX03257,ACC744,ACC437,11682,2026-09-02 16:40:55.908841,MEDIUM,0
TX03258,ACC539,ACC251,274,2026-09-02 16:39:55.908841,LOW,0
TX03259,ACC694,ACC393,293,2026-09-02 16:38:55.908841,LOW,0
TX03260,ACC825,ACC517,9077,2026-09-02 16:37:55.908841,MEDIUM,0
TX03261,ACC774,ACC951,6965,2026-09-02 16:36:55.908841,LOW,0
TX03262,ACC357,ACC977,6447,2026-09-02 16:35:55.908841,LOW,0
TX03263,ACC865,ACC150,17913,2026-09-02 16:34:55.908841,HIGH,0
TX03264,ACC282,ACC521,6045,2026-09-02 16:33:55.908841,LOW,0
TX03265,ACC839,ACC950,1865,2026-09-02 16:32:55.908841,LOW,0
TX03266,ACC968,ACC758,6526,2026-09-02 16:31:55.908841,LOW,0
TX03267,ACC761,ACC685,11179,2026-09-02 16:30:55.908841,MEDIUM,0
TX03268,ACC477,ACC881,567,2026-09-02 16:29:55.908841,LOW,0
TX03269,ACC377,ACC330,8939,2026-09-02 16:28:55.908841,MEDIUM,0
TX03270,ACC789,ACC470,14888,2026-09-02 16:27:55.908841,MEDIUM,0
TX03271,ACC304,ACC684,6761,2026-09-02 16:26:55.908841,LOW,0
TX03272,ACC926,ACC610,10347,2026-09-02 16:25:55.908841,MEDIUM,0
TX03273,ACC796,ACC449,2990,2026-09-02 16:24:55.908841,LOW,0
TX03274,ACC225,ACC950,17228,2026-09-02 16:23:55.908841,HIGH,1
TX03275,ACC585,ACC923,16342,2026-09-02 16:22:55.908841,HIGH,0
TX03276,ACC931,ACC932,6922,2026-09-02 16:21:55.908841,LOW,0
TX03277,ACC572,ACC151,11715,2026-09-02 16:20:55.908841,MEDIUM,0
TX03278,ACC608,ACC168,10504,2026-09-02 16:19:55.908841,MEDIUM,0
TX03279,ACC669,ACC566,7460,2026-09-02 16:18:55.908841,LOW,0
TX03280,ACC462,ACC231,2693,2026-09-02 16:17:55.908841,LOW,0
TX03281,ACC250,ACC925,13941,2026-09-02 16:16:55.908841,MEDIUM,0
TX03282,ACC431,ACC221,14256,2026-09-02 16:15:55.908841,MEDIUM,0
TX03283,ACC175,ACC819,5502,2026-09-02 16:14:55.908841,LOW,0
TX03284,ACC326,ACC111,13401,2026-09-02 16:13:55.908841,MEDIUM,0
TX03285,ACC122,ACC828,9033,2026-09-02 16:12:55.908841,MEDIUM,0
TX03286,ACC701,ACC816,18747,2026-09-02 16:11:55.908841,HIGH,0
TX03287,ACC605,ACC634,9186,2026-09-02 16:10:55.908841,MEDIUM,0
TX03288,ACC822,ACC614,7852,2026-09-02 16:09:55.908841,LOW,0
TX03289,ACC685,ACC391,14153,2026-09-02 16:08:55.908841,MEDIUM,0
TX03290,ACC874,ACC471,14330,2026-09-02 16:07:55.908841,MEDIUM,0
TX03291,ACC214,ACC607,17016,2026-09-02 16:06:55.908841,HIGH,0
TX03292,ACC352,ACC880,6021,2026-09-02 16:05:55.908841,LOW,0
TX03293,ACC682,ACC500,6344,2026-09-02 16:04:55.908841,LOW,0
TX03294,ACC697,ACC606,975,2026-09-02 16:03:55.908841,LOW,0
TX03295,ACC462,ACC923,19461,2026-09-02 16:02:55.908841,HIGH,1
TX03296,ACC285,ACC707,886,2026-09-02 16:01:55.908841,LOW,0
TX03297,ACC727,ACC199,18393,2026-09-02 16:00:55.908841,HIGH,0
TX03298,ACC518,ACC433,15100,2026-09-02 15:59:55.908841,HIGH,0
TX03299,ACC450,ACC299,7387,2026-09-02 15:58:55.908841,LOW,0
TX03300,ACC348,ACC788,11167,2026-09-02 15:57:55.908841,MEDIUM,0
TX03301,ACC536,ACC942,12420,2026-09-02 15:56:55.908841,MEDIUM,0
TX03302,ACC898,ACC863,13644,2026-09-02 15:55:55.908841,MEDIUM,0
TX03303,ACC171,ACC768,7809,2026-09-02 15:54:55.908841,LOW,0
TX03304,ACC491,ACC900,11359,2026-09-02 15:53:55.908841,MEDIUM,0
TX03305,ACC637,ACC377,8160,2026-09-02 15:52:55.908841,MEDIUM,0
TX03306,ACC947,ACC250,11353,2026-09-02 15:51:55.908841,MEDIUM,0
TX03307,ACC692,ACC390,4494,2026-09-02 15:50:55.908841,LOW,0
TX03308,ACC201,ACC357,9249,2026-09-02 15:49:55.908841,MEDIUM,0
TX03309,ACC504,ACC848,1905,2026-09-02 15:48:55.908841,LOW,0
TX03310,ACC307,ACC755,829,2026-09-02 15:47:55.908841,LOW,0
TX03311,ACC610,ACC625,497,2026-09-02 15:46:55.908841,LOW,0
TX03312,ACC802,ACC685,11577,2026-09-02 15:45:55.908841,MEDIUM,0
TX03313,ACC786,ACC435,12979,2026-09-02 15:44:55.908841,MEDIUM,0
TX03314,ACC371,ACC826,4010,2026-09-02 15:43:55.908841,LOW,0
TX03315,ACC802,ACC944,2111,2026-09-02 15:42:55.908841,LOW,0
TX03316,ACC281,ACC594,5074,2026-09-02 15:41:55.908841,LOW,0
TX03317,ACC396,ACC155,8414,2026-09-02 15:40:55.908841,MEDIUM,0
TX03318,ACC454,ACC481,2048,2026-09-02 15:39:55.908841,LOW,0
TX03319,ACC904,ACC365,6380,2026-09-02 15:38:55.908841,LOW,0
TX03320,ACC129,ACC438,7161,2026-09-02 15:37:55.908841,LOW,0
TX03321,ACC780,ACC324,16116,2026-09-02 15:36:55.908841,HIGH,0
TX03322,ACC424,ACC728,3818,2026-09-02 15:35:55.908841,LOW,0
TX03323,ACC999,ACC633,16747,2026-09-02 15:34:55.908841,HIGH,0
TX03324,ACC774,ACC766,4105,2026-09-02 15:33:55.908841,LOW,0
TX03325,ACC415,ACC382,4614,2026-09-02 15:32:55.908841,LOW,0
TX03326,ACC420,ACC315,2871,2026-09-02 15:31:55.908841,LOW,0
TX03327,ACC972,ACC198,881,2026-09-02 15:30:55.908841,LOW,0
TX03328,ACC807,ACC802,2109,2026-09-02 15:29:55.908841,LOW,0
TX03329,ACC872,ACC380,7225,2026-09-02 15:28:55.908841,LOW,0
TX03330,ACC790,ACC496,138,2026-09-02 15:27:55.908841,LOW,0
TX03331,ACC341,ACC463,1595,2026-09-02 15:26:55.908841,LOW,0
TX03332,ACC859,ACC564,12076,2026-09-02 15:25:55.908841,MEDIUM,0
TX03333,ACC933,ACC767,2658,2026-09-02 15:24:55.908841,LOW,0
TX03334,ACC879,ACC190,15031,2026-09-02 15:23:55.908841,HIGH,0
TX03335,ACC889,ACC340,8406,2026-09-02 15:22:55.908841,MEDIUM,0
TX03336,ACC620,ACC126,11087,2026-09-02 15:21:55.908841,MEDIUM,0
TX03337,ACC259,ACC791,17616,2026-09-02 15:20:55.908841,HIGH,1
TX03338,ACC273,ACC228,11580,2026-09-02 15:19:55.908841,MEDIUM,0
TX03339,ACC577,ACC324,9576,2026-09-02 15:18:55.908841,MEDIUM,0
TX03340,ACC695,ACC348,19117,2026-09-02 15:17:55.908841,HIGH,0
TX03341,ACC671,ACC877,6488,2026-09-02 15:16:55.908841,LOW,0
TX03342,ACC564,ACC976,8076,2026-09-02 15:15:55.908841,MEDIUM,0
TX03343,ACC462,ACC353,17331,2026-09-02 15:14:55.908841,HIGH,0
TX03344,ACC524,ACC474,8747,2026-09-02 15:13:55.908841,MEDIUM,0
TX03345,ACC350,ACC905,19628,2026-09-02 15:12:55.908841,HIGH,1
TX03346,ACC741,ACC325,10471,2026-09-02 15:11:55.908841,MEDIUM,0
TX03347,ACC302,ACC107,15118,2026-09-02 15:10:55.908841,HIGH,0
TX03348,ACC745,ACC224,16013,2026-09-02 15:09:55.908841,HIGH,0
TX03349,ACC396,ACC467,12892,2026-09-02 15:08:55.908841,MEDIUM,0
TX03350,ACC527,ACC925,13477,2026-09-02 15:07:55.908841,MEDIUM,0
TX03351,ACC521,ACC138,19949,2026-09-02 15:06:55.908841,HIGH,0
TX03352,ACC814,ACC172,9058,2026-09-02 15:05:55.908841,MEDIUM,0
TX03353,ACC243,ACC895,19860,2026-09-02 15:04:55.908841,HIGH,1
TX03354,ACC923,ACC878,18157,2026-09-02 15:03:55.908841,HIGH,0
TX03355,ACC813,ACC638,6997,2026-09-02 15:02:55.908841,LOW,0
TX03356,ACC331,ACC532,5307,2026-09-02 15:01:55.908841,LOW,0
TX03357,ACC528,ACC388,17620,2026-09-02 15:00:55.908841,HIGH,1
TX03358,ACC540,ACC328,15035,2026-09-02 14:59:55.908841,HIGH,1
TX03359,ACC314,ACC724,6787,2026-09-02 14:58:55.908841,LOW,0
TX03360,ACC222,ACC296,18771,2026-09-02 14:57:55.908841,HIGH,1
TX03361,ACC910,ACC395,1458,2026-09-02 14:56:55.908841,LOW,0
TX03362,ACC652,ACC174,11077,2026-09-02 14:55:55.908841,MEDIUM,0
TX03363,ACC162,ACC353,19124,2026-09-02 14:54:55.908841,HIGH,1
TX03364,ACC480,ACC866,1777,2026-09-02 14:53:55.908841,LOW,0
TX03365,ACC747,ACC358,4254,2026-09-02 14:52:55.908841,LOW,0
TX03366,ACC380,ACC408,19570,2026-09-02 14:51:55.908841,HIGH,0
TX03367,ACC413,ACC434,7145,2026-09-02 14:50:55.908841,LOW,0
TX03368,ACC165,ACC647,2001,2026-09-02 14:49:55.908841,LOW,0
TX03369,ACC245,ACC866,13656,2026-09-02 14:48:55.908841,MEDIUM,0
TX03370,ACC727,ACC724,1777,2026-09-02 14:47:55.908841,LOW,0
TX03371,ACC360,ACC217,15473,2026-09-02 14:46:55.908841,HIGH,1
TX03372,ACC494,ACC219,11360,2026-09-02 14:45:55.908841,MEDIUM,0
TX03373,ACC872,ACC632,3970,2026-09-02 14:44:55.908841,LOW,0
TX03374,ACC104,ACC813,3954,2026-09-02 14:43:55.908841,LOW,0
TX03375,ACC207,ACC624,7390,2026-09-02 14:42:55.908841,LOW,0
TX03376,ACC693,ACC329,15627,2026-09-02 14:41:55.908841,HIGH,1
TX03377,ACC144,ACC976,11956,2026-09-02 14:40:55.908841,MEDIUM,0
TX03378,ACC840,ACC371,14848,2026-09-02 14:39:55.908841,MEDIUM,0
TX03379,ACC283,ACC603,11659,2026-09-02 14:38:55.908841,MEDIUM,0
TX03380,ACC991,ACC445,16794,2026-09-02 14:37:55.908841,HIGH,1
TX03381,ACC177,ACC318,8178,2026-09-02 14:36:55.908841,MEDIUM,0
TX03382,ACC493,ACC296,1244,2026-09-02 14:35:55.908841,LOW,0
TX03383,ACC194,ACC889,12571,2026-09-02 14:34:55.908841,MEDIUM,0
TX03384,ACC456,ACC370,17841,2026-09-02 14:33:55.908841,HIGH,0
TX03385,ACC327,ACC692,16203,2026-09-02 14:32:55.908841,HIGH,0
TX03386,ACC828,ACC804,16122,2026-09-02 14:31:55.908841,HIGH,0
TX03387,ACC417,ACC500,11131,2026-09-02 14:30:55.908841,MEDIUM,0
TX03388,ACC651,ACC530,17616,2026-09-02 14:29:55.908841,HIGH,1
TX03389,ACC300,ACC633,6191,2026-09-02 14:28:55.908841,LOW,0
TX03390,ACC871,ACC333,12845,2026-09-02 14:27:55.908841,MEDIUM,0
TX03391,ACC542,ACC509,15714,2026-09-02 14:26:55.908841,HIGH,0
TX03392,ACC616,ACC548,13365,2026-09-02 14:25:55.908841,MEDIUM,0
TX03393,ACC284,ACC263,19137,2026-09-02 14:24:55.908841,HIGH,1
TX03394,ACC507,ACC534,5723,2026-09-02 14:23:55.908841,LOW,0
TX03395,ACC861,ACC472,8638,2026-09-02 14:22:55.908841,MEDIUM,0
TX03396,ACC863,ACC934,4026,2026-09-02 14:21:55.908841,LOW,0
TX03397,ACC392,ACC508,1028,2026-09-02 14:20:55.908841,LOW,0
TX03398,ACC296,ACC571,13017,2026-09-02 14:19:55.908841,MEDIUM,0
TX03399,ACC336,ACC550,14812,2026-09-02 14:18:55.908841,MEDIUM,0
TX03400,ACC135,ACC457,12157,2026-09-02 14:17:55.908841,MEDIUM,0
TX03401,ACC956,ACC462,5444,2026-09-02 14:16:55.908841,LOW,0
TX03402,ACC327,ACC742,14797,2026-09-02 14:15:55.908841,MEDIUM,0
TX03403,ACC884,ACC551,1089,2026-09-02 14:14:55.908841,LOW,0
TX03404,ACC648,ACC804,15085,2026-09-02 14:13:55.908841,HIGH,1
TX03405,ACC337,ACC976,19778,2026-09-02 14:12:55.908841,HIGH,0
TX03406,ACC913,ACC939,2680,2026-09-02 14:11:55.908841,LOW,0
TX03407,ACC131,ACC832,15134,2026-09-02 14:10:55.908841,HIGH,1
TX03408,ACC764,ACC933,18660,2026-09-02 14:09:55.908841,HIGH,0
TX03409,ACC243,ACC133,17584,2026-09-02 14:08:55.908841,HIGH,1
TX03410,ACC235,ACC656,6446,2026-09-02 14:07:55.908841,LOW,0
TX03411,ACC407,ACC716,17442,2026-09-02 14:06:55.908841,HIGH,0
TX03412,ACC921,ACC611,19705,2026-09-02 14:05:55.908841,HIGH,0
TX03413,ACC464,ACC559,2819,2026-09-02 14:04:55.908841,LOW,0
TX03414,ACC241,ACC933,10463,2026-09-02 14:03:55.908841,MEDIUM,0
TX03415,ACC961,ACC182,12219,2026-09-02 14:02:55.908841,MEDIUM,0
TX03416,ACC453,ACC671,7670,2026-09-02 14:01:55.908841,LOW,0
TX03417,ACC793,ACC927,4935,2026-09-02 14:00:55.908841,LOW,0
TX03418,ACC767,ACC390,13786,2026-09-02 13:59:55.908841,MEDIUM,0
TX03419,ACC599,ACC544,3689,2026-09-02 13:58:55.908841,LOW,0
TX03420,ACC714,ACC522,14028,2026-09-02 13:57:55.908841,MEDIUM,0
TX03421,ACC857,ACC422,1033,2026-09-02 13:56:55.908841,LOW,0
TX03422,ACC512,ACC358,728,2026-09-02 13:55:55.908841,LOW,0
TX03423,ACC439,ACC350,17948,2026-09-02 13:54:55.908841,HIGH,0
TX03424,ACC309,ACC425,4724,2026-09-02 13:53:55.908841,LOW,0
TX03425,ACC272,ACC791,4705,2026-09-02 13:52:55.908841,LOW,0
TX03426,ACC177,ACC402,11189,2026-09-02 13:51:55.908841,MEDIUM,0
TX03427,ACC550,ACC304,4461,2026-09-02 13:50:55.908841,LOW,0
TX03428,ACC572,ACC814,12124,2026-09-02 13:49:55.908841,MEDIUM,0
TX03429,ACC728,ACC504,16946,2026-09-02 13:48:55.908841,HIGH,0
TX03430,ACC982,ACC539,4665,2026-09-02 13:47:55.908841,LOW,0
TX03431,ACC916,ACC227,7862,2026-09-02 13:46:55.908841,LOW,0
TX03432,ACC736,ACC650,453,2026-09-02 13:45:55.908841,LOW,0
TX03433,ACC439,ACC192,6111,2026-09-02 13:44:55.908841,LOW,0
TX03434,ACC146,ACC573,13471,2026-09-02 13:43:55.908841,MEDIUM,0
TX03435,ACC764,ACC788,6412,2026-09-02 13:42:55.908841,LOW,0
TX03436,ACC790,ACC624,3242,2026-09-02 13:41:55.908841,LOW,0
TX03437,ACC349,ACC560,5106,2026-09-02 13:40:55.908841,LOW,0
TX03438,ACC160,ACC179,7788,2026-09-02 13:39:55.908841,LOW,0
TX03439,ACC463,ACC361,16193,2026-09-02 13:38:55.908841,HIGH,0
TX03440,ACC278,ACC703,16935,2026-09-02 13:37:55.908841,HIGH,1
TX03441,ACC308,ACC229,13658,2026-09-02 13:36:55.908841,MEDIUM,0
TX03442,ACC827,ACC610,11412,2026-09-02 13:35:55.908841,MEDIUM,0
TX03443,ACC249,ACC295,17441,2026-09-02 13:34:55.908841,HIGH,0
TX03444,ACC206,ACC716,1809,2026-09-02 13:33:55.908841,LOW,0
TX03445,ACC577,ACC992,13061,2026-09-02 13:32:55.908841,MEDIUM,0
TX03446,ACC485,ACC500,4016,2026-09-02 13:31:55.908841,LOW,0
TX03447,ACC805,ACC363,12051,2026-09-02 13:30:55.908841,MEDIUM,0
TX03448,ACC818,ACC917,6716,2026-09-02 13:29:55.908841,LOW,0
TX03449,ACC376,ACC364,15190,2026-09-02 13:28:55.908841,HIGH,1
TX03450,ACC941,ACC678,852,2026-09-02 13:27:55.908841,LOW,0
TX03451,ACC783,ACC570,19547,2026-09-02 13:26:55.908841,HIGH,1
TX03452,ACC465,ACC135,5396,2026-09-02 13:25:55.908841,LOW,0
TX03453,ACC459,ACC196,10231,2026-09-02 13:24:55.908841,MEDIUM,0
TX03454,ACC840,ACC929,14857,2026-09-02 13:23:55.908841,MEDIUM,0
TX03455,ACC551,ACC513,382,2026-09-02 13:22:55.908841,LOW,0
TX03456,ACC207,ACC919,18398,2026-09-02 13:21:55.908841,HIGH,0
TX03457,ACC477,ACC726,14757,2026-09-02 13:20:55.908841,MEDIUM,0
TX03458,ACC519,ACC221,6990,2026-09-02 13:19:55.908841,LOW,0
TX03459,ACC363,ACC105,16845,2026-09-02 13:18:55.908841,HIGH,1
TX03460,ACC211,ACC515,18363,2026-09-02 13:17:55.908841,HIGH,0
TX03461,ACC789,ACC927,12377,2026-09-02 13:16:55.908841,MEDIUM,0
TX03462,ACC674,ACC451,12092,2026-09-02 13:15:55.908841,MEDIUM,0
TX03463,ACC309,ACC764,7315,2026-09-02 13:14:55.908841,LOW,0
TX03464,ACC518,ACC689,16451,2026-09-02 13:13:55.908841,HIGH,0
TX03465,ACC920,ACC118,232,2026-09-02 13:12:55.908841,LOW,0
TX03466,ACC579,ACC193,5887,2026-09-02 13:11:55.908841,LOW,0
TX03467,ACC891,ACC200,7029,2026-09-02 13:10:55.908841,LOW,0
TX03468,ACC186,ACC337,8676,2026-09-02 13:09:55.908841,MEDIUM,0
TX03469,ACC900,ACC310,9151,2026-09-02 13:08:55.908841,MEDIUM,0
TX03470,ACC974,ACC460,15990,2026-09-02 13:07:55.908841,HIGH,1
TX03471,ACC148,ACC821,760,2026-09-02 13:06:55.908841,LOW,0
TX03472,ACC579,ACC135,2753,2026-09-02 13:05:55.908841,LOW,0
TX03473,ACC907,ACC150,10185,2026-09-02 13:04:55.908841,MEDIUM,0
TX03474,ACC845,ACC369,3740,2026-09-02 13:03:55.908841,LOW,0
TX03475,ACC665,ACC735,10480,2026-09-02 13:02:55.908841,MEDIUM,0
TX03476,ACC352,ACC491,3488,2026-09-02 13:01:55.908841,LOW,0
TX03477,ACC931,ACC950,1315,2026-09-02 13:00:55.908841,LOW,0
TX03478,ACC221,ACC834,12787,2026-09-02 12:59:55.908841,MEDIUM,0
TX03479,ACC869,ACC130,9956,2026-09-02 12:58:55.908841,MEDIUM,0
TX03480,ACC630,ACC240,13819,2026-09-02 12:57:55.908841,MEDIUM,0
TX03481,ACC528,ACC741,6118,2026-09-02 12:56:55.908841,LOW,0
TX03482,ACC693,ACC925,466,2026-09-02 12:55:55.908841,LOW,0
TX03483,ACC729,ACC455,15832,2026-09-02 12:54:55.908841,HIGH,1
TX03484,ACC988,ACC329,16176,2026-09-02 12:53:55.908841,HIGH,1
TX03485,ACC797,ACC976,15443,2026-09-02 12:52:55.908841,HIGH,0
TX03486,ACC235,ACC128,7447,2026-09-02 12:51:55.908841,LOW,0
TX03487,ACC393,ACC370,17166,2026-09-02 12:50:55.908841,HIGH,0
TX03488,ACC418,ACC828,12385,2026-09-02 12:49:55.908841,MEDIUM,0
TX03489,ACC206,ACC755,4975,2026-09-02 12:48:55.908841,LOW,0
TX03490,ACC526,ACC288,1794,2026-09-02 12:47:55.908841,LOW,0
TX03491,ACC365,ACC879,19003,2026-09-02 12:46:55.908841,HIGH,1
TX03492,ACC653,ACC278,19184,2026-09-02 12:45:55.908841,HIGH,0
TX03493,ACC699,ACC519,9425,2026-09-02 12:44:55.908841,MEDIUM,0
TX03494,ACC963,ACC250,15895,2026-09-02 12:43:55.908841,HIGH,0
TX03495,ACC902,ACC519,11742,2026-09-02 12:42:55.908841,MEDIUM,0
TX03496,ACC680,ACC381,4994,2026-09-02 12:41:55.908841,LOW,0
TX03497,ACC316,ACC588,10895,2026-09-02 12:40:55.908841,MEDIUM,0
TX03498,ACC464,ACC934,15522,2026-09-02 12:39:55.908841,HIGH,1
TX03499,ACC792,ACC115,15197,2026-09-02 12:38:55.908841,HIGH,1
TX03500,ACC373,ACC777,3430,2026-09-02 12:37:55.908841,LOW,0
TX03501,ACC547,ACC347,2885,2026-09-02 12:36:55.908841,LOW,0
TX03502,ACC288,ACC146,6099,2026-09-02 12:35:55.908841,LOW,0
TX03503,ACC523,ACC369,5305,2026-09-02 12:34:55.908841,LOW,0
TX03504,ACC566,ACC508,1780,2026-09-02 12:33:55.908841,LOW,0
TX03505,ACC263,ACC454,2174,2026-09-02 12:32:55.908841,LOW,0
TX03506,ACC829,ACC185,5910,2026-09-02 12:31:55.908841,LOW,0
TX03507,ACC988,ACC656,10101,2026-09-02 12:30:55.908841,MEDIUM,0
TX03508,ACC791,ACC580,14341,2026-09-02 12:29:55.908841,MEDIUM,0
TX03509,ACC414,ACC842,564,2026-09-02 12:28:55.908841,LOW,0
TX03510,ACC510,ACC490,6252,2026-09-02 12:27:55.908841,LOW,0
TX03511,ACC635,ACC948,4405,2026-09-02 12:26:55.908841,LOW,0
TX03512,ACC640,ACC374,2044,2026-09-02 12:25:55.908841,LOW,0
TX03513,ACC579,ACC235,8654,2026-09-02 12:24:55.908841,MEDIUM,0
TX03514,ACC789,ACC339,5382,2026-09-02 12:23:55.908841,LOW,0
TX03515,ACC435,ACC913,476,2026-09-02 12:22:55.908841,LOW,0
TX03516,ACC535,ACC795,16162,2026-09-02 12:21:55.908841,HIGH,0
TX03517,ACC207,ACC221,19559,2026-09-02 12:20:55.908841,HIGH,0
TX03518,ACC683,ACC150,15185,2026-09-02 12:19:55.908841,HIGH,0
TX03519,ACC651,ACC445,18622,2026-09-02 12:18:55.908841,HIGH,1
TX03520,ACC316,ACC567,13789,2026-09-02 12:17:55.908841,MEDIUM,0
TX03521,ACC747,ACC869,16845,2026-09-02 12:16:55.908841,HIGH,1
TX03522,ACC189,ACC944,12237,2026-09-02 12:15:55.908841,MEDIUM,0
TX03523,ACC983,ACC934,14315,2026-09-02 12:14:55.908841,MEDIUM,0
TX03524,ACC448,ACC429,12716,2026-09-02 12:13:55.908841,MEDIUM,0
TX03525,ACC636,ACC135,256,2026-09-02 12:12:55.908841,LOW,0
TX03526,ACC945,ACC878,1081,2026-09-02 12:11:55.908841,LOW,0
TX03527,ACC130,ACC775,6697,2026-09-02 12:10:55.908841,LOW,0
TX03528,ACC736,ACC636,6221,2026-09-02 12:09:55.908841,LOW,0
TX03529,ACC266,ACC519,14893,2026-09-02 12:08:55.908841,MEDIUM,0
TX03530,ACC750,ACC618,12739,2026-09-02 12:07:55.908841,MEDIUM,0
TX03531,ACC104,ACC204,9020,2026-09-02 12:06:55.908841,MEDIUM,0
TX03532,ACC414,ACC403,11282,2026-09-02 12:05:55.908841,MEDIUM,0
TX03533,ACC632,ACC769,5528,2026-09-02 12:04:55.908841,LOW,0
TX03534,ACC657,ACC395,11591,2026-09-02 12:03:55.908841,MEDIUM,0
TX03535,ACC541,ACC950,2550,2026-09-02 12:02:55.908841,LOW,0
TX03536,ACC924,ACC140,11153,2026-09-02 12:01:55.908841,MEDIUM,0
TX03537,ACC437,ACC327,164,2026-09-02 12:00:55.908841,LOW,0
TX03538,ACC179,ACC627,152,2026-09-02 11:59:55.908841,LOW,0
TX03539,ACC399,ACC679,17169,2026-09-02 11:58:55.908841,HIGH,1
TX03540,ACC341,ACC330,15024,2026-09-02 11:57:55.908841,HIGH,0
TX03541,ACC971,ACC798,2370,2026-09-02 11:56:55.908841,LOW,0
TX03542,ACC286,ACC632,10860,2026-09-02 11:55:55.908841,MEDIUM,0
TX03543,ACC799,ACC804,4820,2026-09-02 11:54:55.908841,LOW,0
TX03544,ACC675,ACC881,15757,2026-09-02 11:53:55.908841,HIGH,0
TX03545,ACC534,ACC262,13826,2026-09-02 11:52:55.908841,MEDIUM,0
TX03546,ACC816,ACC373,17940,2026-09-02 11:51:55.908841,HIGH,1
TX03547,ACC874,ACC646,10587,2026-09-02 11:50:55.908841,MEDIUM,0
TX03548,ACC957,ACC886,4792,2026-09-02 11:49:55.908841,LOW,0
TX03549,ACC455,ACC144,13361,2026-09-02 11:48:55.908841,MEDIUM,0
TX03550,ACC300,ACC856,11881,2026-09-02 11:47:55.908841,MEDIUM,0
TX03551,ACC572,ACC920,17495,2026-09-02 11:46:55.908841,HIGH,0
TX03552,ACC628,ACC489,18575,2026-09-02 11:45:55.908841,HIGH,1
TX03553,ACC636,ACC467,13186,2026-09-02 11:44:55.908841,MEDIUM,0
TX03554,ACC599,ACC264,7796,2026-09-02 11:43:55.908841,LOW,0
TX03555,ACC699,ACC572,4009,2026-09-02 11:42:55.908841,LOW,0
TX03556,ACC741,ACC205,11965,2026-09-02 11:41:55.908841,MEDIUM,0
TX03557,ACC378,ACC581,3067,2026-09-02 11:40:55.908841,LOW,0
TX03558,ACC116,ACC190,1788,2026-09-02 11:39:55.908841,LOW,0
TX03559,ACC126,ACC204,11747,2026-09-02 11:38:55.908841,MEDIUM,0
TX03560,ACC227,ACC922,1112,2026-09-02 11:37:55.908841,LOW,0
TX03561,ACC783,ACC862,2649,2026-09-02 11:36:55.908841,LOW,0
TX03562,ACC463,ACC908,9654,2026-09-02 11:35:55.908841,MEDIUM,0
TX03563,ACC409,ACC328,14393,2026-09-02 11:34:55.908841,MEDIUM,0
TX03564,ACC269,ACC137,5408,2026-09-02 11:33:55.908841,LOW,0
TX03565,ACC517,ACC248,2956,2026-09-02 11:32:55.908841,LOW,0
TX03566,ACC401,ACC218,202,2026-09-02 11:31:55.908841,LOW,0
TX03567,ACC995,ACC892,8657,2026-09-02 11:30:55.908841,MEDIUM,0
TX03568,ACC840,ACC360,752,2026-09-02 11:29:55.908841,LOW,0
TX03569,ACC365,ACC417,14477,2026-09-02 11:28:55.908841,MEDIUM,0
TX03570,ACC304,ACC461,2584,2026-09-02 11:27:55.908841,LOW,0
TX03571,ACC676,ACC133,9624,2026-09-02 11:26:55.908841,MEDIUM,0
TX03572,ACC770,ACC603,8970,2026-09-02 11:25:55.908841,MEDIUM,0
TX03573,ACC306,ACC849,14169,2026-09-02 11:24:55.908841,MEDIUM,0
TX03574,ACC591,ACC751,3428,2026-09-02 11:23:55.908841,LOW,0
TX03575,ACC339,ACC355,12165,2026-09-02 11:22:55.908841,MEDIUM,0
TX03576,ACC883,ACC391,1209,2026-09-02 11:21:55.908841,LOW,0
TX03577,ACC545,ACC553,15202,2026-09-02 11:20:55.908841,HIGH,0
TX03578,ACC453,ACC351,6648,2026-09-02 11:19:55.908841,LOW,0
TX03579,ACC252,ACC402,13584,2026-09-02 11:18:55.908841,MEDIUM,0
TX03580,ACC885,ACC591,1941,2026-09-02 11:17:55.908841,LOW,0
TX03581,ACC407,ACC671,15730,2026-09-02 11:16:55.908841,HIGH,0
TX03582,ACC904,ACC157,9409,2026-09-02 11:15:55.908841,MEDIUM,0
TX03583,ACC175,ACC518,8065,2026-09-02 11:14:55.908841,MEDIUM,0
TX03584,ACC423,ACC706,2428,2026-09-02 11:13:55.908841,LOW,0
TX03585,ACC150,ACC200,15059,2026-09-02 11:12:55.908841,HIGH,0
TX03586,ACC712,ACC209,10163,2026-09-02 11:11:55.908841,MEDIUM,0
TX03587,ACC146,ACC588,8866,2026-09-02 11:10:55.908841,MEDIUM,0
TX03588,ACC788,ACC970,9344,2026-09-02 11:09:55.908841,MEDIUM,0
TX03589,ACC819,ACC297,7199,2026-09-02 11:08:55.908841,LOW,0
TX03590,ACC438,ACC815,19495,2026-09-02 11:07:55.908841,HIGH,0
TX03591,ACC132,ACC101,19140,2026-09-02 11:06:55.908841,HIGH,1
TX03592,ACC138,ACC458,2053,2026-09-02 11:05:55.908841,LOW,0
TX03593,ACC616,ACC140,19155,2026-09-02 11:04:55.908841,HIGH,0
TX03594,ACC713,ACC267,3622,2026-09-02 11:03:55.908841,LOW,0
TX03595,ACC422,ACC128,1152,2026-09-02 11:02:55.908841,LOW,0
TX03596,ACC836,ACC990,18561,2026-09-02 11:01:55.908841,HIGH,1
TX03597,ACC782,ACC832,2703,2026-09-02 11:00:55.908841,LOW,0
TX03598,ACC337,ACC300,17072,2026-09-02 10:59:55.908841,HIGH,0
TX03599,ACC917,ACC295,684,2026-09-02 10:58:55.908841,LOW,0
TX03600,ACC363,ACC185,16098,2026-09-02 10:57:55.908841,HIGH,1
TX03601,ACC213,ACC414,11408,2026-09-02 10:56:55.908841,MEDIUM,0
TX03602,ACC441,ACC731,8310,2026-09-02 10:55:55.908841,MEDIUM,0
TX03603,ACC519,ACC966,18744,2026-09-02 10:54:55.908841,HIGH,0
TX03604,ACC108,ACC814,4973,2026-09-02 10:53:55.908841,LOW,0
TX03605,ACC522,ACC954,19702,2026-09-02 10:52:55.908841,HIGH,0
TX03606,ACC430,ACC715,18949,2026-09-02 10:51:55.908841,HIGH,0
TX03607,ACC632,ACC630,13211,2026-09-02 10:50:55.908841,MEDIUM,0
TX03608,ACC904,ACC128,8163,2026-09-02 10:49:55.908841,MEDIUM,0
TX03609,ACC356,ACC309,16531,2026-09-02 10:48:55.908841,HIGH,0
TX03610,ACC508,ACC262,4166,2026-09-02 10:47:55.908841,LOW,0
TX03611,ACC766,ACC790,19957,2026-09-02 10:46:55.908841,HIGH,0
TX03612,ACC632,ACC334,12600,2026-09-02 10:45:55.908841,MEDIUM,0
TX03613,ACC868,ACC106,7700,2026-09-02 10:44:55.908841,LOW,0
TX03614,ACC467,ACC643,7974,2026-09-02 10:43:55.908841,LOW,0
TX03615,ACC897,ACC395,7300,2026-09-02 10:42:55.908841,LOW,0
TX03616,ACC722,ACC439,6059,2026-09-02 10:41:55.908841,LOW,0
TX03617,ACC299,ACC442,10313,2026-09-02 10:40:55.908841,MEDIUM,0
TX03618,ACC217,ACC708,4894,2026-09-02 10:39:55.908841,LOW,0
TX03619,ACC749,ACC672,14090,2026-09-02 10:38:55.908841,MEDIUM,0
TX03620,ACC459,ACC474,3945,2026-09-02 10:37:55.908841,LOW,0
TX03621,ACC876,ACC730,5914,2026-09-02 10:36:55.908841,LOW,0
TX03622,ACC605,ACC304,19493,2026-09-02 10:35:55.908841,HIGH,1
TX03623,ACC100,ACC400,17199,2026-09-02 10:34:55.908841,HIGH,0
TX03624,ACC857,ACC316,16101,2026-09-02 10:33:55.908841,HIGH,0
TX03625,ACC867,ACC406,18804,2026-09-02 10:32:55.908841,HIGH,0
TX03626,ACC347,ACC863,15615,2026-09-02 10:31:55.908841,HIGH,1
TX03627,ACC386,ACC659,14035,2026-09-02 10:30:55.908841,MEDIUM,0
TX03628,ACC458,ACC459,15250,2026-09-02 10:29:55.908841,HIGH,0
TX03629,ACC738,ACC899,2576,2026-09-02 10:28:55.908841,LOW,0
TX03630,ACC750,ACC707,470,2026-09-02 10:27:55.908841,LOW,0
TX03631,ACC184,ACC474,9554,2026-09-02 10:26:55.908841,MEDIUM,0
TX03632,ACC238,ACC998,14630,2026-09-02 10:25:55.908841,MEDIUM,0
TX03633,ACC231,ACC605,14752,2026-09-02 10:24:55.908841,MEDIUM,0
TX03634,ACC737,ACC613,8510,2026-09-02 10:23:55.908841,MEDIUM,0
TX03635,ACC481,ACC817,15411,2026-09-02 10:22:55.908841,HIGH,0
TX03636,ACC921,ACC915,8024,2026-09-02 10:21:55.908841,MEDIUM,0
TX03637,ACC786,ACC316,12738,2026-09-02 10:20:55.908841,MEDIUM,0
TX03638,ACC478,ACC739,7243,2026-09-02 10:19:55.908841,LOW,0
TX03639,ACC569,ACC445,2450,2026-09-02 10:18:55.908841,LOW,0
TX03640,ACC835,ACC254,13469,2026-09-02 10:17:55.908841,MEDIUM,0
TX03641,ACC739,ACC264,1545,2026-09-02 10:16:55.908841,LOW,0
TX03642,ACC975,ACC374,3414,2026-09-02 10:15:55.908841,LOW,0
TX03643,ACC651,ACC994,2215,2026-09-02 10:14:55.908841,LOW,0
TX03644,ACC599,ACC576,9325,2026-09-02 10:13:55.908841,MEDIUM,0
TX03645,ACC836,ACC846,4905,2026-09-02 10:12:55.908841,LOW,0
TX03646,ACC489,ACC381,6660,2026-09-02 10:11:55.908841,LOW,0
TX03647,ACC919,ACC578,16462,2026-09-02 10:10:55.908841,HIGH,0
TX03648,ACC217,ACC756,10719,2026-09-02 10:09:55.908841,MEDIUM,0
TX03649,ACC192,ACC341,5058,2026-09-02 10:08:55.908841,LOW,0
TX03650,ACC726,ACC779,12287,2026-09-02 10:07:55.908841,MEDIUM,0
TX03651,ACC807,ACC904,15637,2026-09-02 10:06:55.908841,HIGH,0
TX03652,ACC269,ACC339,6808,2026-09-02 10:05:55.908841,LOW,0
TX03653,ACC651,ACC507,6889,2026-09-02 10:04:55.908841,LOW,0
TX03654,ACC429,ACC993,249,2026-09-02 10:03:55.908841,LOW,0
TX03655,ACC865,ACC895,8723,2026-09-02 10:02:55.908841,MEDIUM,0
TX03656,ACC744,ACC887,19366,2026-09-02 10:01:55.908841,HIGH,1
TX03657,ACC912,ACC209,11267,2026-09-02 10:00:55.908841,MEDIUM,0
TX03658,ACC433,ACC301,14784,2026-09-02 09:59:55.908841,MEDIUM,0
TX03659,ACC731,ACC968,17448,2026-09-02 09:58:55.908841,HIGH,1
TX03660,ACC400,ACC367,11374,2026-09-02 09:57:55.908841,MEDIUM,0
TX03661,ACC464,ACC357,15140,2026-09-02 09:56:55.908841,HIGH,0
TX03662,ACC406,ACC401,1714,2026-09-02 09:55:55.908841,LOW,0
TX03663,ACC605,ACC353,19478,2026-09-02 09:54:55.908841,HIGH,0
TX03664,ACC719,ACC161,12083,2026-09-02 09:53:55.908841,MEDIUM,0
TX03665,ACC877,ACC368,16366,2026-09-02 09:52:55.908841,HIGH,1
TX03666,ACC760,ACC292,8281,2026-09-02 09:51:55.908841,MEDIUM,0
TX03667,ACC468,ACC216,4174,2026-09-02 09:50:55.908841,LOW,0
TX03668,ACC146,ACC223,1081,2026-09-02 09:49:55.908841,LOW,0
TX03669,ACC359,ACC192,9092,2026-09-02 09:48:55.908841,MEDIUM,0
TX03670,ACC902,ACC536,7882,2026-09-02 09:47:55.908841,LOW,0
TX03671,ACC891,ACC877,13953,2026-09-02 09:46:55.908841,MEDIUM,0
TX03672,ACC792,ACC398,19912,2026-09-02 09:45:55.908841,HIGH,1
TX03673,ACC508,ACC139,3451,2026-09-02 09:44:55.908841,LOW,0
TX03674,ACC117,ACC818,16810,2026-09-02 09:43:55.908841,HIGH,0
TX03675,ACC603,ACC695,542,2026-09-02 09:42:55.908841,LOW,0
TX03676,ACC754,ACC376,19559,2026-09-02 09:41:55.908841,HIGH,1
TX03677,ACC339,ACC157,2734,2026-09-02 09:40:55.908841,LOW,0
TX03678,ACC795,ACC185,10318,2026-09-02 09:39:55.908841,MEDIUM,0
TX03679,ACC128,ACC542,9751,2026-09-02 09:38:55.908841,MEDIUM,0
TX03680,ACC212,ACC444,8874,2026-09-02 09:37:55.908841,MEDIUM,0
TX03681,ACC712,ACC749,3214,2026-09-02 09:36:55.908841,LOW,0
TX03682,ACC817,ACC172,18119,2026-09-02 09:35:55.908841,HIGH,1
TX03683,ACC217,ACC757,17265,2026-09-02 09:34:55.908841,HIGH,0
TX03684,ACC757,ACC540,2281,2026-09-02 09:33:55.908841,LOW,0
TX03685,ACC393,ACC836,7237,2026-09-02 09:32:55.908841,LOW,0
TX03686,ACC613,ACC199,3229,2026-09-02 09:31:55.908841,LOW,0
TX03687,ACC433,ACC887,2421,2026-09-02 09:30:55.908841,LOW,0
TX03688,ACC923,ACC797,5774,2026-09-02 09:29:55.908841,LOW,0
TX03689,ACC247,ACC299,7057,2026-09-02 09:28:55.908841,LOW,0
TX03690,ACC981,ACC927,397,2026-09-02 09:27:55.908841,LOW,0
TX03691,ACC628,ACC498,3922,2026-09-02 09:26:55.908841,LOW,0
TX03692,ACC714,ACC797,8403,2026-09-02 09:25:55.908841,MEDIUM,0
TX03693,ACC435,ACC293,12171,2026-09-02 09:24:55.908841,MEDIUM,0
TX03694,ACC707,ACC375,10904,2026-09-02 09:23:55.908841,MEDIUM,0
TX03695,ACC857,ACC102,13027,2026-09-02 09:22:55.908841,MEDIUM,0
TX03696,ACC379,ACC445,7794,2026-09-02 09:21:55.908841,LOW,0
TX03697,ACC411,ACC718,4587,2026-09-02 09:20:55.908841,LOW,0
TX03698,ACC757,ACC652,12919,2026-09-02 09:19:55.908841,MEDIUM,0
TX03699,ACC115,ACC523,18202,2026-09-02 09:18:55.908841,HIGH,0
TX03700,ACC648,ACC647,5044,2026-09-02 09:17:55.908841,LOW,0
TX03701,ACC336,ACC461,13339,2026-09-02 09:16:55.908841,MEDIUM,0
TX03702,ACC395,ACC535,6594,2026-09-02 09:15:55.908841,LOW,0
TX03703,ACC782,ACC998,4494,2026-09-02 09:14:55.908841,LOW,0
TX03704,ACC233,ACC374,10255,2026-09-02 09:13:55.908841,MEDIUM,0
TX03705,ACC354,ACC813,1010,2026-09-02 09:12:55.908841,LOW,0
TX03706,ACC269,ACC221,13699,2026-09-02 09:11:55.908841,MEDIUM,0
TX03707,ACC306,ACC812,1531,2026-09-02 09:10:55.908841,LOW,0
TX03708,ACC707,ACC997,7290,2026-09-02 09:09:55.908841,LOW,0
TX03709,ACC322,ACC827,3457,2026-09-02 09:08:55.908841,LOW,0
TX03710,ACC727,ACC402,3158,2026-09-02 09:07:55.908841,LOW,0
TX03711,ACC511,ACC948,19664,2026-09-02 09:06:55.908841,HIGH,1
TX03712,ACC370,ACC698,11795,2026-09-02 09:05:55.908841,MEDIUM,0
TX03713,ACC314,ACC388,11818,2026-09-02 09:04:55.908841,MEDIUM,0
TX03714,ACC111,ACC294,2375,2026-09-02 09:03:55.908841,LOW,0
TX03715,ACC815,ACC430,16760,2026-09-02 09:02:55.908841,HIGH,0
TX03716,ACC347,ACC655,16838,2026-09-02 09:01:55.908841,HIGH,1
TX03717,ACC933,ACC287,16147,2026-09-02 09:00:55.908841,HIGH,0
TX03718,ACC273,ACC870,13424,2026-09-02 08:59:55.908841,MEDIUM,0
TX03719,ACC156,ACC458,19447,2026-09-02 08:58:55.908841,HIGH,0
TX03720,ACC973,ACC203,1938,2026-09-02 08:57:55.908841,LOW,0
TX03721,ACC241,ACC337,2804,2026-09-02 08:56:55.908841,LOW,0
TX03722,ACC308,ACC766,5326,2026-09-02 08:55:55.908841,LOW,0
TX03723,ACC675,ACC990,13666,2026-09-02 08:54:55.908841,MEDIUM,0
TX03724,ACC529,ACC216,4041,2026-09-02 08:53:55.908841,LOW,0
TX03725,ACC348,ACC253,7491,2026-09-02 08:52:55.908841,LOW,0
TX03726,ACC633,ACC351,16899,2026-09-02 08:51:55.908841,HIGH,0
TX03727,ACC225,ACC903,7051,2026-09-02 08:50:55.908841,LOW,0
TX03728,ACC308,ACC117,11708,2026-09-02 08:49:55.908841,MEDIUM,0
TX03729,ACC164,ACC365,12787,2026-09-02 08:48:55.908841,MEDIUM,0
TX03730,ACC387,ACC421,9894,2026-09-02 08:47:55.908841,MEDIUM,0
TX03731,ACC704,ACC878,16802,2026-09-02 08:46:55.908841,HIGH,0
TX03732,ACC226,ACC771,8332,2026-09-02 08:45:55.908841,MEDIUM,0
TX03733,ACC158,ACC254,16701,2026-09-02 08:44:55.908841,HIGH,0
TX03734,ACC762,ACC204,4330,2026-09-02 08:43:55.908841,LOW,0
TX03735,ACC912,ACC672,5974,2026-09-02 08:42:55.908841,LOW,0
TX03736,ACC931,ACC104,7901,2026-09-02 08:41:55.908841,LOW,0
TX03737,ACC461,ACC865,3059,2026-09-02 08:40:55.908841,LOW,0
TX03738,ACC290,ACC257,1312,2026-09-02 08:39:55.908841,LOW,0
TX03739,ACC501,ACC990,4088,2026-09-02 08:38:55.908841,LOW,0
TX03740,ACC882,ACC375,7454,2026-09-02 08:37:55.908841,LOW,0
TX03741,ACC298,ACC337,997,2026-09-02 08:36:55.908841,LOW,0
TX03742,ACC951,ACC780,13187,2026-09-02 08:35:55.908841,MEDIUM,0
TX03743,ACC549,ACC661,9967,2026-09-02 08:34:55.908841,MEDIUM,0
TX03744,ACC121,ACC146,15478,2026-09-02 08:33:55.908841,HIGH,0
TX03745,ACC716,ACC352,8903,2026-09-02 08:32:55.908841,MEDIUM,0
TX03746,ACC255,ACC667,5365,2026-09-02 08:31:55.908841,LOW,0
TX03747,ACC112,ACC535,12043,2026-09-02 08:30:55.908841,MEDIUM,0
TX03748,ACC257,ACC883,13251,2026-09-02 08:29:55.908841,MEDIUM,0
TX03749,ACC896,ACC253,2298,2026-09-02 08:28:55.908841,LOW,0
TX03750,ACC947,ACC455,16342,2026-09-02 08:27:55.908841,HIGH,1
TX03751,ACC170,ACC515,15444,2026-09-02 08:26:55.908841,HIGH,0
TX03752,ACC419,ACC727,17863,2026-09-02 08:25:55.908841,HIGH,0
TX03753,ACC740,ACC409,1387,2026-09-02 08:24:55.908841,LOW,0
TX03754,ACC408,ACC875,2163,2026-09-02 08:23:55.908841,LOW,0
TX03755,ACC243,ACC899,17127,2026-09-02 08:22:55.908841,HIGH,0
TX03756,ACC874,ACC310,10725,2026-09-02 08:21:55.908841,MEDIUM,0
TX03757,ACC857,ACC399,8361,2026-09-02 08:20:55.908841,MEDIUM,0
TX03758,ACC398,ACC272,9403,2026-09-02 08:19:55.908841,MEDIUM,0
TX03759,ACC363,ACC389,8923,2026-09-02 08:18:55.908841,MEDIUM,0
TX03760,ACC396,ACC509,18017,2026-09-02 08:17:55.908841,HIGH,0
TX03761,ACC620,ACC509,553,2026-09-02 08:16:55.908841,LOW,0
TX03762,ACC892,ACC711,15616,2026-09-02 08:15:55.908841,HIGH,0
TX03763,ACC945,ACC277,7527,2026-09-02 08:14:55.908841,LOW,0
TX03764,ACC251,ACC485,379,2026-09-02 08:13:55.908841,LOW,0
TX03765,ACC999,ACC775,4985,2026-09-02 08:12:55.908841,LOW,0
TX03766,ACC764,ACC775,806,2026-09-02 08:11:55.908841,LOW,0
TX03767,ACC833,ACC680,1519,2026-09-02 08:10:55.908841,LOW,0
TX03768,ACC819,ACC876,14172,2026-09-02 08:09:55.908841,MEDIUM,0
TX03769,ACC685,ACC350,19799,2026-09-02 08:08:55.908841,HIGH,0
TX03770,ACC824,ACC286,10582,2026-09-02 08:07:55.908841,MEDIUM,0
TX03771,ACC284,ACC160,419,2026-09-02 08:06:55.908841,LOW,0
TX03772,ACC531,ACC760,8181,2026-09-02 08:05:55.908841,MEDIUM,0
TX03773,ACC542,ACC158,11609,2026-09-02 08:04:55.908841,MEDIUM,0
TX03774,ACC263,ACC467,5630,2026-09-02 08:03:55.908841,LOW,0
TX03775,ACC458,ACC391,19207,2026-09-02 08:02:55.908841,HIGH,1
TX03776,ACC176,ACC157,17313,2026-09-02 08:01:55.908841,HIGH,0
TX03777,ACC142,ACC827,11462,2026-09-02 08:00:55.908841,MEDIUM,0
TX03778,ACC417,ACC148,15747,2026-09-02 07:59:55.908841,HIGH,0
TX03779,ACC620,ACC105,18455,2026-09-02 07:58:55.908841,HIGH,1
TX03780,ACC361,ACC579,3868,2026-09-02 07:57:55.908841,LOW,0
TX03781,ACC358,ACC622,18750,2026-09-02 07:56:55.908841,HIGH,0
TX03782,ACC886,ACC776,6116,2026-09-02 07:55:55.908841,LOW,0
TX03783,ACC707,ACC404,11024,2026-09-02 07:54:55.908841,MEDIUM,0
TX03784,ACC228,ACC638,2640,2026-09-02 07:53:55.908841,LOW,0
TX03785,ACC845,ACC314,15874,2026-09-02 07:52:55.908841,HIGH,1
TX03786,ACC682,ACC860,16511,2026-09-02 07:51:55.908841,HIGH,0
TX03787,ACC658,ACC733,16496,2026-09-02 07:50:55.908841,HIGH,1
TX03788,ACC636,ACC651,9288,2026-09-02 07:49:55.908841,MEDIUM,0
TX03789,ACC533,ACC871,18786,2026-09-02 07:48:55.908841,HIGH,0
TX03790,ACC761,ACC487,4443,2026-09-02 07:47:55.908841,LOW,0
TX03791,ACC845,ACC304,14088,2026-09-02 07:46:55.908841,MEDIUM,0
TX03792,ACC564,ACC359,15906,2026-09-02 07:45:55.908841,HIGH,1
TX03793,ACC542,ACC572,14428,2026-09-02 07:44:55.908841,MEDIUM,0
TX03794,ACC876,ACC880,368,2026-09-02 07:43:55.908841,LOW,0
TX03795,ACC835,ACC263,1664,2026-09-02 07:42:55.908841,LOW,0
TX03796,ACC367,ACC376,16923,2026-09-02 07:41:55.908841,HIGH,1
TX03797,ACC182,ACC553,14698,2026-09-02 07:40:55.908841,MEDIUM,0
TX03798,ACC463,ACC617,9125,2026-09-02 07:39:55.908841,MEDIUM,0
TX03799,ACC313,ACC149,19688,2026-09-02 07:38:55.908841,HIGH,1
TX03800,ACC650,ACC318,12529,2026-09-02 07:37:55.908841,MEDIUM,0
TX03801,ACC492,ACC178,9149,2026-09-02 07:36:55.908841,MEDIUM,0
TX03802,ACC390,ACC237,15775,2026-09-02 07:35:55.908841,HIGH,1
TX03803,ACC350,ACC489,14571,2026-09-02 07:34:55.908841,MEDIUM,0
TX03804,ACC311,ACC504,4345,2026-09-02 07:33:55.908841,LOW,0
TX03805,ACC688,ACC802,1909,2026-09-02 07:32:55.908841,LOW,0
TX03806,ACC213,ACC936,9467,2026-09-02 07:31:55.908841,MEDIUM,0
TX03807,ACC467,ACC429,19859,2026-09-02 07:30:55.908841,HIGH,0
TX03808,ACC596,ACC767,6320,2026-09-02 07:29:55.908841,LOW,0
TX03809,ACC138,ACC553,11140,2026-09-02 07:28:55.908841,MEDIUM,0
TX03810,ACC167,ACC136,12145,2026-09-02 07:27:55.908841,MEDIUM,0
TX03811,ACC755,ACC207,12708,2026-09-02 07:26:55.908841,MEDIUM,0
TX03812,ACC267,ACC759,10553,2026-09-02 07:25:55.908841,MEDIUM,0
TX03813,ACC358,ACC567,5509,2026-09-02 07:24:55.908841,LOW,0
TX03814,ACC623,ACC479,5089,2026-09-02 07:23:55.908841,LOW,0
TX03815,ACC478,ACC953,18490,2026-09-02 07:22:55.908841,HIGH,1
TX03816,ACC749,ACC588,19687,2026-09-02 07:21:55.908841,HIGH,1
TX03817,ACC446,ACC756,11681,2026-09-02 07:20:55.908841,MEDIUM,0
TX03818,ACC621,ACC550,17661,2026-09-02 07:19:55.908841,HIGH,0
TX03819,ACC199,ACC911,12803,2026-09-02 07:18:55.908841,MEDIUM,0
TX03820,ACC789,ACC141,5239,2026-09-02 07:17:55.908841,LOW,0
TX03821,ACC343,ACC572,11287,2026-09-02 07:16:55.908841,MEDIUM,0
TX03822,ACC836,ACC246,12550,2026-09-02 07:15:55.908841,MEDIUM,0
TX03823,ACC587,ACC584,1586,2026-09-02 07:14:55.908841,LOW,0
TX03824,ACC640,ACC279,18030,2026-09-02 07:13:55.908841,HIGH,1
TX03825,ACC993,ACC644,2810,2026-09-02 07:12:55.908841,LOW,0
TX03826,ACC176,ACC564,7182,2026-09-02 07:11:55.908841,LOW,0
TX03827,ACC619,ACC735,11090,2026-09-02 07:10:55.908841,MEDIUM,0
TX03828,ACC638,ACC848,2393,2026-09-02 07:09:55.908841,LOW,0
TX03829,ACC282,ACC400,10413,2026-09-02 07:08:55.908841,MEDIUM,0
TX03830,ACC140,ACC814,2789,2026-09-02 07:07:55.908841,LOW,0
TX03831,ACC367,ACC258,14970,2026-09-02 07:06:55.908841,MEDIUM,0
TX03832,ACC916,ACC444,14662,2026-09-02 07:05:55.908841,MEDIUM,0
TX03833,ACC543,ACC502,4969,2026-09-02 07:04:55.908841,LOW,0
TX03834,ACC368,ACC112,5739,2026-09-02 07:03:55.908841,LOW,0
TX03835,ACC665,ACC383,11959,2026-09-02 07:02:55.908841,MEDIUM,0
TX03836,ACC761,ACC275,2136,2026-09-02 07:01:55.908841,LOW,0
TX03837,ACC479,ACC307,5752,2026-09-02 07:00:55.908841,LOW,0
TX03838,ACC969,ACC949,6265,2026-09-02 06:59:55.908841,LOW,0
TX03839,ACC947,ACC844,1324,2026-09-02 06:58:55.908841,LOW,0
TX03840,ACC544,ACC479,927,2026-09-02 06:57:55.908841,LOW,0
TX03841,ACC132,ACC328,10171,2026-09-02 06:56:55.908841,MEDIUM,0
TX03842,ACC853,ACC791,17178,2026-09-02 06:55:55.908841,HIGH,0
TX03843,ACC856,ACC562,3193,2026-09-02 06:54:55.908841,LOW,0
TX03844,ACC379,ACC757,12419,2026-09-02 06:53:55.908841,MEDIUM,0
TX03845,ACC229,ACC687,17299,2026-09-02 06:52:55.908841,HIGH,0
TX03846,ACC162,ACC532,7951,2026-09-02 06:51:55.908841,LOW,0
TX03847,ACC557,ACC689,1666,2026-09-02 06:50:55.908841,LOW,0
TX03848,ACC576,ACC638,1109,2026-09-02 06:49:55.908841,LOW,0
TX03849,ACC513,ACC857,15147,2026-09-02 06:48:55.908841,HIGH,0
TX03850,ACC586,ACC727,8084,2026-09-02 06:47:55.908841,MEDIUM,0
TX03851,ACC868,ACC455,11376,2026-09-02 06:46:55.908841,MEDIUM,0
TX03852,ACC273,ACC362,10928,2026-09-02 06:45:55.908841,MEDIUM,0
TX03853,ACC242,ACC889,14068,2026-09-02 06:44:55.908841,MEDIUM,0
TX03854,ACC799,ACC994,12929,2026-09-02 06:43:55.908841,MEDIUM,0
TX03855,ACC218,ACC720,665,2026-09-02 06:42:55.908841,LOW,0
TX03856,ACC413,ACC541,9479,2026-09-02 06:41:55.908841,MEDIUM,0
TX03857,ACC842,ACC421,16620,2026-09-02 06:40:55.908841,HIGH,1
TX03858,ACC505,ACC401,19344,2026-09-02 06:39:55.908841,HIGH,0
TX03859,ACC380,ACC872,16438,2026-09-02 06:38:55.908841,HIGH,0
TX03860,ACC902,ACC284,5762,2026-09-02 06:37:55.908841,LOW,0
TX03861,ACC840,ACC803,7957,2026-09-02 06:36:55.908841,LOW,0
TX03862,ACC310,ACC986,8888,2026-09-02 06:35:55.908841,MEDIUM,0
TX03863,ACC961,ACC237,7397,2026-09-02 06:34:55.908841,LOW,0
TX03864,ACC689,ACC320,16122,2026-09-02 06:33:55.908841,HIGH,0
TX03865,ACC748,ACC167,19352,2026-09-02 06:32:55.908841,HIGH,0
TX03866,ACC462,ACC571,5081,2026-09-02 06:31:55.908841,LOW,0
TX03867,ACC135,ACC665,7767,2026-09-02 06:30:55.908841,LOW,0
TX03868,ACC232,ACC206,18088,2026-09-02 06:29:55.908841,HIGH,1
TX03869,ACC943,ACC990,5467,2026-09-02 06:28:55.908841,LOW,0
TX03870,ACC971,ACC519,5546,2026-09-02 06:27:55.908841,LOW,0
TX03871,ACC257,ACC400,10556,2026-09-02 06:26:55.908841,MEDIUM,0
TX03872,ACC773,ACC375,5822,2026-09-02 06:25:55.908841,LOW,0
TX03873,ACC968,ACC754,19551,2026-09-02 06:24:55.908841,HIGH,1
TX03874,ACC995,ACC767,18447,2026-09-02 06:23:55.908841,HIGH,0
TX03875,ACC764,ACC560,3088,2026-09-02 06:22:55.908841,LOW,0
TX03876,ACC481,ACC553,3099,2026-09-02 06:21:55.908841,LOW,0
TX03877,ACC531,ACC953,19888,2026-09-02 06:20:55.908841,HIGH,1
TX03878,ACC880,ACC441,3931,2026-09-02 06:19:55.908841,LOW,0
TX03879,ACC545,ACC101,1014,2026-09-02 06:18:55.908841,LOW,0
TX03880,ACC517,ACC254,11335,2026-09-02 06:17:55.908841,MEDIUM,0
TX03881,ACC106,ACC822,16626,2026-09-02 06:16:55.908841,HIGH,0
TX03882,ACC426,ACC362,551,2026-09-02 06:15:55.908841,LOW,0
TX03883,ACC656,ACC745,1273,2026-09-02 06:14:55.908841,LOW,0
TX03884,ACC742,ACC161,9459,2026-09-02 06:13:55.908841,MEDIUM,0
TX03885,ACC984,ACC756,8892,2026-09-02 06:12:55.908841,MEDIUM,0
TX03886,ACC703,ACC192,18649,2026-09-02 06:11:55.908841,HIGH,0
TX03887,ACC414,ACC831,5361,2026-09-02 06:10:55.908841,LOW,0
TX03888,ACC694,ACC289,3270,2026-09-02 06:09:55.908841,LOW,0
TX03889,ACC781,ACC712,2924,2026-09-02 06:08:55.908841,LOW,0
TX03890,ACC105,ACC319,11255,2026-09-02 06:07:55.908841,MEDIUM,0
TX03891,ACC376,ACC194,14146,2026-09-02 06:06:55.908841,MEDIUM,0
TX03892,ACC192,ACC601,11863,2026-09-02 06:05:55.908841,MEDIUM,0
TX03893,ACC227,ACC408,5931,2026-09-02 06:04:55.908841,LOW,0
TX03894,ACC866,ACC464,16065,2026-09-02 06:03:55.908841,HIGH,0
TX03895,ACC808,ACC495,4981,2026-09-02 06:02:55.908841,LOW,0
TX03896,ACC301,ACC418,1636,2026-09-02 06:01:55.908841,LOW,0
TX03897,ACC659,ACC826,11274,2026-09-02 06:00:55.908841,MEDIUM,0
TX03898,ACC459,ACC257,14356,2026-09-02 05:59:55.908841,MEDIUM,0
TX03899,ACC566,ACC529,1846,2026-09-02 05:58:55.908841,LOW,0
TX03900,ACC944,ACC271,19679,2026-09-02 05:57:55.908841,HIGH,0
TX03901,ACC394,ACC191,4147,2026-09-02 05:56:55.908841,LOW,0
TX03902,ACC733,ACC678,11487,2026-09-02 05:55:55.908841,MEDIUM,0
TX03903,ACC255,ACC122,11390,2026-09-02 05:54:55.908841,MEDIUM,0
TX03904,ACC721,ACC538,8742,2026-09-02 05:53:55.908841,MEDIUM,0
TX03905,ACC747,ACC657,16350,2026-09-02 05:52:55.908841,HIGH,0
TX03906,ACC300,ACC388,4426,2026-09-02 05:51:55.908841,LOW,0
TX03907,ACC530,ACC189,8326,2026-09-02 05:50:55.908841,MEDIUM,0
TX03908,ACC783,ACC970,829,2026-09-02 05:49:55.908841,LOW,0
TX03909,ACC634,ACC548,19735,2026-09-02 05:48:55.908841,HIGH,0
TX03910,ACC608,ACC976,4847,2026-09-02 05:47:55.908841,LOW,0
TX03911,ACC317,ACC597,2841,2026-09-02 05:46:55.908841,LOW,0
TX03912,ACC724,ACC481,11981,2026-09-02 05:45:55.908841,MEDIUM,0
TX03913,ACC644,ACC682,6037,2026-09-02 05:44:55.908841,LOW,0
TX03914,ACC269,ACC192,1207,2026-09-02 05:43:55.908841,LOW,0
TX03915,ACC802,ACC990,1748,2026-09-02 05:42:55.908841,LOW,0
TX03916,ACC935,ACC281,1046,2026-09-02 05:41:55.908841,LOW,0
TX03917,ACC220,ACC634,1767,2026-09-02 05:40:55.908841,LOW,0
TX03918,ACC834,ACC537,17854,2026-09-02 05:39:55.908841,HIGH,0
TX03919,ACC235,ACC407,14226,2026-09-02 05:38:55.908841,MEDIUM,0
TX03920,ACC552,ACC885,13346,2026-09-02 05:37:55.908841,MEDIUM,0
TX03921,ACC310,ACC245,13438,2026-09-02 05:36:55.908841,MEDIUM,0
TX03922,ACC270,ACC303,12923,2026-09-02 05:35:55.908841,MEDIUM,0
TX03923,ACC769,ACC116,13445,2026-09-02 05:34:55.908841,MEDIUM,0
TX03924,ACC598,ACC115,4070,2026-09-02 05:33:55.908841,LOW,0
TX03925,ACC187,ACC274,6056,2026-09-02 05:32:55.908841,LOW,0
TX03926,ACC429,ACC987,12774,2026-09-02 05:31:55.908841,MEDIUM,0
TX03927,ACC332,ACC191,531,2026-09-02 05:30:55.908841,LOW,0
TX03928,ACC371,ACC727,14513,2026-09-02 05:29:55.908841,MEDIUM,0
TX03929,ACC898,ACC442,177,2026-09-02 05:28:55.908841,LOW,0
TX03930,ACC522,ACC300,18478,2026-09-02 05:27:55.908841,HIGH,0
TX03931,ACC150,ACC493,6664,2026-09-02 05:26:55.908841,LOW,0
TX03932,ACC130,ACC480,13106,2026-09-02 05:25:55.908841,MEDIUM,0
TX03933,ACC172,ACC879,6677,2026-09-02 05:24:55.908841,LOW,0
TX03934,ACC583,ACC281,17980,2026-09-02 05:23:55.908841,HIGH,1
TX03935,ACC884,ACC250,2819,2026-09-02 05:22:55.908841,LOW,0
TX03936,ACC864,ACC965,12877,2026-09-02 05:21:55.908841,MEDIUM,0
TX03937,ACC830,ACC639,12545,2026-09-02 05:20:55.908841,MEDIUM,0
TX03938,ACC416,ACC367,835,2026-09-02 05:19:55.908841,LOW,0
TX03939,ACC637,ACC765,7662,2026-09-02 05:18:55.908841,LOW,0
TX03940,ACC363,ACC286,14100,2026-09-02 05:17:55.908841,MEDIUM,0
TX03941,ACC950,ACC393,10467,2026-09-02 05:16:55.908841,MEDIUM,0
TX03942,ACC168,ACC721,5608,2026-09-02 05:15:55.908841,LOW,0
TX03943,ACC360,ACC828,985,2026-09-02 05:14:55.908841,LOW,0
TX03944,ACC879,ACC443,5294,2026-09-02 05:13:55.908841,LOW,0
TX03945,ACC331,ACC219,5790,2026-09-02 05:12:55.908841,LOW,0
TX03946,ACC630,ACC836,1676,2026-09-02 05:11:55.908841,LOW,0
TX03947,ACC452,ACC173,7429,2026-09-02 05:10:55.908841,LOW,0
TX03948,ACC507,ACC372,7903,2026-09-02 05:09:55.908841,LOW,0
TX03949,ACC577,ACC505,9039,2026-09-02 05:08:55.908841,MEDIUM,0
TX03950,ACC185,ACC461,15727,2026-09-02 05:07:55.908841,HIGH,1
TX03951,ACC871,ACC194,459,2026-09-02 05:06:55.908841,LOW,0
TX03952,ACC360,ACC910,637,2026-09-02 05:05:55.908841,LOW,0
TX03953,ACC858,ACC403,879,2026-09-02 05:04:55.908841,LOW,0
TX03954,ACC465,ACC227,5690,2026-09-02 05:03:55.908841,LOW,0
TX03955,ACC822,ACC303,6793,2026-09-02 05:02:55.908841,LOW,0
TX03956,ACC617,ACC451,3844,2026-09-02 05:01:55.908841,LOW,0
TX03957,ACC172,ACC111,13246,2026-09-02 05:00:55.908841,MEDIUM,0
TX03958,ACC403,ACC828,14744,2026-09-02 04:59:55.908841,MEDIUM,0
TX03959,ACC290,ACC591,17607,2026-09-02 04:58:55.908841,HIGH,1
TX03960,ACC113,ACC445,8681,2026-09-02 04:57:55.908841,MEDIUM,0
TX03961,ACC221,ACC737,3585,2026-09-02 04:56:55.908841,LOW,0
TX03962,ACC764,ACC617,13782,2026-09-02 04:55:55.908841,MEDIUM,0
TX03963,ACC968,ACC621,17549,2026-09-02 04:54:55.908841,HIGH,0
TX03964,ACC499,ACC887,3149,2026-09-02 04:53:55.908841,LOW,0
TX03965,ACC245,ACC467,15472,2026-09-02 04:52:55.908841,HIGH,0
TX03966,ACC468,ACC632,16548,2026-09-02 04:51:55.908841,HIGH,1
TX03967,ACC612,ACC880,8012,2026-09-02 04:50:55.908841,MEDIUM,0
TX03968,ACC126,ACC114,14400,2026-09-02 04:49:55.908841,MEDIUM,0
TX03969,ACC605,ACC935,11218,2026-09-02 04:48:55.908841,MEDIUM,0
TX03970,ACC593,ACC119,2717,2026-09-02 04:47:55.908841,LOW,0
TX03971,ACC116,ACC170,11646,2026-09-02 04:46:55.908841,MEDIUM,0
TX03972,ACC972,ACC659,8791,2026-09-02 04:45:55.908841,MEDIUM,0
TX03973,ACC453,ACC103,11622,2026-09-02 04:44:55.908841,MEDIUM,0
TX03974,ACC565,ACC522,5434,2026-09-02 04:43:55.908841,LOW,0
TX03975,ACC170,ACC837,3486,2026-09-02 04:42:55.908841,LOW,0
TX03976,ACC373,ACC597,10783,2026-09-02 04:41:55.908841,MEDIUM,0
TX03977,ACC743,ACC862,12900,2026-09-02 04:40:55.908841,MEDIUM,0
TX03978,ACC591,ACC223,18286,2026-09-02 04:39:55.908841,HIGH,0
TX03979,ACC179,ACC925,6544,2026-09-02 04:38:55.908841,LOW,0
TX03980,ACC683,ACC757,4727,2026-09-02 04:37:55.908841,LOW,0
TX03981,ACC722,ACC222,9505,2026-09-02 04:36:55.908841,MEDIUM,0
TX03982,ACC501,ACC199,7937,2026-09-02 04:35:55.908841,LOW,0
TX03983,ACC954,ACC485,1482,2026-09-02 04:34:55.908841,LOW,0
TX03984,ACC621,ACC854,5018,2026-09-02 04:33:55.908841,LOW,0
TX03985,ACC179,ACC716,3016,2026-09-02 04:32:55.908841,LOW,0
TX03986,ACC938,ACC893,6387,2026-09-02 04:31:55.908841,LOW,0
TX03987,ACC140,ACC448,9908,2026-09-02 04:30:55.908841,MEDIUM,0
TX03988,ACC561,ACC231,3031,2026-09-02 04:29:55.908841,LOW,0
TX03989,ACC178,ACC989,4179,2026-09-02 04:28:55.908841,LOW,0
TX03990,ACC611,ACC155,1225,2026-09-02 04:27:55.908841,LOW,0
TX03991,ACC572,ACC912,10003,2026-09-02 04:26:55.908841,MEDIUM,0
TX03992,ACC672,ACC685,7409,2026-09-02 04:25:55.908841,LOW,0
TX03993,ACC154,ACC223,3919,2026-09-02 04:24:55.908841,LOW,0
TX03994,ACC956,ACC449,6329,2026-09-02 04:23:55.908841,LOW,0
TX03995,ACC798,ACC417,10472,2026-09-02 04:22:55.908841,MEDIUM,0
TX03996,ACC688,ACC867,16877,2026-09-02 04:21:55.908841,HIGH,1
TX03997,ACC914,ACC199,13827,2026-09-02 04:20:55.908841,MEDIUM,0
TX03998,ACC478,ACC971,10143,2026-09-02 04:19:55.908841,MEDIUM,0
TX03999,ACC663,ACC273,12282,2026-09-02 04:18:55.908841,MEDIUM,0
TX04000,ACC578,ACC546,15284,2026-09-02 04:17:55.908841,HIGH,0
TX04001,ACC583,ACC639,14303,2026-09-02 04:16:55.908841,MEDIUM,0
TX04002,ACC110,ACC893,13028,2026-09-02 04:15:55.908841,MEDIUM,0
TX04003,ACC277,ACC832,18073,2026-09-02 04:14:55.908841,HIGH,0
TX04004,ACC615,ACC962,13626,2026-09-02 04:13:55.908841,MEDIUM,0
TX04005,ACC653,ACC756,3398,2026-09-02 04:12:55.908841,LOW,0
TX04006,ACC795,ACC665,2016,2026-09-02 04:11:55.908841,LOW,0
TX04007,ACC897,ACC909,17290,2026-09-02 04:10:55.908841,HIGH,0
TX04008,ACC688,ACC548,4569,2026-09-02 04:09:55.908841,LOW,0
TX04009,ACC571,ACC700,10385,2026-09-02 04:08:55.908841,MEDIUM,0
TX04010,ACC908,ACC807,11295,2026-09-02 04:07:55.908841,MEDIUM,0
TX04011,ACC363,ACC343,18583,2026-09-02 04:06:55.908841,HIGH,0
TX04012,ACC886,ACC662,6163,2026-09-02 04:05:55.908841,LOW,0
TX04013,ACC213,ACC896,8998,2026-09-02 04:04:55.908841,MEDIUM,0
TX04014,ACC153,ACC512,1654,2026-09-02 04:03:55.908841,LOW,0
TX04015,ACC501,ACC912,19647,2026-09-02 04:02:55.908841,HIGH,1
TX04016,ACC422,ACC336,1037,2026-09-02 04:01:55.908841,LOW,0
TX04017,ACC793,ACC975,15291,2026-09-02 04:00:55.908841,HIGH,1
TX04018,ACC582,ACC342,2287,2026-09-02 03:59:55.908841,LOW,0
TX04019,ACC633,ACC716,4830,2026-09-02 03:58:55.908841,LOW,0
TX04020,ACC866,ACC364,354,2026-09-02 03:57:55.908841,LOW,0
TX04021,ACC741,ACC456,7034,2026-09-02 03:56:55.908841,LOW,0
TX04022,ACC923,ACC100,11872,2026-09-02 03:55:55.908841,MEDIUM,0
TX04023,ACC221,ACC646,17460,2026-09-02 03:54:55.908841,HIGH,0
TX04024,ACC804,ACC360,3045,2026-09-02 03:53:55.908841,LOW,0
TX04025,ACC200,ACC973,2982,2026-09-02 03:52:55.908841,LOW,0
TX04026,ACC553,ACC539,1961,2026-09-02 03:51:55.908841,LOW,0
TX04027,ACC516,ACC810,18879,2026-09-02 03:50:55.908841,HIGH,0
TX04028,ACC620,ACC746,18204,2026-09-02 03:49:55.908841,HIGH,0
TX04029,ACC273,ACC955,7768,2026-09-02 03:48:55.908841,LOW,0
TX04030,ACC228,ACC604,9022,2026-09-02 03:47:55.908841,MEDIUM,0
TX04031,ACC877,ACC548,15942,2026-09-02 03:46:55.908841,HIGH,0
TX04032,ACC885,ACC629,670,2026-09-02 03:45:55.908841,LOW,0
TX04033,ACC231,ACC831,3488,2026-09-02 03:44:55.908841,LOW,0
TX04034,ACC831,ACC974,1906,2026-09-02 03:43:55.908841,LOW,0
TX04035,ACC469,ACC422,4761,2026-09-02 03:42:55.908841,LOW,0
TX04036,ACC627,ACC842,5676,2026-09-02 03:41:55.908841,LOW,0
TX04037,ACC904,ACC999,16526,2026-09-02 03:40:55.908841,HIGH,1
TX04038,ACC662,ACC439,6479,2026-09-02 03:39:55.908841,LOW,0
TX04039,ACC886,ACC824,7120,2026-09-02 03:38:55.908841,LOW,0
TX04040,ACC682,ACC733,5089,2026-09-02 03:37:55.908841,LOW,0
TX04041,ACC169,ACC624,8676,2026-09-02 03:36:55.908841,MEDIUM,0
TX04042,ACC161,ACC348,1976,2026-09-02 03:35:55.908841,LOW,0
TX04043,ACC865,ACC110,8740,2026-09-02 03:34:55.908841,MEDIUM,0
TX04044,ACC620,ACC506,4654,2026-09-02 03:33:55.908841,LOW,0
TX04045,ACC886,ACC537,11455,2026-09-02 03:32:55.908841,MEDIUM,0
TX04046,ACC239,ACC518,2007,2026-09-02 03:31:55.908841,LOW,0
TX04047,ACC406,ACC706,13302,2026-09-02 03:30:55.908841,MEDIUM,0
TX04048,ACC489,ACC964,10698,2026-09-02 03:29:55.908841,MEDIUM,0
TX04049,ACC263,ACC319,7981,2026-09-02 03:28:55.908841,LOW,0
TX04050,ACC437,ACC925,19063,2026-09-02 03:27:55.908841,HIGH,0
TX04051,ACC939,ACC457,16236,2026-09-02 03:26:55.908841,HIGH,0
TX04052,ACC476,ACC424,3036,2026-09-02 03:25:55.908841,LOW,0
TX04053,ACC780,ACC207,4222,2026-09-02 03:24:55.908841,LOW,0
TX04054,ACC879,ACC342,8108,2026-09-02 03:23:55.908841,MEDIUM,0
TX04055,ACC630,ACC121,17507,2026-09-02 03:22:55.908841,HIGH,0
TX04056,ACC700,ACC161,4227,2026-09-02 03:21:55.908841,LOW,0
TX04057,ACC335,ACC417,537,2026-09-02 03:20:55.908841,LOW,0
TX04058,ACC537,ACC979,3115,2026-09-02 03:19:55.908841,LOW,0
TX04059,ACC844,ACC367,15057,2026-09-02 03:18:55.908841,HIGH,1
TX04060,ACC515,ACC961,16732,2026-09-02 03:17:55.908841,HIGH,1
TX04061,ACC427,ACC197,18841,2026-09-02 03:16:55.908841,HIGH,0
TX04062,ACC551,ACC907,11230,2026-09-02 03:15:55.908841,MEDIUM,0
TX04063,ACC809,ACC681,3890,2026-09-02 03:14:55.908841,LOW,0
TX04064,ACC874,ACC138,10423,2026-09-02 03:13:55.908841,MEDIUM,0
TX04065,ACC468,ACC120,16725,2026-09-02 03:12:55.908841,HIGH,0
TX04066,ACC899,ACC330,9165,2026-09-02 03:11:55.908841,MEDIUM,0
TX04067,ACC923,ACC280,4183,2026-09-02 03:10:55.908841,LOW,0
TX04068,ACC928,ACC998,19740,2026-09-02 03:09:55.908841,HIGH,0
TX04069,ACC586,ACC221,6157,2026-09-02 03:08:55.908841,LOW,0
TX04070,ACC577,ACC618,11149,2026-09-02 03:07:55.908841,MEDIUM,0
TX04071,ACC820,ACC572,17729,2026-09-02 03:06:55.908841,HIGH,1
TX04072,ACC733,ACC621,14050,2026-09-02 03:05:55.908841,MEDIUM,0
TX04073,ACC922,ACC702,17144,2026-09-02 03:04:55.908841,HIGH,1
TX04074,ACC136,ACC468,4522,2026-09-02 03:03:55.908841,LOW,0
TX04075,ACC277,ACC296,2117,2026-09-02 03:02:55.908841,LOW,0
TX04076,ACC826,ACC448,5328,2026-09-02 03:01:55.908841,LOW,0
TX04077,ACC797,ACC290,18937,2026-09-02 03:00:55.914559,HIGH,0
TX04078,ACC980,ACC410,19761,2026-09-02 02:59:55.914559,HIGH,1
TX04079,ACC515,ACC984,9516,2026-09-02 02:58:55.914559,MEDIUM,0
TX04080,ACC532,ACC827,10270,2026-09-02 02:57:55.914559,MEDIUM,0
TX04081,ACC991,ACC336,15176,2026-09-02 02:56:55.914559,HIGH,0
TX04082,ACC154,ACC977,6123,2026-09-02 02:55:55.914559,LOW,0
TX04083,ACC719,ACC342,3982,2026-09-02 02:54:55.914559,LOW,0
TX04084,ACC361,ACC844,10296,2026-09-02 02:53:55.914559,MEDIUM,0
TX04085,ACC837,ACC912,14859,2026-09-02 02:52:55.914559,MEDIUM,0
TX04086,ACC278,ACC541,13935,2026-09-02 02:51:55.914559,MEDIUM,0
TX04087,ACC132,ACC654,19057,2026-09-02 02:50:55.914559,HIGH,1
TX04088,ACC529,ACC945,19014,2026-09-02 02:49:55.914559,HIGH,1
TX04089,ACC937,ACC515,6170,2026-09-02 02:48:55.914559,LOW,0
TX04090,ACC378,ACC158,18104,2026-09-02 02:47:55.914559,HIGH,1
TX04091,ACC970,ACC174,13765,2026-09-02 02:46:55.914559,MEDIUM,0
TX04092,ACC725,ACC951,7992,2026-09-02 02:45:55.914559,LOW,0
TX04093,ACC795,ACC739,8693,2026-09-02 02:44:55.914559,MEDIUM,0
TX04094,ACC839,ACC243,3745,2026-09-02 02:43:55.914559,LOW,0
TX04095,ACC166,ACC530,10402,2026-09-02 02:42:55.914559,MEDIUM,0
TX04096,ACC777,ACC125,10950,2026-09-02 02:41:55.914559,MEDIUM,0
TX04097,ACC374,ACC290,2348,2026-09-02 02:40:55.914559,LOW,0
TX04098,ACC474,ACC520,10174,2026-09-02 02:39:55.914559,MEDIUM,0
TX04099,ACC678,ACC659,11109,2026-09-02 02:38:55.914559,MEDIUM,0
TX04100,ACC923,ACC262,1639,2026-09-02 02:37:55.914559,LOW,0
TX04101,ACC832,ACC559,17686,2026-09-02 02:36:55.914559,HIGH,0
TX04102,ACC202,ACC435,13993,2026-09-02 02:35:55.914559,MEDIUM,0
TX04103,ACC336,ACC403,7533,2026-09-02 02:34:55.914559,LOW,0
TX04104,ACC876,ACC642,7149,2026-09-02 02:33:55.914559,LOW,0
TX04105,ACC629,ACC908,1619,2026-09-02 02:32:55.914559,LOW,0
TX04106,ACC724,ACC319,11464,2026-09-02 02:31:55.914559,MEDIUM,0
TX04107,ACC991,ACC541,14677,2026-09-02 02:30:55.914559,MEDIUM,0
TX04108,ACC152,ACC137,10668,2026-09-02 02:29:55.914559,MEDIUM,0
TX04109,ACC181,ACC130,15674,2026-09-02 02:28:55.914559,HIGH,0
TX04110,ACC900,ACC985,18105,2026-09-02 02:27:55.914559,HIGH,1
TX04111,ACC568,ACC274,19642,2026-09-02 02:26:55.914559,HIGH,1
TX04112,ACC713,ACC657,14685,2026-09-02 02:25:55.914559,MEDIUM,0
TX04113,ACC466,ACC603,15636,2026-09-02 02:24:55.914559,HIGH,1
TX04114,ACC187,ACC515,3018,2026-09-02 02:23:55.914559,LOW,0
TX04115,ACC477,ACC682,9938,2026-09-02 02:22:55.914559,MEDIUM,0
TX04116,ACC399,ACC546,12212,2026-09-02 02:21:55.914559,MEDIUM,0
TX04117,ACC127,ACC202,1600,2026-09-02 02:20:55.914559,LOW,0
TX04118,ACC308,ACC357,1063,2026-09-02 02:19:55.914559,LOW,0
TX04119,ACC409,ACC726,930,2026-09-02 02:18:55.914559,LOW,0
TX04120,ACC118,ACC993,15259,2026-09-02 02:17:55.914559,HIGH,0
TX04121,ACC748,ACC385,15543,2026-09-02 02:16:55.914559,HIGH,0
TX04122,ACC840,ACC606,13255,2026-09-02 02:15:55.914559,MEDIUM,0
TX04123,ACC502,ACC959,5657,2026-09-02 02:14:55.914559,LOW,0
TX04124,ACC564,ACC729,9821,2026-09-02 02:13:55.914559,MEDIUM,0
TX04125,ACC523,ACC619,3830,2026-09-02 02:12:55.914559,LOW,0
TX04126,ACC140,ACC636,2638,2026-09-02 02:11:55.914559,LOW,0
TX04127,ACC971,ACC672,16995,2026-09-02 02:10:55.914559,HIGH,0
TX04128,ACC599,ACC546,982,2026-09-02 02:09:55.914559,LOW,0
TX04129,ACC929,ACC398,7572,2026-09-02 02:08:55.914559,LOW,0
TX04130,ACC115,ACC981,5001,2026-09-02 02:07:55.914559,LOW,0
TX04131,ACC732,ACC848,13188,2026-09-02 02:06:55.914559,MEDIUM,0
TX04132,ACC765,ACC870,10839,2026-09-02 02:05:55.914559,MEDIUM,0
TX04133,ACC968,ACC882,7420,2026-09-02 02:04:55.914559,LOW,0
TX04134,ACC890,ACC780,14777,2026-09-02 02:03:55.914559,MEDIUM,0
TX04135,ACC178,ACC558,16748,2026-09-02 02:02:55.914559,HIGH,1
TX04136,ACC946,ACC489,19624,2026-09-02 02:01:55.914559,HIGH,0
TX04137,ACC771,ACC172,11294,2026-09-02 02:00:55.914559,MEDIUM,0
TX04138,ACC158,ACC711,19938,2026-09-02 01:59:55.914559,HIGH,1
TX04139,ACC285,ACC757,16757,2026-09-02 01:58:55.914559,HIGH,0
TX04140,ACC383,ACC966,3864,2026-09-02 01:57:55.914559,LOW,0
TX04141,ACC733,ACC655,7946,2026-09-02 01:56:55.914559,LOW,0
TX04142,ACC873,ACC409,3771,2026-09-02 01:55:55.914559,LOW,0
TX04143,ACC555,ACC681,10127,2026-09-02 01:54:55.914559,MEDIUM,0
TX04144,ACC579,ACC995,17297,2026-09-02 01:53:55.914559,HIGH,0
TX04145,ACC669,ACC468,9351,2026-09-02 01:52:55.914559,MEDIUM,0
TX04146,ACC907,ACC429,10878,2026-09-02 01:51:55.914559,MEDIUM,0
TX04147,ACC602,ACC912,4561,2026-09-02 01:50:55.914559,LOW,0
TX04148,ACC372,ACC396,10748,2026-09-02 01:49:55.914559,MEDIUM,0
TX04149,ACC336,ACC169,19073,2026-09-02 01:48:55.914559,HIGH,0
TX04150,ACC987,ACC469,6189,2026-09-02 01:47:55.914559,LOW,0
TX04151,ACC393,ACC705,10645,2026-09-02 01:46:55.914559,MEDIUM,0
TX04152,ACC595,ACC706,7687,2026-09-02 01:45:55.914559,LOW,0
TX04153,ACC776,ACC807,4389,2026-09-02 01:44:55.914559,LOW,0
TX04154,ACC999,ACC741,12330,2026-09-02 01:43:55.914559,MEDIUM,0
TX04155,ACC876,ACC861,16515,2026-09-02 01:42:55.914559,HIGH,1
TX04156,ACC827,ACC101,866,2026-09-02 01:41:55.914559,LOW,0
TX04157,ACC286,ACC163,1970,2026-09-02 01:40:55.914559,LOW,0
TX04158,ACC845,ACC470,5002,2026-09-02 01:39:55.914559,LOW,0
TX04159,ACC551,ACC876,13523,2026-09-02 01:38:55.914559,MEDIUM,0
TX04160,ACC732,ACC312,12773,2026-09-02 01:37:55.914559,MEDIUM,0
TX04161,ACC236,ACC378,1631,2026-09-02 01:36:55.914559,LOW,0
TX04162,ACC616,ACC503,7627,2026-09-02 01:35:55.914559,LOW,0
TX04163,ACC879,ACC746,1443,2026-09-02 01:34:55.914559,LOW,0
TX04164,ACC393,ACC300,2581,2026-09-02 01:33:55.914559,LOW,0
TX04165,ACC229,ACC941,5105,2026-09-02 01:32:55.914559,LOW,0
TX04166,ACC820,ACC652,2034,2026-09-02 01:31:55.914559,LOW,0
TX04167,ACC487,ACC178,14677,2026-09-02 01:30:55.914559,MEDIUM,0
TX04168,ACC797,ACC123,17809,2026-09-02 01:29:55.914559,HIGH,0
TX04169,ACC642,ACC678,17993,2026-09-02 01:28:55.914559,HIGH,1
TX04170,ACC792,ACC247,5348,2026-09-02 01:27:55.914559,LOW,0
TX04171,ACC255,ACC780,3650,2026-09-02 01:26:55.914559,LOW,0
TX04172,ACC834,ACC652,15738,2026-09-02 01:25:55.914559,HIGH,0
TX04173,ACC258,ACC731,6957,2026-09-02 01:24:55.914559,LOW,0
TX04174,ACC319,ACC158,6130,2026-09-02 01:23:55.914559,LOW,0
TX04175,ACC382,ACC632,19823,2026-09-02 01:22:55.914559,HIGH,1
TX04176,ACC448,ACC593,1905,2026-09-02 01:21:55.914559,LOW,0
TX04177,ACC168,ACC855,3028,2026-09-02 01:20:55.914559,LOW,0
TX04178,ACC314,ACC243,15104,2026-09-02 01:19:55.914559,HIGH,0
TX04179,ACC443,ACC597,158,2026-09-02 01:18:55.914559,LOW,0
TX04180,ACC238,ACC474,11291,2026-09-02 01:17:55.914559,MEDIUM,0
TX04181,ACC203,ACC939,18756,2026-09-02 01:16:55.914559,HIGH,0
TX04182,ACC898,ACC808,8812,2026-09-02 01:15:55.914559,MEDIUM,0
TX04183,ACC160,ACC644,17096,2026-09-02 01:14:55.914559,HIGH,1
TX04184,ACC115,ACC288,3927,2026-09-02 01:13:55.914559,LOW,0
TX04185,ACC198,ACC462,9158,2026-09-02 01:12:55.914559,MEDIUM,0
TX04186,ACC951,ACC522,14448,2026-09-02 01:11:55.914559,MEDIUM,0
TX04187,ACC598,ACC494,3362,2026-09-02 01:10:55.914559,LOW,0
TX04188,ACC356,ACC941,4859,2026-09-02 01:09:55.914559,LOW,0
TX04189,ACC448,ACC499,15383,2026-09-02 01:08:55.914559,HIGH,1
TX04190,ACC551,ACC751,13631,2026-09-02 01:07:55.914559,MEDIUM,0
TX04191,ACC497,ACC491,12228,2026-09-02 01:06:55.914559,MEDIUM,0
TX04192,ACC647,ACC940,9776,2026-09-02 01:05:55.914559,MEDIUM,0
TX04193,ACC465,ACC926,10157,2026-09-02 01:04:55.914559,MEDIUM,0
TX04194,ACC654,ACC290,19192,2026-09-02 01:03:55.914559,HIGH,0
TX04195,ACC188,ACC533,1698,2026-09-02 01:02:55.914559,LOW,0
TX04196,ACC974,ACC835,4018,2026-09-02 01:01:55.914559,LOW,0
TX04197,ACC829,ACC722,1166,2026-09-02 01:00:55.914559,LOW,0
TX04198,ACC425,ACC815,8709,2026-09-02 00:59:55.914559,MEDIUM,0
TX04199,ACC634,ACC335,3995,2026-09-02 00:58:55.914559,LOW,0
TX04200,ACC308,ACC354,13344,2026-09-02 00:57:55.914559,MEDIUM,0
TX04201,ACC268,ACC195,10987,2026-09-02 00:56:55.914559,MEDIUM,0
TX04202,ACC320,ACC487,16159,2026-09-02 00:55:55.914559,HIGH,0
TX04203,ACC830,ACC115,8919,2026-09-02 00:54:55.914559,MEDIUM,0
TX04204,ACC122,ACC478,12771,2026-09-02 00:53:55.914559,MEDIUM,0
TX04205,ACC221,ACC683,8663,2026-09-02 00:52:55.914559,MEDIUM,0
TX04206,ACC265,ACC592,15556,2026-09-02 00:51:55.914559,HIGH,1
TX04207,ACC333,ACC841,4611,2026-09-02 00:50:55.914559,LOW,0
TX04208,ACC872,ACC901,12784,2026-09-02 00:49:55.914559,MEDIUM,0
TX04209,ACC345,ACC287,12244,2026-09-02 00:48:55.914559,MEDIUM,0
TX04210,ACC639,ACC560,2092,2026-09-02 00:47:55.914559,LOW,0
TX04211,ACC158,ACC943,17140,2026-09-02 00:46:55.914559,HIGH,1
TX04212,ACC550,ACC882,8219,2026-09-02 00:45:55.914559,MEDIUM,0
TX04213,ACC860,ACC783,11591,2026-09-02 00:44:55.914559,MEDIUM,0
TX04214,ACC143,ACC400,6300,2026-09-02 00:43:55.914559,LOW,0
TX04215,ACC794,ACC388,14172,2026-09-02 00:42:55.914559,MEDIUM,0
TX04216,ACC614,ACC417,18478,2026-09-02 00:41:55.914559,HIGH,0
TX04217,ACC756,ACC407,15301,2026-09-02 00:40:55.914559,HIGH,1
TX04218,ACC680,ACC758,12640,2026-09-02 00:39:55.914559,MEDIUM,0
TX04219,ACC234,ACC295,15197,2026-09-02 00:38:55.914559,HIGH,0
TX04220,ACC922,ACC836,14722,2026-09-02 00:37:55.914559,MEDIUM,0
TX04221,ACC336,ACC381,1199,2026-09-02 00:36:55.914559,LOW,0
TX04222,ACC951,ACC984,7738,2026-09-02 00:35:55.914559,LOW,0
TX04223,ACC579,ACC110,11994,2026-09-02 00:34:55.914559,MEDIUM,0
TX04224,ACC607,ACC387,19131,2026-09-02 00:33:55.914559,HIGH,1
TX04225,ACC868,ACC587,7765,2026-09-02 00:32:55.914559,LOW,0
TX04226,ACC359,ACC945,13450,2026-09-02 00:31:55.914559,MEDIUM,0
TX04227,ACC831,ACC211,5289,2026-09-02 00:30:55.914559,LOW,0
TX04228,ACC872,ACC292,16772,2026-09-02 00:29:55.914559,HIGH,1
TX04229,ACC134,ACC859,14146,2026-09-02 00:28:55.914559,MEDIUM,0
TX04230,ACC567,ACC750,13096,2026-09-02 00:27:55.914559,MEDIUM,0
TX04231,ACC112,ACC608,7199,2026-09-02 00:26:55.914559,LOW,0
TX04232,ACC526,ACC599,19867,2026-09-02 00:25:55.914559,HIGH,0
TX04233,ACC182,ACC203,7135,2026-09-02 00:24:55.914559,LOW,0
TX04234,ACC716,ACC592,1071,2026-09-02 00:23:55.914559,LOW,0
TX04235,ACC786,ACC386,2673,2026-09-02 00:22:55.914559,LOW,0
TX04236,ACC495,ACC830,1211,2026-09-02 00:21:55.914559,LOW,0
TX04237,ACC237,ACC694,19644,2026-09-02 00:20:55.914559,HIGH,1
TX04238,ACC971,ACC119,6410,2026-09-02 00:19:55.914559,LOW,0
TX04239,ACC663,ACC117,12219,2026-09-02 00:18:55.914559,MEDIUM,0
TX04240,ACC379,ACC747,13099,2026-09-02 00:17:55.914559,MEDIUM,0
TX04241,ACC708,ACC319,10825,2026-09-02 00:16:55.914559,MEDIUM,0
TX04242,ACC578,ACC986,11418,2026-09-02 00:15:55.914559,MEDIUM,0
TX04243,ACC339,ACC506,14955,2026-09-02 00:14:55.914559,MEDIUM,0
TX04244,ACC604,ACC262,3338,2026-09-02 00:13:55.914559,LOW,0
TX04245,ACC861,ACC692,17821,2026-09-02 00:12:55.914559,HIGH,0
TX04246,ACC662,ACC963,15595,2026-09-02 00:11:55.914559,HIGH,0
TX04247,ACC748,ACC797,3053,2026-09-02 00:10:55.914559,LOW,0
TX04248,ACC106,ACC248,632,2026-09-02 00:09:55.914559,LOW,0
TX04249,ACC877,ACC161,6321,2026-09-02 00:08:55.914559,LOW,0
TX04250,ACC581,ACC361,13062,2026-09-02 00:07:55.914559,MEDIUM,0
TX04251,ACC179,ACC551,4383,2026-09-02 00:06:55.914559,LOW,0
TX04252,ACC908,ACC428,14173,2026-09-02 00:05:55.914559,MEDIUM,0
TX04253,ACC838,ACC769,19043,2026-09-02 00:04:55.914559,HIGH,0
TX04254,ACC736,ACC281,17655,2026-09-02 00:03:55.914559,HIGH,0
TX04255,ACC535,ACC680,9444,2026-09-02 00:02:55.914559,MEDIUM,0
TX04256,ACC356,ACC236,5759,2026-09-02 00:01:55.914559,LOW,0
TX04257,ACC151,ACC469,5433,2026-09-02 00:00:55.914559,LOW,0
TX04258,ACC313,ACC630,11632,2026-09-01 23:59:55.914559,MEDIUM,0
TX04259,ACC910,ACC314,12770,2026-09-01 23:58:55.914559,MEDIUM,0
TX04260,ACC513,ACC253,1086,2026-09-01 23:57:55.914559,LOW,0
TX04261,ACC505,ACC364,16778,2026-09-01 23:56:55.914559,HIGH,1
TX04262,ACC330,ACC141,9036,2026-09-01 23:55:55.914559,MEDIUM,0
TX04263,ACC993,ACC699,8579,2026-09-01 23:54:55.914559,MEDIUM,0
TX04264,ACC427,ACC678,13621,2026-09-01 23:53:55.914559,MEDIUM,0
TX04265,ACC945,ACC195,12749,2026-09-01 23:52:55.914559,MEDIUM,0
TX04266,ACC172,ACC138,6810,2026-09-01 23:51:55.914559,LOW,0
TX04267,ACC494,ACC157,13654,2026-09-01 23:50:55.914559,MEDIUM,0
TX04268,ACC130,ACC390,4811,2026-09-01 23:49:55.914559,LOW,0
TX04269,ACC113,ACC536,14717,2026-09-01 23:48:55.914559,MEDIUM,0
TX04270,ACC966,ACC567,292,2026-09-01 23:47:55.914559,LOW,0
TX04271,ACC983,ACC687,14614,2026-09-01 23:46:55.914559,MEDIUM,0
TX04272,ACC171,ACC660,3432,2026-09-01 23:45:55.914559,LOW,0
TX04273,ACC169,ACC885,18306,2026-09-01 23:44:55.914559,HIGH,1
TX04274,ACC269,ACC240,7553,2026-09-01 23:43:55.914559,LOW,0
TX04275,ACC380,ACC228,9288,2026-09-01 23:42:55.914559,MEDIUM,0
TX04276,ACC818,ACC143,16659,2026-09-01 23:41:55.914559,HIGH,0
TX04277,ACC799,ACC533,14606,2026-09-01 23:40:55.914559,MEDIUM,0
TX04278,ACC962,ACC774,17542,2026-09-01 23:39:55.914559,HIGH,1
TX04279,ACC186,ACC178,12021,2026-09-01 23:38:55.914559,MEDIUM,0
TX04280,ACC134,ACC672,6291,2026-09-01 23:37:55.914559,LOW,0
TX04281,ACC188,ACC963,10933,2026-09-01 23:36:55.914559,MEDIUM,0
TX04282,ACC758,ACC476,3142,2026-09-01 23:35:55.914559,LOW,0
TX04283,ACC829,ACC579,9027,2026-09-01 23:34:55.914559,MEDIUM,0
TX04284,ACC841,ACC712,2958,2026-09-01 23:33:55.914559,LOW,0
TX04285,ACC513,ACC228,15861,2026-09-01 23:32:55.914559,HIGH,0
TX04286,ACC814,ACC881,3282,2026-09-01 23:31:55.914559,LOW,0
TX04287,ACC564,ACC970,10985,2026-09-01 23:30:55.914559,MEDIUM,0
TX04288,ACC320,ACC128,6770,2026-09-01 23:29:55.914559,LOW,0
TX04289,ACC632,ACC161,17738,2026-09-01 23:28:55.914559,HIGH,0
TX04290,ACC865,ACC181,19254,2026-09-01 23:27:55.914559,HIGH,0
TX04291,ACC181,ACC546,8920,2026-09-01 23:26:55.914559,MEDIUM,0
TX04292,ACC560,ACC633,2664,2026-09-01 23:25:55.914559,LOW,0
TX04293,ACC434,ACC763,9665,2026-09-01 23:24:55.914559,MEDIUM,0
TX04294,ACC758,ACC410,11497,2026-09-01 23:23:55.914559,MEDIUM,0
TX04295,ACC880,ACC575,17097,2026-09-01 23:22:55.914559,HIGH,0
TX04296,ACC796,ACC891,663,2026-09-01 23:21:55.914559,LOW,0
TX04297,ACC729,ACC357,6680,2026-09-01 23:20:55.914559,LOW,0
TX04298,ACC637,ACC681,11383,2026-09-01 23:19:55.914559,MEDIUM,0
TX04299,ACC561,ACC384,9575,2026-09-01 23:18:55.914559,MEDIUM,0
TX04300,ACC856,ACC294,6529,2026-09-01 23:17:55.914559,LOW,0
TX04301,ACC256,ACC486,3295,2026-09-01 23:16:55.914559,LOW,0
TX04302,ACC779,ACC751,4398,2026-09-01 23:15:55.914559,LOW,0
TX04303,ACC823,ACC749,116,2026-09-01 23:14:55.914559,LOW,0
TX04304,ACC781,ACC145,14382,2026-09-01 23:13:55.914559,MEDIUM,0
TX04305,ACC500,ACC687,12451,2026-09-01 23:12:55.914559,MEDIUM,0
TX04306,ACC387,ACC188,6755,2026-09-01 23:11:55.914559,LOW,0
TX04307,ACC800,ACC651,12050,2026-09-01 23:10:55.914559,MEDIUM,0
TX04308,ACC321,ACC314,1730,2026-09-01 23:09:55.914559,LOW,0
TX04309,ACC834,ACC433,624,2026-09-01 23:08:55.914559,LOW,0
TX04310,ACC863,ACC696,9893,2026-09-01 23:07:55.914559,MEDIUM,0
TX04311,ACC341,ACC804,10934,2026-09-01 23:06:55.914559,MEDIUM,0
TX04312,ACC977,ACC434,12169,2026-09-01 23:05:55.914559,MEDIUM,0
TX04313,ACC619,ACC160,15762,2026-09-01 23:04:55.914559,HIGH,0
TX04314,ACC395,ACC556,5323,2026-09-01 23:03:55.914559,LOW,0
TX04315,ACC997,ACC753,1276,2026-09-01 23:02:55.914559,LOW,0
TX04316,ACC748,ACC153,2493,2026-09-01 23:01:55.914559,LOW,0
TX04317,ACC155,ACC636,16827,2026-09-01 23:00:55.914559,HIGH,0
TX04318,ACC677,ACC668,9580,2026-09-01 22:59:55.914559,MEDIUM,0
TX04319,ACC179,ACC793,10383,2026-09-01 22:58:55.914559,MEDIUM,0
TX04320,ACC265,ACC561,13496,2026-09-01 22:57:55.914559,MEDIUM,0
TX04321,ACC928,ACC366,14559,2026-09-01 22:56:55.914559,MEDIUM,0
TX04322,ACC866,ACC636,6206,2026-09-01 22:55:55.914559,LOW,0
TX04323,ACC349,ACC972,19295,2026-09-01 22:54:55.914559,HIGH,1
TX04324,ACC198,ACC671,18026,2026-09-01 22:53:55.914559,HIGH,0
TX04325,ACC591,ACC970,11366,2026-09-01 22:52:55.914559,MEDIUM,0
TX04326,ACC799,ACC395,2169,2026-09-01 22:51:55.914559,LOW,0
TX04327,ACC718,ACC263,17056,2026-09-01 22:50:55.914559,HIGH,1
TX04328,ACC120,ACC252,6045,2026-09-01 22:49:55.914559,LOW,0
TX04329,ACC984,ACC159,14910,2026-09-01 22:48:55.914559,MEDIUM,0
TX04330,ACC253,ACC978,14918,2026-09-01 22:47:55.914559,MEDIUM,0
TX04331,ACC647,ACC150,14095,2026-09-01 22:46:55.914559,MEDIUM,0
TX04332,ACC202,ACC937,3208,2026-09-01 22:45:55.914559,LOW,0
TX04333,ACC159,ACC498,10768,2026-09-01 22:44:55.914559,MEDIUM,0
TX04334,ACC477,ACC201,6474,2026-09-01 22:43:55.914559,LOW,0
TX04335,ACC306,ACC496,19074,2026-09-01 22:42:55.914559,HIGH,0
TX04336,ACC269,ACC577,2319,2026-09-01 22:41:55.914559,LOW,0
TX04337,ACC248,ACC957,15559,2026-09-01 22:40:55.914559,HIGH,1
TX04338,ACC135,ACC367,6564,2026-09-01 22:39:55.914559,LOW,0
TX04339,ACC164,ACC266,6420,2026-09-01 22:38:55.914559,LOW,0
TX04340,ACC471,ACC378,11945,2026-09-01 22:37:55.914559,MEDIUM,0
TX04341,ACC689,ACC452,6353,2026-09-01 22:36:55.914559,LOW,0
TX04342,ACC930,ACC477,2698,2026-09-01 22:35:55.914559,LOW,0
TX04343,ACC386,ACC923,9013,2026-09-01 22:34:55.914559,MEDIUM,0
TX04344,ACC973,ACC959,17842,2026-09-01 22:33:55.914559,HIGH,0
TX04345,ACC152,ACC665,5363,2026-09-01 22:32:55.914559,LOW,0
TX04346,ACC940,ACC441,18484,2026-09-01 22:31:55.914559,HIGH,1
TX04347,ACC380,ACC705,15841,2026-09-01 22:30:55.914559,HIGH,1
TX04348,ACC818,ACC402,11100,2026-09-01 22:29:55.914559,MEDIUM,0
TX04349,ACC619,ACC641,9817,2026-09-01 22:28:55.914559,MEDIUM,0
TX04350,ACC829,ACC643,11380,2026-09-01 22:27:55.914559,MEDIUM,0
TX04351,ACC827,ACC346,5636,2026-09-01 22:26:55.914559,LOW,0
TX04352,ACC551,ACC622,18792,2026-09-01 22:25:55.914559,HIGH,1
TX04353,ACC334,ACC489,4551,2026-09-01 22:24:55.914559,LOW,0
TX04354,ACC906,ACC267,13920,2026-09-01 22:23:55.914559,MEDIUM,0
TX04355,ACC266,ACC882,13337,2026-09-01 22:22:55.914559,MEDIUM,0
TX04356,ACC267,ACC248,15526,2026-09-01 22:21:55.914559,HIGH,1
TX04357,ACC533,ACC402,9107,2026-09-01 22:20:55.914559,MEDIUM,0
TX04358,ACC422,ACC364,10159,2026-09-01 22:19:55.914559,MEDIUM,0
TX04359,ACC126,ACC839,6351,2026-09-01 22:18:55.914559,LOW,0
TX04360,ACC160,ACC739,4525,2026-09-01 22:17:55.914559,LOW,0
TX04361,ACC425,ACC889,7733,2026-09-01 22:16:55.914559,LOW,0
TX04362,ACC950,ACC923,8658,2026-09-01 22:15:55.914559,MEDIUM,0
TX04363,ACC150,ACC872,1746,2026-09-01 22:14:55.914559,LOW,0
TX04364,ACC423,ACC266,16295,2026-09-01 22:13:55.914559,HIGH,1
TX04365,ACC154,ACC698,7921,2026-09-01 22:12:55.914559,LOW,0
TX04366,ACC917,ACC789,17266,2026-09-01 22:11:55.914559,HIGH,0
TX04367,ACC914,ACC116,16184,2026-09-01 22:10:55.914559,HIGH,1
TX04368,ACC663,ACC966,1479,2026-09-01 22:09:55.914559,LOW,0
TX04369,ACC146,ACC634,3338,2026-09-01 22:08:55.914559,LOW,0
TX04370,ACC938,ACC765,12658,2026-09-01 22:07:55.914559,MEDIUM,0
TX04371,ACC714,ACC926,17426,2026-09-01 22:06:55.914559,HIGH,1
TX04372,ACC988,ACC919,6128,2026-09-01 22:05:55.914559,LOW,0
TX04373,ACC453,ACC768,5117,2026-09-01 22:04:55.914559,LOW,0
TX04374,ACC920,ACC337,18925,2026-09-01 22:03:55.914559,HIGH,0
TX04375,ACC158,ACC624,1310,2026-09-01 22:02:55.914559,LOW,0
TX04376,ACC452,ACC897,13486,2026-09-01 22:01:55.914559,MEDIUM,0
TX04377,ACC299,ACC940,16668,2026-09-01 22:00:55.914559,HIGH,0
TX04378,ACC803,ACC278,16143,2026-09-01 21:59:55.914559,HIGH,1
TX04379,ACC719,ACC213,11817,2026-09-01 21:58:55.914559,MEDIUM,0
TX04380,ACC370,ACC130,4803,2026-09-01 21:57:55.914559,LOW,0
TX04381,ACC990,ACC644,13418,2026-09-01 21:56:55.914559,MEDIUM,0
TX04382,ACC161,ACC497,4759,2026-09-01 21:55:55.914559,LOW,0
TX04383,ACC106,ACC451,411,2026-09-01 21:54:55.914559,LOW,0
TX04384,ACC915,ACC475,15111,2026-09-01 21:53:55.914559,HIGH,1
TX04385,ACC661,ACC335,1525,2026-09-01 21:52:55.914559,LOW,0
TX04386,ACC192,ACC443,2502,2026-09-01 21:51:55.914559,LOW,0
TX04387,ACC283,ACC696,7092,2026-09-01 21:50:55.914559,LOW,0
TX04388,ACC965,ACC288,3137,2026-09-01 21:49:55.914559,LOW,0
TX04389,ACC959,ACC822,18126,2026-09-01 21:48:55.914559,HIGH,1
TX04390,ACC738,ACC915,17390,2026-09-01 21:47:55.914559,HIGH,0
TX04391,ACC818,ACC717,8322,2026-09-01 21:46:55.914559,MEDIUM,0
TX04392,ACC271,ACC654,16393,2026-09-01 21:45:55.914559,HIGH,1
TX04393,ACC306,ACC975,14245,2026-09-01 21:44:55.914559,MEDIUM,0
TX04394,ACC302,ACC301,15461,2026-09-01 21:43:55.914559,HIGH,0
TX04395,ACC862,ACC883,12880,2026-09-01 21:42:55.914559,MEDIUM,0
TX04396,ACC438,ACC601,13447,2026-09-01 21:41:55.914559,MEDIUM,0
TX04397,ACC597,ACC430,4044,2026-09-01 21:40:55.914559,LOW,0
TX04398,ACC513,ACC674,5751,2026-09-01 21:39:55.914559,LOW,0
TX04399,ACC906,ACC853,12257,2026-09-01 21:38:55.914559,MEDIUM,0
TX04400,ACC244,ACC862,9747,2026-09-01 21:37:55.914559,MEDIUM,0
TX04401,ACC433,ACC690,141,2026-09-01 21:36:55.914559,LOW,0
TX04402,ACC104,ACC406,17711,2026-09-01 21:35:55.914559,HIGH,0
TX04403,ACC645,ACC966,12251,2026-09-01 21:34:55.914559,MEDIUM,0
TX04404,ACC797,ACC334,745,2026-09-01 21:33:55.914559,LOW,0
TX04405,ACC556,ACC943,3103,2026-09-01 21:32:55.914559,LOW,0
TX04406,ACC531,ACC279,11287,2026-09-01 21:31:55.914559,MEDIUM,0
TX04407,ACC171,ACC811,3711,2026-09-01 21:30:55.914559,LOW,0
TX04408,ACC796,ACC214,15395,2026-09-01 21:29:55.914559,HIGH,1
TX04409,ACC825,ACC528,8116,2026-09-01 21:28:55.914559,MEDIUM,0
TX04410,ACC492,ACC917,19945,2026-09-01 21:27:55.914559,HIGH,1
TX04411,ACC390,ACC405,6619,2026-09-01 21:26:55.914559,LOW,0
TX04412,ACC116,ACC857,3012,2026-09-01 21:25:55.914559,LOW,0
TX04413,ACC242,ACC319,14055,2026-09-01 21:24:55.914559,MEDIUM,0
TX04414,ACC784,ACC222,15390,2026-09-01 21:23:55.914559,HIGH,0
TX04415,ACC742,ACC127,14129,2026-09-01 21:22:55.914559,MEDIUM,0
TX04416,ACC863,ACC136,14978,2026-09-01 21:21:55.914559,MEDIUM,0
TX04417,ACC235,ACC368,15925,2026-09-01 21:20:55.914559,HIGH,1
TX04418,ACC595,ACC421,6524,2026-09-01 21:19:55.914559,LOW,0
TX04419,ACC970,ACC779,16936,2026-09-01 21:18:55.914559,HIGH,1
TX04420,ACC734,ACC571,5751,2026-09-01 21:17:55.914559,LOW,0
TX04421,ACC736,ACC518,5041,2026-09-01 21:16:55.914559,LOW,0
TX04422,ACC504,ACC901,9060,2026-09-01 21:15:55.914559,MEDIUM,0
TX04423,ACC925,ACC545,18100,2026-09-01 21:14:55.914559,HIGH,1
TX04424,ACC370,ACC296,17661,2026-09-01 21:13:55.914559,HIGH,0
TX04425,ACC753,ACC991,8334,2026-09-01 21:12:55.914559,MEDIUM,0
TX04426,ACC493,ACC160,4290,2026-09-01 21:11:55.914559,LOW,0
TX04427,ACC581,ACC566,5796,2026-09-01 21:10:55.914559,LOW,0
TX04428,ACC356,ACC110,1004,2026-09-01 21:09:55.914559,LOW,0
TX04429,ACC832,ACC755,4764,2026-09-01 21:08:55.914559,LOW,0
TX04430,ACC703,ACC390,5453,2026-09-01 21:07:55.914559,LOW,0
TX04431,ACC588,ACC986,16355,2026-09-01 21:06:55.914559,HIGH,1
TX04432,ACC199,ACC148,7220,2026-09-01 21:05:55.914559,LOW,0
TX04433,ACC630,ACC901,4110,2026-09-01 21:04:55.914559,LOW,0
TX04434,ACC275,ACC334,3989,2026-09-01 21:03:55.914559,LOW,0
TX04435,ACC348,ACC635,19854,2026-09-01 21:02:55.914559,HIGH,1
TX04436,ACC136,ACC829,11048,2026-09-01 21:01:55.914559,MEDIUM,0
TX04437,ACC858,ACC666,7055,2026-09-01 21:00:55.914559,LOW,0
TX04438,ACC315,ACC119,10360,2026-09-01 20:59:55.914559,MEDIUM,0
TX04439,ACC663,ACC422,4147,2026-09-01 20:58:55.914559,LOW,0
TX04440,ACC247,ACC809,16135,2026-09-01 20:57:55.914559,HIGH,1
TX04441,ACC698,ACC304,2643,2026-09-01 20:56:55.914559,LOW,0
TX04442,ACC235,ACC163,2065,2026-09-01 20:55:55.914559,LOW,0
TX04443,ACC795,ACC874,9875,2026-09-01 20:54:55.914559,MEDIUM,0
TX04444,ACC534,ACC118,6791,2026-09-01 20:53:55.914559,LOW,0
TX04445,ACC724,ACC805,1444,2026-09-01 20:52:55.914559,LOW,0
TX04446,ACC700,ACC324,18193,2026-09-01 20:51:55.914559,HIGH,1
TX04447,ACC228,ACC122,9768,2026-09-01 20:50:55.914559,MEDIUM,0
TX04448,ACC714,ACC521,6082,2026-09-01 20:49:55.914559,LOW,0
TX04449,ACC861,ACC824,12950,2026-09-01 20:48:55.914559,MEDIUM,0
TX04450,ACC139,ACC813,3078,2026-09-01 20:47:55.914559,LOW,0
TX04451,ACC261,ACC395,6911,2026-09-01 20:46:55.914559,LOW,0
TX04452,ACC487,ACC681,4077,2026-09-01 20:45:55.914559,LOW,0
TX04453,ACC627,ACC886,1479,2026-09-01 20:44:55.914559,LOW,0
TX04454,ACC461,ACC450,6244,2026-09-01 20:43:55.914559,LOW,0
TX04455,ACC116,ACC161,13728,2026-09-01 20:42:55.914559,MEDIUM,0
TX04456,ACC492,ACC583,19906,2026-09-01 20:41:55.914559,HIGH,0
TX04457,ACC896,ACC669,12607,2026-09-01 20:40:55.914559,MEDIUM,0
TX04458,ACC108,ACC241,3014,2026-09-01 20:39:55.914559,LOW,0
TX04459,ACC141,ACC729,19400,2026-09-01 20:38:55.914559,HIGH,1
TX04460,ACC190,ACC444,17858,2026-09-01 20:37:55.914559,HIGH,1
TX04461,ACC497,ACC715,2654,2026-09-01 20:36:55.914559,LOW,0
TX04462,ACC570,ACC218,1810,2026-09-01 20:35:55.914559,LOW,0
TX04463,ACC136,ACC343,19414,2026-09-01 20:34:55.914559,HIGH,1
TX04464,ACC218,ACC381,14746,2026-09-01 20:33:55.914559,MEDIUM,0
TX04465,ACC689,ACC488,8616,2026-09-01 20:32:55.914559,MEDIUM,0
TX04466,ACC409,ACC743,16623,2026-09-01 20:31:55.914559,HIGH,0
TX04467,ACC326,ACC192,2606,2026-09-01 20:30:55.914559,LOW,0
TX04468,ACC479,ACC855,15958,2026-09-01 20:29:55.914559,HIGH,1
TX04469,ACC578,ACC406,9553,2026-09-01 20:28:55.914559,MEDIUM,0
TX04470,ACC223,ACC952,17946,2026-09-01 20:27:55.914559,HIGH,0
TX04471,ACC378,ACC135,6030,2026-09-01 20:26:55.914559,LOW,0
TX04472,ACC695,ACC672,11825,2026-09-01 20:25:55.914559,MEDIUM,0
TX04473,ACC910,ACC981,16235,2026-09-01 20:24:55.914559,HIGH,1
TX04474,ACC544,ACC367,2966,2026-09-01 20:23:55.914559,LOW,0
TX04475,ACC250,ACC529,13331,2026-09-01 20:22:55.914559,MEDIUM,0
TX04476,ACC658,ACC396,6540,2026-09-01 20:21:55.914559,LOW,0
TX04477,ACC141,ACC522,164,2026-09-01 20:20:55.914559,LOW,0
TX04478,ACC834,ACC575,5125,2026-09-01 20:19:55.914559,LOW,0
TX04479,ACC484,ACC599,11845,2026-09-01 20:18:55.914559,MEDIUM,0
TX04480,ACC401,ACC508,5579,2026-09-01 20:17:55.914559,LOW,0
TX04481,ACC829,ACC451,3205,2026-09-01 20:16:55.914559,LOW,0
TX04482,ACC204,ACC635,6231,2026-09-01 20:15:55.914559,LOW,0
TX04483,ACC657,ACC897,6513,2026-09-01 20:14:55.914559,LOW,0
TX04484,ACC647,ACC797,1495,2026-09-01 20:13:55.914559,LOW,0
TX04485,ACC450,ACC564,16608,2026-09-01 20:12:55.914559,HIGH,1
TX04486,ACC845,ACC173,16922,2026-09-01 20:11:55.914559,HIGH,0
TX04487,ACC564,ACC548,5716,2026-09-01 20:10:55.914559,LOW,0
TX04488,ACC710,ACC789,12592,2026-09-01 20:09:55.914559,MEDIUM,0
TX04489,ACC349,ACC477,9360,2026-09-01 20:08:55.914559,MEDIUM,0
TX04490,ACC809,ACC921,5435,2026-09-01 20:07:55.914559,LOW,0
TX04491,ACC956,ACC511,9065,2026-09-01 20:06:55.914559,MEDIUM,0
TX04492,ACC292,ACC501,10433,2026-09-01 20:05:55.914559,MEDIUM,0
TX04493,ACC880,ACC922,12552,2026-09-01 20:04:55.914559,MEDIUM,0
TX04494,ACC622,ACC750,586,2026-09-01 20:03:55.914559,LOW,0
TX04495,ACC371,ACC670,2279,2026-09-01 20:02:55.914559,LOW,0
TX04496,ACC278,ACC162,10283,2026-09-01 20:01:55.914559,MEDIUM,0
TX04497,ACC920,ACC929,2242,2026-09-01 20:00:55.914559,LOW,0
TX04498,ACC795,ACC671,11641,2026-09-01 19:59:55.914559,MEDIUM,0
TX04499,ACC127,ACC827,14009,2026-09-01 19:58:55.914559,MEDIUM,0
TX04500,ACC134,ACC143,7940,2026-09-01 19:57:55.914559,LOW,0
TX04501,ACC829,ACC604,2272,2026-09-01 19:56:55.914559,LOW,0
TX04502,ACC691,ACC412,10286,2026-09-01 19:55:55.914559,MEDIUM,0
TX04503,ACC699,ACC991,8084,2026-09-01 19:54:55.914559,MEDIUM,0
TX04504,ACC898,ACC106,19373,2026-09-01 19:53:55.914559,HIGH,1
TX04505,ACC125,ACC956,6234,2026-09-01 19:52:55.914559,LOW,0
TX04506,ACC833,ACC662,9078,2026-09-01 19:51:55.914559,MEDIUM,0
TX04507,ACC417,ACC114,2554,2026-09-01 19:50:55.914559,LOW,0
TX04508,ACC355,ACC838,19707,2026-09-01 19:49:55.914559,HIGH,0
TX04509,ACC983,ACC963,7008,2026-09-01 19:48:55.914559,LOW,0
TX04510,ACC340,ACC924,1510,2026-09-01 19:47:55.914559,LOW,0
TX04511,ACC735,ACC864,18407,2026-09-01 19:46:55.914559,HIGH,1
TX04512,ACC340,ACC536,17157,2026-09-01 19:45:55.914559,HIGH,1
TX04513,ACC694,ACC721,203,2026-09-01 19:44:55.914559,LOW,0
TX04514,ACC583,ACC800,16607,2026-09-01 19:43:55.914559,HIGH,1
TX04515,ACC170,ACC775,8792,2026-09-01 19:42:55.914559,MEDIUM,0
TX04516,ACC207,ACC822,19041,2026-09-01 19:41:55.914559,HIGH,1
TX04517,ACC849,ACC633,4325,2026-09-01 19:40:55.914559,LOW,0
TX04518,ACC826,ACC196,11392,2026-09-01 19:39:55.914559,MEDIUM,0
TX04519,ACC152,ACC786,2237,2026-09-01 19:38:55.914559,LOW,0
TX04520,ACC546,ACC705,4067,2026-09-01 19:37:55.914559,LOW,0
TX04521,ACC701,ACC529,9117,2026-09-01 19:36:55.914559,MEDIUM,0
TX04522,ACC356,ACC869,6558,2026-09-01 19:35:55.914559,LOW,0
TX04523,ACC615,ACC196,15986,2026-09-01 19:34:55.914559,HIGH,1
TX04524,ACC503,ACC187,1688,2026-09-01 19:33:55.914559,LOW,0
TX04525,ACC839,ACC684,18346,2026-09-01 19:32:55.914559,HIGH,1
TX04526,ACC254,ACC518,18733,2026-09-01 19:31:55.914559,HIGH,0
TX04527,ACC458,ACC396,17082,2026-09-01 19:30:55.914559,HIGH,1
TX04528,ACC139,ACC807,15341,2026-09-01 19:29:55.914559,HIGH,1
TX04529,ACC707,ACC603,11846,2026-09-01 19:28:55.914559,MEDIUM,0
TX04530,ACC800,ACC644,10179,2026-09-01 19:27:55.914559,MEDIUM,0
TX04531,ACC589,ACC989,3133,2026-09-01 19:26:55.914559,LOW,0
TX04532,ACC419,ACC987,4309,2026-09-01 19:25:55.914559,LOW,0
TX04533,ACC286,ACC443,13090,2026-09-01 19:24:55.914559,MEDIUM,0
TX04534,ACC778,ACC870,4155,2026-09-01 19:23:55.914559,LOW,0
TX04535,ACC361,ACC845,13388,2026-09-01 19:22:55.914559,MEDIUM,0
TX04536,ACC764,ACC563,14402,2026-09-01 19:21:55.914559,MEDIUM,0
TX04537,ACC196,ACC264,18845,2026-09-01 19:20:55.914559,HIGH,0
TX04538,ACC436,ACC983,11491,2026-09-01 19:19:55.914559,MEDIUM,0
TX04539,ACC932,ACC535,7664,2026-09-01 19:18:55.914559,LOW,0
TX04540,ACC773,ACC558,18152,2026-09-01 19:17:55.914559,HIGH,0
TX04541,ACC450,ACC671,9238,2026-09-01 19:16:55.914559,MEDIUM,0
TX04542,ACC347,ACC753,2729,2026-09-01 19:15:55.914559,LOW,0
TX04543,ACC930,ACC953,16385,2026-09-01 19:14:55.914559,HIGH,1
TX04544,ACC658,ACC778,12803,2026-09-01 19:13:55.914559,MEDIUM,0
TX04545,ACC533,ACC266,7583,2026-09-01 19:12:55.914559,LOW,0
TX04546,ACC703,ACC394,6009,2026-09-01 19:11:55.914559,LOW,0
TX04547,ACC825,ACC786,12145,2026-09-01 19:10:55.914559,MEDIUM,0
TX04548,ACC579,ACC153,12823,2026-09-01 19:09:55.914559,MEDIUM,0
TX04549,ACC498,ACC353,2025,2026-09-01 19:08:55.914559,LOW,0
TX04550,ACC327,ACC260,15467,2026-09-01 19:07:55.914559,HIGH,0
TX04551,ACC218,ACC815,19853,2026-09-01 19:06:55.914559,HIGH,0
TX04552,ACC129,ACC760,12983,2026-09-01 19:05:55.914559,MEDIUM,0
TX04553,ACC616,ACC443,6811,2026-09-01 19:04:55.914559,LOW,0
TX04554,ACC461,ACC175,19378,2026-09-01 19:03:55.914559,HIGH,0
TX04555,ACC918,ACC460,17879,2026-09-01 19:02:55.916579,HIGH,1
TX04556,ACC335,ACC146,15043,2026-09-01 19:01:55.916579,HIGH,1
TX04557,ACC982,ACC372,8828,2026-09-01 19:00:55.916579,MEDIUM,0
TX04558,ACC153,ACC971,4111,2026-09-01 18:59:55.916579,LOW,0
TX04559,ACC260,ACC731,14390,2026-09-01 18:58:55.916579,MEDIUM,0
TX04560,ACC151,ACC856,3282,2026-09-01 18:57:55.916579,LOW,0
TX04561,ACC213,ACC806,14191,2026-09-01 18:56:55.916579,MEDIUM,0
TX04562,ACC477,ACC644,2666,2026-09-01 18:55:55.916579,LOW,0
TX04563,ACC815,ACC170,3263,2026-09-01 18:54:55.916579,LOW,0
TX04564,ACC996,ACC743,4736,2026-09-01 18:53:55.916579,LOW,0
TX04565,ACC330,ACC149,18895,2026-09-01 18:52:55.916579,HIGH,0
TX04566,ACC263,ACC258,14606,2026-09-01 18:51:55.916579,MEDIUM,0
TX04567,ACC918,ACC495,17182,2026-09-01 18:50:55.916579,HIGH,1
TX04568,ACC197,ACC252,11178,2026-09-01 18:49:55.916579,MEDIUM,0
TX04569,ACC977,ACC741,9524,2026-09-01 18:48:55.916579,MEDIUM,0
TX04570,ACC798,ACC672,19159,2026-09-01 18:47:55.916579,HIGH,1
TX04571,ACC194,ACC187,10627,2026-09-01 18:46:55.916579,MEDIUM,0
TX04572,ACC527,ACC602,12949,2026-09-01 18:45:55.916579,MEDIUM,0
TX04573,ACC427,ACC893,9443,2026-09-01 18:44:55.916579,MEDIUM,0
TX04574,ACC900,ACC218,9874,2026-09-01 18:43:55.916579,MEDIUM,0
TX04575,ACC185,ACC102,4159,2026-09-01 18:42:55.916579,LOW,0
TX04576,ACC607,ACC248,19645,2026-09-01 18:41:55.916579,HIGH,0
TX04577,ACC286,ACC575,18357,2026-09-01 18:40:55.916579,HIGH,1
TX04578,ACC641,ACC203,5318,2026-09-01 18:39:55.916579,LOW,0
TX04579,ACC785,ACC474,15747,2026-09-01 18:38:55.916579,HIGH,0
TX04580,ACC906,ACC261,6341,2026-09-01 18:37:55.916579,LOW,0
TX04581,ACC350,ACC154,15753,2026-09-01 18:36:55.916579,HIGH,1
TX04582,ACC693,ACC386,1485,2026-09-01 18:35:55.916579,LOW,0
TX04583,ACC531,ACC294,7491,2026-09-01 18:34:55.916579,LOW,0
TX04584,ACC186,ACC652,13711,2026-09-01 18:33:55.916579,MEDIUM,0
TX04585,ACC530,ACC116,18337,2026-09-01 18:32:55.916579,HIGH,0
TX04586,ACC878,ACC959,1067,2026-09-01 18:31:55.916579,LOW,0
TX04587,ACC991,ACC185,10909,2026-09-01 18:30:55.916579,MEDIUM,0
TX04588,ACC984,ACC388,3399,2026-09-01 18:29:55.916579,LOW,0
TX04589,ACC855,ACC927,17212,2026-09-01 18:28:55.916579,HIGH,1
TX04590,ACC675,ACC935,2106,2026-09-01 18:27:55.916579,LOW,0
TX04591,ACC216,ACC493,11065,2026-09-01 18:26:55.916579,MEDIUM,0
TX04592,ACC481,ACC875,8221,2026-09-01 18:25:55.916579,MEDIUM,0
TX04593,ACC266,ACC807,224,2026-09-01 18:24:55.916579,LOW,0
TX04594,ACC666,ACC818,426,2026-09-01 18:23:55.916579,LOW,0
TX04595,ACC271,ACC413,2297,2026-09-01 18:22:55.916579,LOW,0
TX04596,ACC695,ACC867,17804,2026-09-01 18:21:55.916579,HIGH,0
TX04597,ACC394,ACC173,4075,2026-09-01 18:20:55.916579,LOW,0
TX04598,ACC591,ACC530,3744,2026-09-01 18:19:55.916579,LOW,0
TX04599,ACC734,ACC790,8589,2026-09-01 18:18:55.916579,MEDIUM,0
TX04600,ACC302,ACC943,6112,2026-09-01 18:17:55.916579,LOW,0
TX04601,ACC779,ACC928,14861,2026-09-01 18:16:55.916579,MEDIUM,0
TX04602,ACC337,ACC237,9486,2026-09-01 18:15:55.916579,MEDIUM,0
TX04603,ACC361,ACC109,18953,2026-09-01 18:14:55.916579,HIGH,1
TX04604,ACC658,ACC812,3476,2026-09-01 18:13:55.916579,LOW,0
TX04605,ACC813,ACC331,17547,2026-09-01 18:12:55.916579,HIGH,0
TX04606,ACC161,ACC600,4727,2026-09-01 18:11:55.916579,LOW,0
TX04607,ACC697,ACC646,10878,2026-09-01 18:10:55.916579,MEDIUM,0
TX04608,ACC948,ACC741,16325,2026-09-01 18:09:55.916579,HIGH,0
TX04609,ACC940,ACC483,1905,2026-09-01 18:08:55.916579,LOW,0
TX04610,ACC174,ACC840,7147,2026-09-01 18:07:55.916579,LOW,0
TX04611,ACC474,ACC934,16771,2026-09-01 18:06:55.916579,HIGH,0
TX04612,ACC274,ACC119,15144,2026-09-01 18:05:55.916579,HIGH,1
TX04613,ACC577,ACC117,13375,2026-09-01 18:04:55.916579,MEDIUM,0
TX04614,ACC633,ACC566,7760,2026-09-01 18:03:55.916579,LOW,0
TX04615,ACC235,ACC272,12385,2026-09-01 18:02:55.916579,MEDIUM,0
TX04616,ACC901,ACC893,9910,2026-09-01 18:01:55.916579,MEDIUM,0
TX04617,ACC189,ACC737,16699,2026-09-01 18:00:55.916579,HIGH,0
TX04618,ACC447,ACC627,12363,2026-09-01 17:59:55.916579,MEDIUM,0
TX04619,ACC105,ACC806,10073,2026-09-01 17:58:55.916579,MEDIUM,0
TX04620,ACC616,ACC955,19144,2026-09-01 17:57:55.916579,HIGH,0
TX04621,ACC716,ACC729,18922,2026-09-01 17:56:55.916579,HIGH,0
TX04622,ACC788,ACC694,5198,2026-09-01 17:55:55.916579,LOW,0
TX04623,ACC969,ACC403,13586,2026-09-01 17:54:55.916579,MEDIUM,0
TX04624,ACC790,ACC599,18585,2026-09-01 17:53:55.916579,HIGH,0
TX04625,ACC513,ACC465,17574,2026-09-01 17:52:55.916579,HIGH,1
TX04626,ACC690,ACC841,13906,2026-09-01 17:51:55.916579,MEDIUM,0
TX04627,ACC228,ACC792,6795,2026-09-01 17:50:55.916579,LOW,0
TX04628,ACC788,ACC555,3381,2026-09-01 17:49:55.916579,LOW,0
TX04629,ACC395,ACC375,11777,2026-09-01 17:48:55.916579,MEDIUM,0
TX04630,ACC580,ACC507,2798,2026-09-01 17:47:55.916579,LOW,0
TX04631,ACC341,ACC986,6639,2026-09-01 17:46:55.916579,LOW,0
TX04632,ACC495,ACC418,2698,2026-09-01 17:45:55.916579,LOW,0
TX04633,ACC695,ACC377,5013,2026-09-01 17:44:55.916579,LOW,0
TX04634,ACC135,ACC919,16719,2026-09-01 17:43:55.916579,HIGH,1
TX04635,ACC891,ACC941,8547,2026-09-01 17:42:55.916579,MEDIUM,0
TX04636,ACC974,ACC717,18417,2026-09-01 17:41:55.916579,HIGH,0
TX04637,ACC403,ACC653,2404,2026-09-01 17:40:55.916579,LOW,0
TX04638,ACC925,ACC140,13582,2026-09-01 17:39:55.916579,MEDIUM,0
TX04639,ACC817,ACC423,15558,2026-09-01 17:38:55.916579,HIGH,0
TX04640,ACC651,ACC512,4278,2026-09-01 17:37:55.916579,LOW,0
TX04641,ACC419,ACC794,6696,2026-09-01 17:36:55.916579,LOW,0
TX04642,ACC529,ACC283,18712,2026-09-01 17:35:55.916579,HIGH,0
TX04643,ACC814,ACC613,16811,2026-09-01 17:34:55.916579,HIGH,1
TX04644,ACC459,ACC940,4023,2026-09-01 17:33:55.916579,LOW,0
TX04645,ACC512,ACC176,3958,2026-09-01 17:32:55.916579,LOW,0
TX04646,ACC572,ACC125,12297,2026-09-01 17:31:55.916579,MEDIUM,0
TX04647,ACC269,ACC334,7886,2026-09-01 17:30:55.916579,LOW,0
TX04648,ACC531,ACC607,14432,2026-09-01 17:29:55.916579,MEDIUM,0
TX04649,ACC558,ACC630,13591,2026-09-01 17:28:55.916579,MEDIUM,0
TX04650,ACC778,ACC647,9643,2026-09-01 17:27:55.916579,MEDIUM,0
TX04651,ACC472,ACC845,11468,2026-09-01 17:26:55.916579,MEDIUM,0
TX04652,ACC616,ACC379,364,2026-09-01 17:25:55.916579,LOW,0
TX04653,ACC959,ACC469,17398,2026-09-01 17:24:55.916579,HIGH,1
TX04654,ACC871,ACC829,4259,2026-09-01 17:23:55.916579,LOW,0
TX04655,ACC590,ACC722,1729,2026-09-01 17:22:55.916579,LOW,0
TX04656,ACC594,ACC700,15818,2026-09-01 17:21:55.916579,HIGH,0
TX04657,ACC284,ACC877,7557,2026-09-01 17:20:55.916579,LOW,0
TX04658,ACC278,ACC656,14495,2026-09-01 17:19:55.916579,MEDIUM,0
TX04659,ACC226,ACC626,803,2026-09-01 17:18:55.916579,LOW,0
TX04660,ACC740,ACC995,17076,2026-09-01 17:17:55.916579,HIGH,1
TX04661,ACC435,ACC674,2634,2026-09-01 17:16:55.916579,LOW,0
TX04662,ACC126,ACC749,17214,2026-09-01 17:15:55.916579,HIGH,1
TX04663,ACC423,ACC225,17561,2026-09-01 17:14:55.916579,HIGH,0
TX04664,ACC454,ACC129,3481,2026-09-01 17:13:55.916579,LOW,0
TX04665,ACC909,ACC232,4785,2026-09-01 17:12:55.916579,LOW,0
TX04666,ACC268,ACC988,16590,2026-09-01 17:11:55.916579,HIGH,1
TX04667,ACC311,ACC466,18078,2026-09-01 17:10:55.916579,HIGH,1
TX04668,ACC128,ACC562,17097,2026-09-01 17:09:55.916579,HIGH,0
TX04669,ACC179,ACC187,15462,2026-09-01 17:08:55.916579,HIGH,1
TX04670,ACC358,ACC664,2124,2026-09-01 17:07:55.916579,LOW,0
TX04671,ACC641,ACC153,12717,2026-09-01 17:06:55.916579,MEDIUM,0
TX04672,ACC785,ACC381,11216,2026-09-01 17:05:55.916579,MEDIUM,0
TX04673,ACC526,ACC407,16184,2026-09-01 17:04:55.916579,HIGH,0
TX04674,ACC560,ACC902,4248,2026-09-01 17:03:55.916579,LOW,0
TX04675,ACC989,ACC402,752,2026-09-01 17:02:55.916579,LOW,0
TX04676,ACC659,ACC548,15173,2026-09-01 17:01:55.916579,HIGH,0
TX04677,ACC882,ACC893,17079,2026-09-01 17:00:55.916579,HIGH,0
TX04678,ACC210,ACC661,11654,2026-09-01 16:59:55.916579,MEDIUM,0
TX04679,ACC578,ACC260,5420,2026-09-01 16:58:55.916579,LOW,0
TX04680,ACC881,ACC339,9256,2026-09-01 16:57:55.916579,MEDIUM,0
TX04681,ACC138,ACC109,2546,2026-09-01 16:56:55.916579,LOW,0
TX04682,ACC172,ACC178,15776,2026-09-01 16:55:55.916579,HIGH,1
TX04683,ACC711,ACC940,7044,2026-09-01 16:54:55.916579,LOW,0
TX04684,ACC258,ACC938,15496,2026-09-01 16:53:55.916579,HIGH,1
TX04685,ACC426,ACC613,17979,2026-09-01 16:52:55.916579,HIGH,1
TX04686,ACC415,ACC346,12256,2026-09-01 16:51:55.916579,MEDIUM,0
TX04687,ACC303,ACC461,5113,2026-09-01 16:50:55.916579,LOW,0
TX04688,ACC721,ACC477,2562,2026-09-01 16:49:55.916579,LOW,0
TX04689,ACC950,ACC590,18793,2026-09-01 16:48:55.916579,HIGH,0
TX04690,ACC739,ACC214,2015,2026-09-01 16:47:55.916579,LOW,0
TX04691,ACC285,ACC549,14045,2026-09-01 16:46:55.916579,MEDIUM,0
TX04692,ACC566,ACC460,11878,2026-09-01 16:45:55.916579,MEDIUM,0
TX04693,ACC950,ACC550,3627,2026-09-01 16:44:55.916579,LOW,0
TX04694,ACC524,ACC428,15563,2026-09-01 16:43:55.916579,HIGH,0
TX04695,ACC629,ACC405,11608,2026-09-01 16:42:55.916579,MEDIUM,0
TX04696,ACC592,ACC335,15308,2026-09-01 16:41:55.916579,HIGH,1
TX04697,ACC553,ACC893,4606,2026-09-01 16:40:55.916579,LOW,0
TX04698,ACC212,ACC662,5207,2026-09-01 16:39:55.916579,LOW,0
TX04699,ACC923,ACC636,13025,2026-09-01 16:38:55.916579,MEDIUM,0
TX04700,ACC193,ACC191,10280,2026-09-01 16:37:55.916579,MEDIUM,0
TX04701,ACC293,ACC935,5895,2026-09-01 16:36:55.916579,LOW,0
TX04702,ACC396,ACC152,14683,2026-09-01 16:35:55.916579,MEDIUM,0
TX04703,ACC872,ACC834,1108,2026-09-01 16:34:55.916579,LOW,0
TX04704,ACC109,ACC404,6821,2026-09-01 16:33:55.916579,LOW,0
TX04705,ACC630,ACC810,6921,2026-09-01 16:32:55.916579,LOW,0
TX04706,ACC594,ACC552,2347,2026-09-01 16:31:55.916579,LOW,0
TX04707,ACC155,ACC708,5288,2026-09-01 16:30:55.916579,LOW,0
TX04708,ACC201,ACC635,3473,2026-09-01 16:29:55.916579,LOW,0
TX04709,ACC929,ACC620,2102,2026-09-01 16:28:55.916579,LOW,0
TX04710,ACC674,ACC298,738,2026-09-01 16:27:55.916579,LOW,0
TX04711,ACC374,ACC333,14901,2026-09-01 16:26:55.916579,MEDIUM,0
TX04712,ACC399,ACC774,14712,2026-09-01 16:25:55.916579,MEDIUM,0
TX04713,ACC741,ACC796,7950,2026-09-01 16:24:55.916579,LOW,0
TX04714,ACC867,ACC128,8443,2026-09-01 16:23:55.916579,MEDIUM,0
TX04715,ACC624,ACC419,14528,2026-09-01 16:22:55.916579,MEDIUM,0
TX04716,ACC679,ACC486,4387,2026-09-01 16:21:55.916579,LOW,0
TX04717,ACC225,ACC897,10447,2026-09-01 16:20:55.916579,MEDIUM,0
TX04718,ACC873,ACC419,19264,2026-09-01 16:19:55.916579,HIGH,1
TX04719,ACC266,ACC200,10297,2026-09-01 16:18:55.916579,MEDIUM,0
TX04720,ACC699,ACC633,14801,2026-09-01 16:17:55.916579,MEDIUM,0
TX04721,ACC837,ACC199,11992,2026-09-01 16:16:55.916579,MEDIUM,0
TX04722,ACC527,ACC674,18711,2026-09-01 16:15:55.916579,HIGH,1
TX04723,ACC266,ACC190,12994,2026-09-01 16:14:55.916579,MEDIUM,0
TX04724,ACC392,ACC499,19095,2026-09-01 16:13:55.916579,HIGH,1
TX04725,ACC114,ACC952,18018,2026-09-01 16:12:55.916579,HIGH,0
TX04726,ACC474,ACC586,8293,2026-09-01 16:11:55.916579,MEDIUM,0
TX04727,ACC448,ACC459,2678,2026-09-01 16:10:55.916579,LOW,0
TX04728,ACC465,ACC805,12567,2026-09-01 16:09:55.916579,MEDIUM,0
TX04729,ACC239,ACC560,562,2026-09-01 16:08:55.916579,LOW,0
TX04730,ACC493,ACC605,7285,2026-09-01 16:07:55.916579,LOW,0
TX04731,ACC809,ACC769,12725,2026-09-01 16:06:55.916579,MEDIUM,0
TX04732,ACC342,ACC696,5807,2026-09-01 16:05:55.916579,LOW,0
TX04733,ACC106,ACC436,16356,2026-09-01 16:04:55.916579,HIGH,1
TX04734,ACC250,ACC619,16455,2026-09-01 16:03:55.916579,HIGH,1
TX04735,ACC211,ACC246,6241,2026-09-01 16:02:55.916579,LOW,0
TX04736,ACC464,ACC391,18753,2026-09-01 16:01:55.916579,HIGH,0
TX04737,ACC810,ACC639,15976,2026-09-01 16:00:55.916579,HIGH,0
TX04738,ACC792,ACC626,7000,2026-09-01 15:59:55.916579,LOW,0
TX04739,ACC191,ACC132,11759,2026-09-01 15:58:55.916579,MEDIUM,0
TX04740,ACC583,ACC494,17955,2026-09-01 15:57:55.916579,HIGH,0
TX04741,ACC880,ACC267,13524,2026-09-01 15:56:55.916579,MEDIUM,0
TX04742,ACC337,ACC234,6936,2026-09-01 15:55:55.916579,LOW,0
TX04743,ACC340,ACC604,8955,2026-09-01 15:54:55.916579,MEDIUM,0
TX04744,ACC894,ACC886,9116,2026-09-01 15:53:55.916579,MEDIUM,0
TX04745,ACC512,ACC466,8103,2026-09-01 15:52:55.916579,MEDIUM,0
TX04746,ACC945,ACC531,6298,2026-09-01 15:51:55.916579,LOW,0
TX04747,ACC128,ACC290,6976,2026-09-01 15:50:55.916579,LOW,0
TX04748,ACC174,ACC119,15327,2026-09-01 15:49:55.916579,HIGH,0
TX04749,ACC510,ACC379,9675,2026-09-01 15:48:55.916579,MEDIUM,0
TX04750,ACC512,ACC170,3727,2026-09-01 15:47:55.916579,LOW,0
TX04751,ACC353,ACC646,7364,2026-09-01 15:46:55.916579,LOW,0
TX04752,ACC499,ACC112,12778,2026-09-01 15:45:55.916579,MEDIUM,0
TX04753,ACC717,ACC756,11844,2026-09-01 15:44:55.916579,MEDIUM,0
TX04754,ACC117,ACC472,193,2026-09-01 15:43:55.916579,LOW,0
TX04755,ACC696,ACC212,9810,2026-09-01 15:42:55.916579,MEDIUM,0
TX04756,ACC155,ACC105,16982,2026-09-01 15:41:55.916579,HIGH,1
TX04757,ACC660,ACC287,11826,2026-09-01 15:40:55.916579,MEDIUM,0
TX04758,ACC856,ACC675,5522,2026-09-01 15:39:55.916579,LOW,0
TX04759,ACC818,ACC844,17302,2026-09-01 15:38:55.916579,HIGH,0
TX04760,ACC934,ACC793,2181,2026-09-01 15:37:55.916579,LOW,0
TX04761,ACC353,ACC503,17042,2026-09-01 15:36:55.916579,HIGH,0
TX04762,ACC127,ACC954,9231,2026-09-01 15:35:55.916579,MEDIUM,0
TX04763,ACC678,ACC103,2263,2026-09-01 15:34:55.916579,LOW,0
TX04764,ACC633,ACC320,11613,2026-09-01 15:33:55.916579,MEDIUM,0
TX04765,ACC258,ACC666,8524,2026-09-01 15:32:55.916579,MEDIUM,0
TX04766,ACC289,ACC620,14235,2026-09-01 15:31:55.916579,MEDIUM,0
TX04767,ACC308,ACC392,628,2026-09-01 15:30:55.916579,LOW,0
TX04768,ACC830,ACC347,9520,2026-09-01 15:29:55.916579,MEDIUM,0
TX04769,ACC709,ACC399,13208,2026-09-01 15:28:55.916579,MEDIUM,0
TX04770,ACC470,ACC895,2029,2026-09-01 15:27:55.916579,LOW,0
TX04771,ACC918,ACC980,5212,2026-09-01 15:26:55.916579,LOW,0
TX04772,ACC310,ACC492,9662,2026-09-01 15:25:55.916579,MEDIUM,0
TX04773,ACC671,ACC497,7079,2026-09-01 15:24:55.916579,LOW,0
TX04774,ACC245,ACC544,11461,2026-09-01 15:23:55.916579,MEDIUM,0
TX04775,ACC809,ACC853,8046,2026-09-01 15:22:55.916579,MEDIUM,0
TX04776,ACC844,ACC950,6937,2026-09-01 15:21:55.916579,LOW,0
TX04777,ACC858,ACC604,15014,2026-09-01 15:20:55.916579,HIGH,1
TX04778,ACC442,ACC567,8369,2026-09-01 15:19:55.916579,MEDIUM,0
TX04779,ACC823,ACC846,1592,2026-09-01 15:18:55.916579,LOW,0
TX04780,ACC378,ACC285,1175,2026-09-01 15:17:55.916579,LOW,0
TX04781,ACC850,ACC814,6015,2026-09-01 15:16:55.916579,LOW,0
TX04782,ACC508,ACC423,8767,2026-09-01 15:15:55.916579,MEDIUM,0
TX04783,ACC617,ACC926,8482,2026-09-01 15:14:55.916579,MEDIUM,0
TX04784,ACC273,ACC572,17578,2026-09-01 15:13:55.916579,HIGH,0
TX04785,ACC492,ACC675,17689,2026-09-01 15:12:55.916579,HIGH,0
TX04786,ACC893,ACC336,1331,2026-09-01 15:11:55.916579,LOW,0
TX04787,ACC658,ACC125,8977,2026-09-01 15:10:55.916579,MEDIUM,0
TX04788,ACC201,ACC442,6453,2026-09-01 15:09:55.916579,LOW,0
TX04789,ACC437,ACC163,19392,2026-09-01 15:08:55.916579,HIGH,0
TX04790,ACC595,ACC733,7560,2026-09-01 15:07:55.916579,LOW,0
TX04791,ACC613,ACC794,17229,2026-09-01 15:06:55.916579,HIGH,1
TX04792,ACC707,ACC105,1188,2026-09-01 15:05:55.916579,LOW,0
TX04793,ACC824,ACC219,6185,2026-09-01 15:04:55.916579,LOW,0
TX04794,ACC555,ACC665,8514,2026-09-01 15:03:55.916579,MEDIUM,0
TX04795,ACC290,ACC520,18648,2026-09-01 15:02:55.916579,HIGH,0
TX04796,ACC450,ACC868,11877,2026-09-01 15:01:55.916579,MEDIUM,0
TX04797,ACC643,ACC474,17679,2026-09-01 15:00:55.916579,HIGH,1
TX04798,ACC403,ACC524,14612,2026-09-01 14:59:55.916579,MEDIUM,0
TX04799,ACC669,ACC131,19098,2026-09-01 14:58:55.916579,HIGH,0
TX04800,ACC832,ACC620,9098,2026-09-01 14:57:55.916579,MEDIUM,0
TX04801,ACC765,ACC411,15610,2026-09-01 14:56:55.916579,HIGH,1
TX04802,ACC310,ACC177,8981,2026-09-01 14:55:55.916579,MEDIUM,0
TX04803,ACC216,ACC867,13634,2026-09-01 14:54:55.916579,MEDIUM,0
TX04804,ACC773,ACC743,5179,2026-09-01 14:53:55.916579,LOW,0
TX04805,ACC876,ACC503,18972,2026-09-01 14:52:55.916579,HIGH,1
TX04806,ACC233,ACC529,12243,2026-09-01 14:51:55.916579,MEDIUM,0
TX04807,ACC888,ACC324,1585,2026-09-01 14:50:55.916579,LOW,0
TX04808,ACC690,ACC185,2033,2026-09-01 14:49:55.916579,LOW,0
TX04809,ACC342,ACC712,10551,2026-09-01 14:48:55.916579,MEDIUM,0
TX04810,ACC386,ACC861,19333,2026-09-01 14:47:55.916579,HIGH,0
TX04811,ACC822,ACC807,15021,2026-09-01 14:46:55.916579,HIGH,1
TX04812,ACC264,ACC328,16668,2026-09-01 14:45:55.916579,HIGH,1
TX04813,ACC212,ACC208,5649,2026-09-01 14:44:55.916579,LOW,0
TX04814,ACC850,ACC225,12905,2026-09-01 14:43:55.916579,MEDIUM,0
TX04815,ACC525,ACC615,3799,2026-09-01 14:42:55.916579,LOW,0
TX04816,ACC383,ACC482,8382,2026-09-01 14:41:55.916579,MEDIUM,0
TX04817,ACC664,ACC383,338,2026-09-01 14:40:55.916579,LOW,0
TX04818,ACC496,ACC190,17855,2026-09-01 14:39:55.916579,HIGH,0
TX04819,ACC113,ACC559,6637,2026-09-01 14:38:55.916579,LOW,0
TX04820,ACC998,ACC255,16044,2026-09-01 14:37:55.916579,HIGH,1
TX04821,ACC257,ACC556,6921,2026-09-01 14:36:55.916579,LOW,0
TX04822,ACC816,ACC711,4454,2026-09-01 14:35:55.916579,LOW,0
TX04823,ACC518,ACC454,19679,2026-09-01 14:34:55.916579,HIGH,0
TX04824,ACC113,ACC968,8707,2026-09-01 14:33:55.916579,MEDIUM,0
TX04825,ACC674,ACC186,18620,2026-09-01 14:32:55.916579,HIGH,0
TX04826,ACC940,ACC295,4852,2026-09-01 14:31:55.916579,LOW,0
TX04827,ACC165,ACC949,6944,2026-09-01 14:30:55.916579,LOW,0
TX04828,ACC469,ACC919,670,2026-09-01 14:29:55.916579,LOW,0
TX04829,ACC699,ACC487,12957,2026-09-01 14:28:55.916579,MEDIUM,0
TX04830,ACC907,ACC116,2733,2026-09-01 14:27:55.916579,LOW,0
TX04831,ACC820,ACC562,4510,2026-09-01 14:26:55.916579,LOW,0
TX04832,ACC694,ACC469,10698,2026-09-01 14:25:55.916579,MEDIUM,0
TX04833,ACC766,ACC881,15871,2026-09-01 14:24:55.916579,HIGH,0
TX04834,ACC249,ACC736,19417,2026-09-01 14:23:55.916579,HIGH,0
TX04835,ACC837,ACC728,13235,2026-09-01 14:22:55.916579,MEDIUM,0
TX04836,ACC408,ACC190,5335,2026-09-01 14:21:55.916579,LOW,0
TX04837,ACC705,ACC587,7612,2026-09-01 14:20:55.916579,LOW,0
TX04838,ACC540,ACC245,12760,2026-09-01 14:19:55.916579,MEDIUM,0
TX04839,ACC881,ACC525,15185,2026-09-01 14:18:55.916579,HIGH,1
TX04840,ACC202,ACC561,760,2026-09-01 14:17:55.916579,LOW,0
TX04841,ACC348,ACC280,19267,2026-09-01 14:16:55.916579,HIGH,1
TX04842,ACC766,ACC564,18300,2026-09-01 14:15:55.916579,HIGH,0
TX04843,ACC852,ACC121,8137,2026-09-01 14:14:55.916579,MEDIUM,0
TX04844,ACC657,ACC744,5094,2026-09-01 14:13:55.916579,LOW,0
TX04845,ACC988,ACC780,4024,2026-09-01 14:12:55.916579,LOW,0
TX04846,ACC933,ACC459,15317,2026-09-01 14:11:55.916579,HIGH,1
TX04847,ACC787,ACC327,13551,2026-09-01 14:10:55.916579,MEDIUM,0
TX04848,ACC992,ACC130,14079,2026-09-01 14:09:55.916579,MEDIUM,0
TX04849,ACC639,ACC679,5665,2026-09-01 14:08:55.916579,LOW,0
TX04850,ACC726,ACC352,10748,2026-09-01 14:07:55.916579,MEDIUM,0
TX04851,ACC374,ACC145,8849,2026-09-01 14:06:55.916579,MEDIUM,0
TX04852,ACC309,ACC548,5025,2026-09-01 14:05:55.916579,LOW,0
TX04853,ACC111,ACC331,9657,2026-09-01 14:04:55.916579,MEDIUM,0
TX04854,ACC308,ACC661,8796,2026-09-01 14:03:55.916579,MEDIUM,0
TX04855,ACC483,ACC176,16271,2026-09-01 14:02:55.916579,HIGH,1
TX04856,ACC579,ACC327,13065,2026-09-01 14:01:55.916579,MEDIUM,0
TX04857,ACC853,ACC675,182,2026-09-01 14:00:55.916579,LOW,0
TX04858,ACC715,ACC211,14444,2026-09-01 13:59:55.916579,MEDIUM,0
TX04859,ACC258,ACC770,14320,2026-09-01 13:58:55.916579,MEDIUM,0
TX04860,ACC154,ACC944,17017,2026-09-01 13:57:55.916579,HIGH,1
TX04861,ACC155,ACC797,4273,2026-09-01 13:56:55.916579,LOW,0
TX04862,ACC961,ACC664,18599,2026-09-01 13:55:55.916579,HIGH,0
TX04863,ACC303,ACC692,16426,2026-09-01 13:54:55.916579,HIGH,1
TX04864,ACC400,ACC799,9399,2026-09-01 13:53:55.916579,MEDIUM,0
TX04865,ACC380,ACC959,8812,2026-09-01 13:52:55.916579,MEDIUM,0
TX04866,ACC899,ACC941,6280,2026-09-01 13:51:55.916579,LOW,0
TX04867,ACC451,ACC301,19301,2026-09-01 13:50:55.916579,HIGH,1
TX04868,ACC645,ACC730,3793,2026-09-01 13:49:55.916579,LOW,0
TX04869,ACC874,ACC556,10530,2026-09-01 13:48:55.916579,MEDIUM,0
TX04870,ACC285,ACC334,2881,2026-09-01 13:47:55.916579,LOW,0
TX04871,ACC194,ACC681,547,2026-09-01 13:46:55.916579,LOW,0
TX04872,ACC397,ACC479,13222,2026-09-01 13:45:55.916579,MEDIUM,0
TX04873,ACC975,ACC241,7131,2026-09-01 13:44:55.916579,LOW,0
TX04874,ACC165,ACC175,16238,2026-09-01 13:43:55.916579,HIGH,0
TX04875,ACC719,ACC200,11423,2026-09-01 13:42:55.916579,MEDIUM,0
TX04876,ACC907,ACC788,19336,2026-09-01 13:41:55.916579,HIGH,1
TX04877,ACC783,ACC668,1156,2026-09-01 13:40:55.916579,LOW,0
TX04878,ACC958,ACC298,3703,2026-09-01 13:39:55.916579,LOW,0
TX04879,ACC983,ACC624,6305,2026-09-01 13:38:55.916579,LOW,0
TX04880,ACC245,ACC114,3965,2026-09-01 13:37:55.916579,LOW,0
TX04881,ACC555,ACC963,3059,2026-09-01 13:36:55.916579,LOW,0
TX04882,ACC227,ACC651,511,2026-09-01 13:35:55.916579,LOW,0
TX04883,ACC878,ACC207,10419,2026-09-01 13:34:55.916579,MEDIUM,0
TX04884,ACC782,ACC513,16793,2026-09-01 13:33:55.916579,HIGH,1
TX04885,ACC452,ACC414,2385,2026-09-01 13:32:55.916579,LOW,0
TX04886,ACC337,ACC208,1016,2026-09-01 13:31:55.916579,LOW,0
TX04887,ACC771,ACC923,11770,2026-09-01 13:30:55.916579,MEDIUM,0
TX04888,ACC413,ACC723,2957,2026-09-01 13:29:55.916579,LOW,0
TX04889,ACC932,ACC748,1084,2026-09-01 13:28:55.916579,LOW,0
TX04890,ACC318,ACC813,8137,2026-09-01 13:27:55.916579,MEDIUM,0
TX04891,ACC243,ACC172,14150,2026-09-01 13:26:55.916579,MEDIUM,0
TX04892,ACC750,ACC385,15087,2026-09-01 13:25:55.916579,HIGH,0
TX04893,ACC701,ACC695,3977,2026-09-01 13:24:55.916579,LOW,0
TX04894,ACC333,ACC389,4683,2026-09-01 13:23:55.916579,LOW,0
TX04895,ACC172,ACC493,9773,2026-09-01 13:22:55.916579,MEDIUM,0
TX04896,ACC399,ACC838,19129,2026-09-01 13:21:55.916579,HIGH,1
TX04897,ACC192,ACC865,751,2026-09-01 13:20:55.916579,LOW,0
TX04898,ACC677,ACC628,19977,2026-09-01 13:19:55.916579,HIGH,1
TX04899,ACC316,ACC988,2645,2026-09-01 13:18:55.916579,LOW,0
TX04900,ACC635,ACC998,9502,2026-09-01 13:17:55.916579,MEDIUM,0
TX04901,ACC706,ACC742,19186,2026-09-01 13:16:55.916579,HIGH,1
TX04902,ACC978,ACC938,4781,2026-09-01 13:15:55.916579,LOW,0
TX04903,ACC131,ACC969,19708,2026-09-01 13:14:55.916579,HIGH,1
TX04904,ACC685,ACC342,19888,2026-09-01 13:13:55.916579,HIGH,0
TX04905,ACC828,ACC557,13623,2026-09-01 13:12:55.916579,MEDIUM,0
TX04906,ACC950,ACC238,11602,2026-09-01 13:11:55.916579,MEDIUM,0
TX04907,ACC167,ACC938,19703,2026-09-01 13:10:55.916579,HIGH,1
TX04908,ACC490,ACC486,10988,2026-09-01 13:09:55.916579,MEDIUM,0
TX04909,ACC516,ACC345,16723,2026-09-01 13:08:55.916579,HIGH,1
TX04910,ACC625,ACC195,14583,2026-09-01 13:07:55.916579,MEDIUM,0
TX04911,ACC923,ACC734,14653,2026-09-01 13:06:55.916579,MEDIUM,0
TX04912,ACC745,ACC982,18963,2026-09-01 13:05:55.916579,HIGH,1
TX04913,ACC198,ACC463,7316,2026-09-01 13:04:55.916579,LOW,0
TX04914,ACC374,ACC369,19217,2026-09-01 13:03:55.916579,HIGH,0
TX04915,ACC328,ACC382,1565,2026-09-01 13:02:55.916579,LOW,0
TX04916,ACC628,ACC927,4662,2026-09-01 13:01:55.916579,LOW,0
TX04917,ACC309,ACC610,7520,2026-09-01 13:00:55.916579,LOW,0
TX04918,ACC756,ACC213,4196,2026-09-01 12:59:55.916579,LOW,0
TX04919,ACC555,ACC521,19679,2026-09-01 12:58:55.916579,HIGH,0
TX04920,ACC111,ACC975,6357,2026-09-01 12:57:55.916579,LOW,0
TX04921,ACC604,ACC728,3169,2026-09-01 12:56:55.916579,LOW,0
TX04922,ACC406,ACC726,1120,2026-09-01 12:55:55.916579,LOW,0
TX04923,ACC196,ACC281,11560,2026-09-01 12:54:55.916579,MEDIUM,0
TX04924,ACC805,ACC338,15683,2026-09-01 12:53:55.916579,HIGH,1
TX04925,ACC835,ACC351,11371,2026-09-01 12:52:55.916579,MEDIUM,0
TX04926,ACC385,ACC472,9145,2026-09-01 12:51:55.916579,MEDIUM,0
TX04927,ACC455,ACC417,12510,2026-09-01 12:50:55.916579,MEDIUM,0
TX04928,ACC830,ACC355,762,2026-09-01 12:49:55.916579,LOW,0
TX04929,ACC417,ACC678,4701,2026-09-01 12:48:55.916579,LOW,0
TX04930,ACC418,ACC901,15982,2026-09-01 12:47:55.916579,HIGH,1
TX04931,ACC310,ACC959,15311,2026-09-01 12:46:55.916579,HIGH,1
TX04932,ACC479,ACC834,13338,2026-09-01 12:45:55.916579,MEDIUM,0
TX04933,ACC591,ACC675,13162,2026-09-01 12:44:55.916579,MEDIUM,0
TX04934,ACC817,ACC257,7556,2026-09-01 12:43:55.916579,LOW,0
TX04935,ACC945,ACC244,221,2026-09-01 12:42:55.916579,LOW,0
TX04936,ACC808,ACC244,13119,2026-09-01 12:41:55.916579,MEDIUM,0
TX04937,ACC250,ACC697,13713,2026-09-01 12:40:55.916579,MEDIUM,0
TX04938,ACC135,ACC557,14581,2026-09-01 12:39:55.916579,MEDIUM,0
TX04939,ACC900,ACC811,12036,2026-09-01 12:38:55.916579,MEDIUM,0
TX04940,ACC188,ACC851,14555,2026-09-01 12:37:55.916579,MEDIUM,0
TX04941,ACC247,ACC325,15184,2026-09-01 12:36:55.916579,HIGH,0
TX04942,ACC179,ACC548,10717,2026-09-01 12:35:55.916579,MEDIUM,0
TX04943,ACC403,ACC785,17487,2026-09-01 12:34:55.916579,HIGH,0
TX04944,ACC361,ACC438,6725,2026-09-01 12:33:55.916579,LOW,0
TX04945,ACC693,ACC197,13868,2026-09-01 12:32:55.916579,MEDIUM,0
TX04946,ACC543,ACC210,7905,2026-09-01 12:31:55.916579,LOW,0
TX04947,ACC586,ACC841,16420,2026-09-01 12:30:55.916579,HIGH,1
TX04948,ACC482,ACC631,18700,2026-09-01 12:29:55.916579,HIGH,0
TX04949,ACC904,ACC226,15846,2026-09-01 12:28:55.916579,HIGH,0
TX04950,ACC669,ACC487,5400,2026-09-01 12:27:55.916579,LOW,0
TX04951,ACC692,ACC698,1092,2026-09-01 12:26:55.916579,LOW,0
TX04952,ACC414,ACC537,8874,2026-09-01 12:25:55.916579,MEDIUM,0
TX04953,ACC816,ACC315,19535,2026-09-01 12:24:55.916579,HIGH,0
TX04954,ACC448,ACC326,18502,2026-09-01 12:23:55.916579,HIGH,1
TX04955,ACC693,ACC176,13450,2026-09-01 12:22:55.916579,MEDIUM,0
TX04956,ACC923,ACC705,5553,2026-09-01 12:21:55.916579,LOW,0
TX04957,ACC269,ACC301,8919,2026-09-01 12:20:55.916579,MEDIUM,0
TX04958,ACC783,ACC335,10042,2026-09-01 12:19:55.916579,MEDIUM,0
TX04959,ACC591,ACC490,5976,2026-09-01 12:18:55.916579,LOW,0
TX04960,ACC113,ACC565,11663,2026-09-01 12:17:55.916579,MEDIUM,0
TX04961,ACC542,ACC523,11220,2026-09-01 12:16:55.916579,MEDIUM,0
TX04962,ACC956,ACC899,15180,2026-09-01 12:15:55.916579,HIGH,0
TX04963,ACC201,ACC651,3014,2026-09-01 12:14:55.916579,LOW,0
TX04964,ACC838,ACC143,6126,2026-09-01 12:13:55.916579,LOW,0
TX04965,ACC660,ACC936,12751,2026-09-01 12:12:55.916579,MEDIUM,0
TX04966,ACC210,ACC882,8653,2026-09-01 12:11:55.916579,MEDIUM,0
TX04967,ACC339,ACC267,10065,2026-09-01 12:10:55.916579,MEDIUM,0
TX04968,ACC224,ACC481,12473,2026-09-01 12:09:55.916579,MEDIUM,0
TX04969,ACC907,ACC493,9628,2026-09-01 12:08:55.916579,MEDIUM,0
TX04970,ACC101,ACC555,17145,2026-09-01 12:07:55.916579,HIGH,0
TX04971,ACC290,ACC287,9382,2026-09-01 12:06:55.916579,MEDIUM,0
TX04972,ACC828,ACC997,17671,2026-09-01 12:05:55.916579,HIGH,0
TX04973,ACC232,ACC827,1380,2026-09-01 12:04:55.916579,LOW,0
TX04974,ACC850,ACC798,14147,2026-09-01 12:03:55.916579,MEDIUM,0
TX04975,ACC787,ACC745,1666,2026-09-01 12:02:55.916579,LOW,0
TX04976,ACC780,ACC972,6235,2026-09-01 12:01:55.916579,LOW,0
TX04977,ACC653,ACC678,8242,2026-09-01 12:00:55.916579,MEDIUM,0
TX04978,ACC826,ACC432,14558,2026-09-01 11:59:55.916579,MEDIUM,0
TX04979,ACC389,ACC498,1999,2026-09-01 11:58:55.916579,LOW,0
TX04980,ACC873,ACC773,12161,2026-09-01 11:57:55.916579,MEDIUM,0
TX04981,ACC715,ACC877,4352,2026-09-01 11:56:55.916579,LOW,0
TX04982,ACC168,ACC206,14783,2026-09-01 11:55:55.916579,MEDIUM,0
TX04983,ACC380,ACC187,16155,2026-09-01 11:54:55.916579,HIGH,1
TX04984,ACC940,ACC705,2814,2026-09-01 11:53:55.916579,LOW,0
TX04985,ACC803,ACC985,16502,2026-09-01 11:52:55.916579,HIGH,1
TX04986,ACC553,ACC180,14575,2026-09-01 11:51:55.916579,MEDIUM,0
TX04987,ACC801,ACC208,6469,2026-09-01 11:50:55.916579,LOW,0
TX04988,ACC364,ACC257,17485,2026-09-01 11:49:55.916579,HIGH,0
TX04989,ACC812,ACC548,12265,2026-09-01 11:48:55.916579,MEDIUM,0
TX04990,ACC623,ACC433,18751,2026-09-01 11:47:55.916579,HIGH,1
TX04991,ACC343,ACC522,16862,2026-09-01 11:46:55.916579,HIGH,1
TX04992,ACC886,ACC102,3866,2026-09-01 11:45:55.916579,LOW,0
TX04993,ACC674,ACC344,3367,2026-09-01 11:44:55.916579,LOW,0
TX04994,ACC854,ACC881,11565,2026-09-01 11:43:55.916579,MEDIUM,0
TX04995,ACC700,ACC345,7304,2026-09-01 11:42:55.916579,LOW,0
TX04996,ACC796,ACC578,14826,2026-09-01 11:41:55.916579,MEDIUM,0
TX04997,ACC953,ACC643,8612,2026-09-01 11:40:55.916579,MEDIUM,0
TX04998,ACC212,ACC758,9739,2026-09-01 11:39:55.916579,MEDIUM,0
TX04999,ACC854,ACC207,5685,2026-09-01 11:38:55.916579,LOW,0
TX05000,ACC752,ACC625,10250,2026-09-01 11:37:55.916579,MEDIUM,0
TX05001,ACC680,ACC960,3455,2026-09-01 11:36:55.916579,LOW,0
TX05002,ACC459,ACC454,11870,2026-09-01 11:35:55.916579,MEDIUM,0
TX05003,ACC201,ACC516,2835,2026-09-01 11:34:55.916579,LOW,0
TX05004,ACC344,ACC682,19662,2026-09-01 11:33:55.916579,HIGH,0
TX05005,ACC593,ACC305,528,2026-09-01 11:32:55.916579,LOW,0
TX05006,ACC548,ACC823,12603,2026-09-01 11:31:55.916579,MEDIUM,0
TX05007,ACC145,ACC505,19526,2026-09-01 11:30:55.916579,HIGH,1
TX05008,ACC385,ACC619,2635,2026-09-01 11:29:55.916579,LOW,0
TX05009,ACC364,ACC644,4953,2026-09-01 11:28:55.916579,LOW,0
TX05010,ACC189,ACC212,6833,2026-09-01 11:27:55.916579,LOW,0
TX05011,ACC123,ACC209,19210,2026-09-01 11:26:55.916579,HIGH,1
TX05012,ACC372,ACC377,19536,2026-09-01 11:25:55.916579,HIGH,1
TX05013,ACC937,ACC929,19274,2026-09-01 11:24:55.916579,HIGH,1
TX05014,ACC968,ACC340,17482,2026-09-01 11:23:55.916579,HIGH,1
TX05015,ACC242,ACC967,14002,2026-09-01 11:22:55.916579,MEDIUM,0
TX05016,ACC186,ACC834,14090,2026-09-01 11:21:55.916579,MEDIUM,0
TX05017,ACC956,ACC754,861,2026-09-01 11:20:55.916579,LOW,0
TX05018,ACC253,ACC681,11070,2026-09-01 11:19:55.916579,MEDIUM,0
TX05019,ACC278,ACC236,13553,2026-09-01 11:18:55.916579,MEDIUM,0
TX05020,ACC563,ACC218,15200,2026-09-01 11:17:55.916579,HIGH,0
TX05021,ACC409,ACC461,10425,2026-09-01 11:16:55.916579,MEDIUM,0
TX05022,ACC868,ACC421,15819,2026-09-01 11:15:55.916579,HIGH,1
TX05023,ACC362,ACC347,18265,2026-09-01 11:14:55.916579,HIGH,0
TX05024,ACC150,ACC641,7769,2026-09-01 11:13:55.916579,LOW,0
TX05025,ACC264,ACC515,7770,2026-09-01 11:12:55.916579,LOW,0
TX05026,ACC950,ACC898,16541,2026-09-01 11:11:55.916579,HIGH,0
TX05027,ACC912,ACC755,11848,2026-09-01 11:10:55.918597,MEDIUM,0
TX05028,ACC682,ACC275,11275,2026-09-01 11:09:55.918597,MEDIUM,0
TX05029,ACC828,ACC189,558,2026-09-01 11:08:55.918597,LOW,0
TX05030,ACC968,ACC945,15226,2026-09-01 11:07:55.918597,HIGH,0
TX05031,ACC684,ACC497,18889,2026-09-01 11:06:55.918597,HIGH,0
TX05032,ACC413,ACC556,4114,2026-09-01 11:05:55.918597,LOW,0
TX05033,ACC983,ACC380,19164,2026-09-01 11:04:55.918597,HIGH,0
TX05034,ACC557,ACC832,3462,2026-09-01 11:03:55.918597,LOW,0
TX05035,ACC589,ACC171,6203,2026-09-01 11:02:55.918597,LOW,0
TX05036,ACC750,ACC965,19982,2026-09-01 11:01:55.918597,HIGH,0
TX05037,ACC199,ACC238,515,2026-09-01 11:00:55.918597,LOW,0
TX05038,ACC313,ACC146,17391,2026-09-01 10:59:55.918597,HIGH,1
TX05039,ACC296,ACC203,7379,2026-09-01 10:58:55.918597,LOW,0
TX05040,ACC787,ACC435,19647,2026-09-01 10:57:55.918597,HIGH,1
TX05041,ACC340,ACC238,15460,2026-09-01 10:56:55.918597,HIGH,1
TX05042,ACC762,ACC326,18084,2026-09-01 10:55:55.918597,HIGH,1
TX05043,ACC467,ACC720,2554,2026-09-01 10:54:55.918597,LOW,0
TX05044,ACC928,ACC247,3956,2026-09-01 10:53:55.918597,LOW,0
TX05045,ACC614,ACC547,4168,2026-09-01 10:52:55.918597,LOW,0
TX05046,ACC668,ACC206,4906,2026-09-01 10:51:55.918597,LOW,0
TX05047,ACC972,ACC705,704,2026-09-01 10:50:55.918597,LOW,0
TX05048,ACC615,ACC835,11264,2026-09-01 10:49:55.918597,MEDIUM,0
TX05049,ACC770,ACC460,19428,2026-09-01 10:48:55.918597,HIGH,0
TX05050,ACC980,ACC315,4304,2026-09-01 10:47:55.918597,LOW,0
TX05051,ACC783,ACC675,15627,2026-09-01 10:46:55.918597,HIGH,0
TX05052,ACC160,ACC637,8526,2026-09-01 10:45:55.918597,MEDIUM,0
TX05053,ACC563,ACC403,18621,2026-09-01 10:44:55.918597,HIGH,0
TX05054,ACC371,ACC804,11506,2026-09-01 10:43:55.918597,MEDIUM,0
TX05055,ACC769,ACC511,10665,2026-09-01 10:42:55.918597,MEDIUM,0
TX05056,ACC173,ACC480,10134,2026-09-01 10:41:55.918597,MEDIUM,0
TX05057,ACC142,ACC546,15703,2026-09-01 10:40:55.918597,HIGH,1
TX05058,ACC829,ACC809,1559,2026-09-01 10:39:55.918597,LOW,0
TX05059,ACC747,ACC877,18916,2026-09-01 10:38:55.918597,HIGH,0
TX05060,ACC265,ACC980,198,2026-09-01 10:37:55.918597,LOW,0
TX05061,ACC325,ACC654,5876,2026-09-01 10:36:55.918597,LOW,0
TX05062,ACC245,ACC638,2792,2026-09-01 10:35:55.918597,LOW,0
TX05063,ACC938,ACC924,5596,2026-09-01 10:34:55.918597,LOW,0
TX05064,ACC746,ACC955,15353,2026-09-01 10:33:55.918597,HIGH,0
TX05065,ACC813,ACC522,19072,2026-09-01 10:32:55.918597,HIGH,0
TX05066,ACC743,ACC153,4861,2026-09-01 10:31:55.918597,LOW,0
TX05067,ACC142,ACC812,8023,2026-09-01 10:30:55.918597,MEDIUM,0
TX05068,ACC469,ACC590,155,2026-09-01 10:29:55.918597,LOW,0
TX05069,ACC714,ACC932,3259,2026-09-01 10:28:55.918597,LOW,0
TX05070,ACC547,ACC460,10468,2026-09-01 10:27:55.918597,MEDIUM,0
TX05071,ACC447,ACC212,3618,2026-09-01 10:26:55.918597,LOW,0
TX05072,ACC477,ACC918,15805,2026-09-01 10:25:55.918597,HIGH,1
TX05073,ACC824,ACC193,15104,2026-09-01 10:24:55.918597,HIGH,1
TX05074,ACC246,ACC764,15628,2026-09-01 10:23:55.918597,HIGH,1
TX05075,ACC955,ACC150,7899,2026-09-01 10:22:55.918597,LOW,0
TX05076,ACC930,ACC388,10838,2026-09-01 10:21:55.918597,MEDIUM,0
TX05077,ACC521,ACC158,1993,2026-09-01 10:20:55.918597,LOW,0
TX05078,ACC230,ACC150,12607,2026-09-01 10:19:55.918597,MEDIUM,0
TX05079,ACC831,ACC487,3558,2026-09-01 10:18:55.918597,LOW,0
TX05080,ACC117,ACC135,15883,2026-09-01 10:17:55.918597,HIGH,1
TX05081,ACC420,ACC513,7998,2026-09-01 10:16:55.918597,LOW,0
TX05082,ACC132,ACC574,9847,2026-09-01 10:15:55.918597,MEDIUM,0
TX05083,ACC383,ACC105,19619,2026-09-01 10:14:55.918597,HIGH,1
TX05084,ACC710,ACC409,16579,2026-09-01 10:13:55.918597,HIGH,0
TX05085,ACC551,ACC433,16204,2026-09-01 10:12:55.918597,HIGH,1
TX05086,ACC375,ACC244,585,2026-09-01 10:11:55.918597,LOW,0
TX05087,ACC225,ACC592,2646,2026-09-01 10:10:55.918597,LOW,0
TX05088,ACC686,ACC898,13224,2026-09-01 10:09:55.918597,MEDIUM,0
TX05089,ACC505,ACC972,447,2026-09-01 10:08:55.918597,LOW,0
TX05090,ACC554,ACC749,4186,2026-09-01 10:07:55.918597,LOW,0
TX05091,ACC345,ACC991,1490,2026-09-01 10:06:55.918597,LOW,0
TX05092,ACC407,ACC514,8584,2026-09-01 10:05:55.918597,MEDIUM,0
TX05093,ACC709,ACC577,1158,2026-09-01 10:04:55.918597,LOW,0
TX05094,ACC932,ACC440,15445,2026-09-01 10:03:55.918597,HIGH,0
TX05095,ACC672,ACC605,6111,2026-09-01 10:02:55.918597,LOW,0
TX05096,ACC723,ACC836,11211,2026-09-01 10:01:55.918597,MEDIUM,0
TX05097,ACC710,ACC153,15487,2026-09-01 10:00:55.918597,HIGH,1
TX05098,ACC485,ACC512,2687,2026-09-01 09:59:55.918597,LOW,0
TX05099,ACC489,ACC129,9767,2026-09-01 09:58:55.918597,MEDIUM,0
TX05100,ACC287,ACC703,3101,2026-09-01 09:57:55.918597,LOW,0
TX05101,ACC149,ACC113,8682,2026-09-01 09:56:55.918597,MEDIUM,0
TX05102,ACC463,ACC680,1725,2026-09-01 09:55:55.918597,LOW,0
TX05103,ACC776,ACC971,2920,2026-09-01 09:54:55.918597,LOW,0
TX05104,ACC111,ACC959,7578,2026-09-01 09:53:55.918597,LOW,0
TX05105,ACC526,ACC448,8521,2026-09-01 09:52:55.918597,MEDIUM,0
TX05106,ACC643,ACC538,11066,2026-09-01 09:51:55.918597,MEDIUM,0
TX05107,ACC540,ACC628,18918,2026-09-01 09:50:55.918597,HIGH,0
TX05108,ACC514,ACC576,11104,2026-09-01 09:49:55.918597,MEDIUM,0
TX05109,ACC903,ACC221,8189,2026-09-01 09:48:55.918597,MEDIUM,0
TX05110,ACC114,ACC780,4394,2026-09-01 09:47:55.918597,LOW,0
TX05111,ACC735,ACC403,5409,2026-09-01 09:46:55.918597,LOW,0
TX05112,ACC986,ACC559,17422,2026-09-01 09:45:55.918597,HIGH,0
TX05113,ACC848,ACC664,16923,2026-09-01 09:44:55.918597,HIGH,1
TX05114,ACC623,ACC643,15797,2026-09-01 09:43:55.918597,HIGH,0
TX05115,ACC573,ACC527,18858,2026-09-01 09:42:55.918597,HIGH,1
TX05116,ACC247,ACC475,16798,2026-09-01 09:41:55.918597,HIGH,0
TX05117,ACC878,ACC543,8760,2026-09-01 09:40:55.918597,MEDIUM,0
TX05118,ACC780,ACC313,17996,2026-09-01 09:39:55.918597,HIGH,0
TX05119,ACC996,ACC130,14997,2026-09-01 09:38:55.918597,MEDIUM,0
TX05120,ACC655,ACC886,584,2026-09-01 09:37:55.918597,LOW,0
TX05121,ACC838,ACC197,6780,2026-09-01 09:36:55.918597,LOW,0
TX05122,ACC254,ACC711,11770,2026-09-01 09:35:55.918597,MEDIUM,0
TX05123,ACC108,ACC604,5206,2026-09-01 09:34:55.918597,LOW,0
TX05124,ACC739,ACC907,6226,2026-09-01 09:33:55.918597,LOW,0
TX05125,ACC104,ACC116,17210,2026-09-01 09:32:55.918597,HIGH,0
TX05126,ACC409,ACC762,16551,2026-09-01 09:31:55.918597,HIGH,0
TX05127,ACC200,ACC392,3114,2026-09-01 09:30:55.918597,LOW,0
TX05128,ACC808,ACC910,12721,2026-09-01 09:29:55.918597,MEDIUM,0
TX05129,ACC329,ACC616,13820,2026-09-01 09:28:55.918597,MEDIUM,0
TX05130,ACC865,ACC399,18938,2026-09-01 09:27:55.918597,HIGH,0
TX05131,ACC493,ACC469,9476,2026-09-01 09:26:55.918597,MEDIUM,0
TX05132,ACC457,ACC325,5909,2026-09-01 09:25:55.918597,LOW,0
TX05133,ACC104,ACC877,6665,2026-09-01 09:24:55.918597,LOW,0
TX05134,ACC206,ACC785,1630,2026-09-01 09:23:55.918597,LOW,0
TX05135,ACC330,ACC466,165,2026-09-01 09:22:55.918597,LOW,0
TX05136,ACC691,ACC240,3097,2026-09-01 09:21:55.918597,LOW,0
TX05137,ACC561,ACC721,3989,2026-09-01 09:20:55.918597,LOW,0
TX05138,ACC984,ACC690,8240,2026-09-01 09:19:55.918597,MEDIUM,0
TX05139,ACC682,ACC238,19799,2026-09-01 09:18:55.918597,HIGH,1
TX05140,ACC526,ACC643,2532,2026-09-01 09:17:55.918597,LOW,0
TX05141,ACC188,ACC733,13041,2026-09-01 09:16:55.918597,MEDIUM,0
TX05142,ACC202,ACC181,4498,2026-09-01 09:15:55.918597,LOW,0
TX05143,ACC977,ACC679,4424,2026-09-01 09:14:55.918597,LOW,0
TX05144,ACC932,ACC995,19622,2026-09-01 09:13:55.918597,HIGH,1
TX05145,ACC819,ACC735,108,2026-09-01 09:12:55.918597,LOW,0
TX05146,ACC554,ACC877,4886,2026-09-01 09:11:55.918597,LOW,0
TX05147,ACC305,ACC795,15149,2026-09-01 09:10:55.918597,HIGH,1
TX05148,ACC577,ACC977,14625,2026-09-01 09:09:55.918597,MEDIUM,0
TX05149,ACC582,ACC425,684,2026-09-01 09:08:55.918597,LOW,0
TX05150,ACC715,ACC617,19076,2026-09-01 09:07:55.918597,HIGH,1
TX05151,ACC486,ACC543,8570,2026-09-01 09:06:55.918597,MEDIUM,0
TX05152,ACC375,ACC550,19533,2026-09-01 09:05:55.918597,HIGH,1
TX05153,ACC866,ACC132,16861,2026-09-01 09:04:55.918597,HIGH,1
TX05154,ACC417,ACC546,17449,2026-09-01 09:03:55.918597,HIGH,0
TX05155,ACC886,ACC794,18148,2026-09-01 09:02:55.918597,HIGH,1
TX05156,ACC232,ACC387,395,2026-09-01 09:01:55.918597,LOW,0
TX05157,ACC972,ACC907,7991,2026-09-01 09:00:55.918597,LOW,0
TX05158,ACC920,ACC451,1339,2026-09-01 08:59:55.918597,LOW,0
TX05159,ACC198,ACC795,11951,2026-09-01 08:58:55.918597,MEDIUM,0
TX05160,ACC153,ACC982,15690,2026-09-01 08:57:55.918597,HIGH,0
TX05161,ACC747,ACC246,16964,2026-09-01 08:56:55.918597,HIGH,0
TX05162,ACC806,ACC956,13784,2026-09-01 08:55:55.918597,MEDIUM,0
TX05163,ACC127,ACC206,11687,2026-09-01 08:54:55.918597,MEDIUM,0
TX05164,ACC160,ACC610,2905,2026-09-01 08:53:55.918597,LOW,0
TX05165,ACC424,ACC166,15828,2026-09-01 08:52:55.918597,HIGH,1
TX05166,ACC246,ACC784,6390,2026-09-01 08:51:55.918597,LOW,0
TX05167,ACC617,ACC590,16095,2026-09-01 08:50:55.918597,HIGH,0
TX05168,ACC749,ACC781,4630,2026-09-01 08:49:55.918597,LOW,0
TX05169,ACC762,ACC994,11549,2026-09-01 08:48:55.918597,MEDIUM,0
TX05170,ACC960,ACC631,2156,2026-09-01 08:47:55.918597,LOW,0
TX05171,ACC598,ACC960,4485,2026-09-01 08:46:55.918597,LOW,0
TX05172,ACC244,ACC767,7123,2026-09-01 08:45:55.918597,LOW,0
TX05173,ACC435,ACC103,8729,2026-09-01 08:44:55.918597,MEDIUM,0
TX05174,ACC496,ACC380,17124,2026-09-01 08:43:55.918597,HIGH,1
TX05175,ACC485,ACC928,7093,2026-09-01 08:42:55.918597,LOW,0
TX05176,ACC419,ACC534,9885,2026-09-01 08:41:55.918597,MEDIUM,0
TX05177,ACC417,ACC147,6786,2026-09-01 08:40:55.918597,LOW,0
TX05178,ACC813,ACC708,14984,2026-09-01 08:39:55.918597,MEDIUM,0
TX05179,ACC330,ACC557,3649,2026-09-01 08:38:55.918597,LOW,0
TX05180,ACC286,ACC207,16276,2026-09-01 08:37:55.918597,HIGH,0
TX05181,ACC316,ACC698,18983,2026-09-01 08:36:55.918597,HIGH,0
TX05182,ACC676,ACC564,16226,2026-09-01 08:35:55.918597,HIGH,1
TX05183,ACC945,ACC426,638,2026-09-01 08:34:55.918597,LOW,0
TX05184,ACC947,ACC165,3887,2026-09-01 08:33:55.918597,LOW,0
TX05185,ACC986,ACC989,5855,2026-09-01 08:32:55.918597,LOW,0
TX05186,ACC761,ACC212,2626,2026-09-01 08:31:55.918597,LOW,0
TX05187,ACC497,ACC698,5310,2026-09-01 08:30:55.918597,LOW,0
TX05188,ACC627,ACC180,14635,2026-09-01 08:29:55.918597,MEDIUM,0
TX05189,ACC148,ACC296,205,2026-09-01 08:28:55.918597,LOW,0
TX05190,ACC518,ACC994,1703,2026-09-01 08:27:55.918597,LOW,0
TX05191,ACC851,ACC302,8206,2026-09-01 08:26:55.918597,MEDIUM,0
TX05192,ACC169,ACC110,4322,2026-09-01 08:25:55.918597,LOW,0
TX05193,ACC790,ACC982,18880,2026-09-01 08:24:55.918597,HIGH,0
TX05194,ACC198,ACC681,14558,2026-09-01 08:23:55.918597,MEDIUM,0
TX05195,ACC597,ACC218,19745,2026-09-01 08:22:55.918597,HIGH,0
TX05196,ACC796,ACC960,19309,2026-09-01 08:21:55.918597,HIGH,0
TX05197,ACC983,ACC412,11590,2026-09-01 08:20:55.918597,MEDIUM,0
TX05198,ACC830,ACC253,16881,2026-09-01 08:19:55.918597,HIGH,0
TX05199,ACC388,ACC169,18894,2026-09-01 08:18:55.918597,HIGH,1
TX05200,ACC129,ACC776,7971,2026-09-01 08:17:55.918597,LOW,0
TX05201,ACC944,ACC341,12994,2026-09-01 08:16:55.918597,MEDIUM,0
TX05202,ACC279,ACC199,1062,2026-09-01 08:15:55.918597,LOW,0
TX05203,ACC619,ACC528,4029,2026-09-01 08:14:55.918597,LOW,0
TX05204,ACC202,ACC672,3910,2026-09-01 08:13:55.918597,LOW,0
TX05205,ACC537,ACC368,972,2026-09-01 08:12:55.918597,LOW,0
TX05206,ACC238,ACC305,2079,2026-09-01 08:11:55.918597,LOW,0
TX05207,ACC271,ACC872,10840,2026-09-01 08:10:55.918597,MEDIUM,0
TX05208,ACC519,ACC382,2226,2026-09-01 08:09:55.918597,LOW,0
TX05209,ACC270,ACC305,16695,2026-09-01 08:08:55.918597,HIGH,1
TX05210,ACC403,ACC738,6377,2026-09-01 08:07:55.918597,LOW,0
TX05211,ACC947,ACC312,2504,2026-09-01 08:06:55.918597,LOW,0
TX05212,ACC816,ACC727,19583,2026-09-01 08:05:55.918597,HIGH,1
TX05213,ACC362,ACC684,12079,2026-09-01 08:04:55.918597,MEDIUM,0
TX05214,ACC657,ACC559,7123,2026-09-01 08:03:55.918597,LOW,0
TX05215,ACC693,ACC318,18864,2026-09-01 08:02:55.918597,HIGH,0
TX05216,ACC740,ACC633,16458,2026-09-01 08:01:55.918597,HIGH,0
TX05217,ACC755,ACC973,520,2026-09-01 08:00:55.918597,LOW,0
TX05218,ACC195,ACC191,2823,2026-09-01 07:59:55.918597,LOW,0
TX05219,ACC959,ACC281,14179,2026-09-01 07:58:55.918597,MEDIUM,0
TX05220,ACC147,ACC907,15439,2026-09-01 07:57:55.918597,HIGH,0
TX05221,ACC220,ACC356,4234,2026-09-01 07:56:55.918597,LOW,0
TX05222,ACC442,ACC256,10513,2026-09-01 07:55:55.918597,MEDIUM,0
TX05223,ACC145,ACC262,3722,2026-09-01 07:54:55.918597,LOW,0
TX05224,ACC146,ACC835,19176,2026-09-01 07:53:55.918597,HIGH,0
TX05225,ACC889,ACC276,3152,2026-09-01 07:52:55.918597,LOW,0
TX05226,ACC269,ACC904,12027,2026-09-01 07:51:55.918597,MEDIUM,0
TX05227,ACC121,ACC875,1127,2026-09-01 07:50:55.918597,LOW,0
TX05228,ACC950,ACC606,5429,2026-09-01 07:49:55.918597,LOW,0
TX05229,ACC350,ACC736,17367,2026-09-01 07:48:55.918597,HIGH,0
TX05230,ACC899,ACC918,3432,2026-09-01 07:47:55.918597,LOW,0
TX05231,ACC215,ACC726,681,2026-09-01 07:46:55.918597,LOW,0
TX05232,ACC105,ACC945,17257,2026-09-01 07:45:55.918597,HIGH,1
TX05233,ACC984,ACC474,4687,2026-09-01 07:44:55.918597,LOW,0
TX05234,ACC614,ACC794,6836,2026-09-01 07:43:55.918597,LOW,0
TX05235,ACC105,ACC222,12459,2026-09-01 07:42:55.918597,MEDIUM,0
TX05236,ACC787,ACC824,17610,2026-09-01 07:41:55.918597,HIGH,1
TX05237,ACC534,ACC462,12191,2026-09-01 07:40:55.918597,MEDIUM,0
TX05238,ACC733,ACC519,6077,2026-09-01 07:39:55.918597,LOW,0
TX05239,ACC759,ACC940,3243,2026-09-01 07:38:55.918597,LOW,0
TX05240,ACC413,ACC673,18738,2026-09-01 07:37:55.918597,HIGH,1
TX05241,ACC167,ACC384,17499,2026-09-01 07:36:55.918597,HIGH,1
TX05242,ACC470,ACC556,12784,2026-09-01 07:35:55.918597,MEDIUM,0
TX05243,ACC804,ACC159,9474,2026-09-01 07:34:55.918597,MEDIUM,0
TX05244,ACC112,ACC491,18640,2026-09-01 07:33:55.918597,HIGH,1
TX05245,ACC477,ACC909,15442,2026-09-01 07:32:55.918597,HIGH,1
TX05246,ACC887,ACC434,1739,2026-09-01 07:31:55.918597,LOW,0
TX05247,ACC160,ACC333,6099,2026-09-01 07:30:55.918597,LOW,0
TX05248,ACC921,ACC351,9428,2026-09-01 07:29:55.918597,MEDIUM,0
TX05249,ACC733,ACC963,16354,2026-09-01 07:28:55.918597,HIGH,0
TX05250,ACC383,ACC353,13815,2026-09-01 07:27:55.918597,MEDIUM,0
TX05251,ACC538,ACC160,13500,2026-09-01 07:26:55.918597,MEDIUM,0
TX05252,ACC144,ACC827,9614,2026-09-01 07:25:55.918597,MEDIUM,0
TX05253,ACC391,ACC446,16056,2026-09-01 07:24:55.918597,HIGH,1
TX05254,ACC591,ACC708,5190,2026-09-01 07:23:55.918597,LOW,0
TX05255,ACC613,ACC189,3714,2026-09-01 07:22:55.918597,LOW,0
TX05256,ACC939,ACC221,5205,2026-09-01 07:21:55.918597,LOW,0
TX05257,ACC292,ACC419,16202,2026-09-01 07:20:55.918597,HIGH,1
TX05258,ACC626,ACC845,16746,2026-09-01 07:19:55.918597,HIGH,1
TX05259,ACC748,ACC549,3651,2026-09-01 07:18:55.918597,LOW,0
TX05260,ACC895,ACC292,9119,2026-09-01 07:17:55.918597,MEDIUM,0
TX05261,ACC419,ACC363,6983,2026-09-01 07:16:55.918597,LOW,0
TX05262,ACC555,ACC289,17542,2026-09-01 07:15:55.918597,HIGH,0
TX05263,ACC963,ACC851,13593,2026-09-01 07:14:55.918597,MEDIUM,0
TX05264,ACC174,ACC970,6784,2026-09-01 07:13:55.918597,LOW,0
TX05265,ACC977,ACC540,19142,2026-09-01 07:12:55.918597,HIGH,0
TX05266,ACC214,ACC139,4462,2026-09-01 07:11:55.918597,LOW,0
TX05267,ACC390,ACC546,19197,2026-09-01 07:10:55.918597,HIGH,1
TX05268,ACC405,ACC911,15349,2026-09-01 07:09:55.918597,HIGH,1
TX05269,ACC798,ACC681,2694,2026-09-01 07:08:55.918597,LOW,0
TX05270,ACC625,ACC920,1458,2026-09-01 07:07:55.918597,LOW,0
TX05271,ACC166,ACC596,18846,2026-09-01 07:06:55.918597,HIGH,0
TX05272,ACC487,ACC412,16511,2026-09-01 07:05:55.918597,HIGH,1
TX05273,ACC545,ACC362,3242,2026-09-01 07:04:55.918597,LOW,0
TX05274,ACC990,ACC360,17357,2026-09-01 07:03:55.918597,HIGH,0
TX05275,ACC453,ACC548,4774,2026-09-01 07:02:55.918597,LOW,0
TX05276,ACC332,ACC694,12243,2026-09-01 07:01:55.918597,MEDIUM,0
TX05277,ACC836,ACC676,7556,2026-09-01 07:00:55.918597,LOW,0
TX05278,ACC558,ACC126,6129,2026-09-01 06:59:55.918597,LOW,0
TX05279,ACC699,ACC627,15240,2026-09-01 06:58:55.918597,HIGH,0
TX05280,ACC293,ACC375,15835,2026-09-01 06:57:55.918597,HIGH,1
TX05281,ACC527,ACC929,1217,2026-09-01 06:56:55.918597,LOW,0
TX05282,ACC856,ACC335,7564,2026-09-01 06:55:55.918597,LOW,0
TX05283,ACC511,ACC560,1715,2026-09-01 06:54:55.918597,LOW,0
TX05284,ACC840,ACC944,12496,2026-09-01 06:53:55.918597,MEDIUM,0
TX05285,ACC510,ACC694,19612,2026-09-01 06:52:55.918597,HIGH,1
TX05286,ACC583,ACC901,17308,2026-09-01 06:51:55.918597,HIGH,1
TX05287,ACC501,ACC301,9535,2026-09-01 06:50:55.918597,MEDIUM,0
TX05288,ACC112,ACC250,2365,2026-09-01 06:49:55.918597,LOW,0
TX05289,ACC547,ACC991,18281,2026-09-01 06:48:55.918597,HIGH,0
TX05290,ACC887,ACC868,5072,2026-09-01 06:47:55.918597,LOW,0
TX05291,ACC865,ACC455,1790,2026-09-01 06:46:55.918597,LOW,0
TX05292,ACC745,ACC446,13503,2026-09-01 06:45:55.918597,MEDIUM,0
TX05293,ACC329,ACC525,4002,2026-09-01 06:44:55.918597,LOW,0
TX05294,ACC980,ACC608,12044,2026-09-01 06:43:55.918597,MEDIUM,0
TX05295,ACC313,ACC872,1707,2026-09-01 06:42:55.918597,LOW,0
TX05296,ACC549,ACC925,11738,2026-09-01 06:41:55.918597,MEDIUM,0
TX05297,ACC845,ACC786,17387,2026-09-01 06:40:55.918597,HIGH,0
TX05298,ACC484,ACC380,11027,2026-09-01 06:39:55.918597,MEDIUM,0
TX05299,ACC936,ACC598,19601,2026-09-01 06:38:55.918597,HIGH,1
TX05300,ACC577,ACC131,1502,2026-09-01 06:37:55.918597,LOW,0
TX05301,ACC574,ACC450,2217,2026-09-01 06:36:55.918597,LOW,0
TX05302,ACC723,ACC940,5519,2026-09-01 06:35:55.918597,LOW,0
TX05303,ACC182,ACC240,14371,2026-09-01 06:34:55.918597,MEDIUM,0
TX05304,ACC514,ACC330,7463,2026-09-01 06:33:55.918597,LOW,0
TX05305,ACC633,ACC524,3433,2026-09-01 06:32:55.918597,LOW,0
TX05306,ACC639,ACC724,17106,2026-09-01 06:31:55.918597,HIGH,0
TX05307,ACC449,ACC939,13702,2026-09-01 06:30:55.918597,MEDIUM,0
TX05308,ACC855,ACC482,575,2026-09-01 06:29:55.918597,LOW,0
TX05309,ACC328,ACC686,15357,2026-09-01 06:28:55.918597,HIGH,1
TX05310,ACC388,ACC840,5955,2026-09-01 06:27:55.918597,LOW,0
TX05311,ACC151,ACC961,13385,2026-09-01 06:26:55.918597,MEDIUM,0
TX05312,ACC401,ACC102,14702,2026-09-01 06:25:55.918597,MEDIUM,0
TX05313,ACC487,ACC143,7353,2026-09-01 06:24:55.918597,LOW,0
TX05314,ACC621,ACC194,1452,2026-09-01 06:23:55.918597,LOW,0
TX05315,ACC890,ACC713,18572,2026-09-01 06:22:55.918597,HIGH,0
TX05316,ACC107,ACC735,5987,2026-09-01 06:21:55.918597,LOW,0
TX05317,ACC531,ACC431,360,2026-09-01 06:20:55.918597,LOW,0
TX05318,ACC310,ACC143,7497,2026-09-01 06:19:55.918597,LOW,0
TX05319,ACC333,ACC177,7973,2026-09-01 06:18:55.918597,LOW,0
TX05320,ACC295,ACC270,18588,2026-09-01 06:17:55.918597,HIGH,1
TX05321,ACC521,ACC877,19003,2026-09-01 06:16:55.918597,HIGH,1
TX05322,ACC940,ACC286,563,2026-09-01 06:15:55.918597,LOW,0
TX05323,ACC599,ACC820,9776,2026-09-01 06:14:55.918597,MEDIUM,0
TX05324,ACC899,ACC983,18186,2026-09-01 06:13:55.918597,HIGH,1
TX05325,ACC464,ACC155,15389,2026-09-01 06:12:55.918597,HIGH,1
TX05326,ACC217,ACC350,960,2026-09-01 06:11:55.918597,LOW,0
TX05327,ACC893,ACC192,16382,2026-09-01 06:10:55.918597,HIGH,0
TX05328,ACC227,ACC966,15630,2026-09-01 06:09:55.918597,HIGH,1
TX05329,ACC796,ACC721,19135,2026-09-01 06:08:55.918597,HIGH,0
TX05330,ACC593,ACC524,19958,2026-09-01 06:07:55.918597,HIGH,1
TX05331,ACC968,ACC429,7831,2026-09-01 06:06:55.918597,LOW,0
TX05332,ACC386,ACC830,17331,2026-09-01 06:05:55.918597,HIGH,0
TX05333,ACC628,ACC740,3733,2026-09-01 06:04:55.918597,LOW,0
TX05334,ACC568,ACC320,12528,2026-09-01 06:03:55.918597,MEDIUM,0
TX05335,ACC741,ACC740,5379,2026-09-01 06:02:55.918597,LOW,0
TX05336,ACC486,ACC349,13283,2026-09-01 06:01:55.918597,MEDIUM,0
TX05337,ACC655,ACC438,10086,2026-09-01 06:00:55.918597,MEDIUM,0
TX05338,ACC885,ACC115,4409,2026-09-01 05:59:55.918597,LOW,0
TX05339,ACC994,ACC640,3449,2026-09-01 05:58:55.918597,LOW,0
TX05340,ACC113,ACC535,12150,2026-09-01 05:57:55.918597,MEDIUM,0
TX05341,ACC802,ACC372,10380,2026-09-01 05:56:55.918597,MEDIUM,0
TX05342,ACC662,ACC465,1747,2026-09-01 05:55:55.918597,LOW,0
TX05343,ACC627,ACC344,1009,2026-09-01 05:54:55.918597,LOW,0
TX05344,ACC332,ACC792,18486,2026-09-01 05:53:55.918597,HIGH,0
TX05345,ACC629,ACC647,5340,2026-09-01 05:52:55.918597,LOW,0
TX05346,ACC215,ACC676,3993,2026-09-01 05:51:55.918597,LOW,0
TX05347,ACC417,ACC642,259,2026-09-01 05:50:55.918597,LOW,0
TX05348,ACC186,ACC209,11758,2026-09-01 05:49:55.918597,MEDIUM,0
TX05349,ACC362,ACC571,15115,2026-09-01 05:48:55.918597,HIGH,0
TX05350,ACC133,ACC972,2919,2026-09-01 05:47:55.918597,LOW,0
TX05351,ACC979,ACC920,13797,2026-09-01 05:46:55.918597,MEDIUM,0
TX05352,ACC745,ACC582,18063,2026-09-01 05:45:55.918597,HIGH,0
TX05353,ACC160,ACC292,3343,2026-09-01 05:44:55.918597,LOW,0
TX05354,ACC694,ACC267,15574,2026-09-01 05:43:55.918597,HIGH,1
TX05355,ACC319,ACC442,14090,2026-09-01 05:42:55.918597,MEDIUM,0
TX05356,ACC728,ACC846,2629,2026-09-01 05:41:55.918597,LOW,0
TX05357,ACC563,ACC826,19314,2026-09-01 05:40:55.918597,HIGH,0
TX05358,ACC983,ACC955,6568,2026-09-01 05:39:55.918597,LOW,0
TX05359,ACC677,ACC999,3743,2026-09-01 05:38:55.918597,LOW,0
TX05360,ACC174,ACC339,17350,2026-09-01 05:37:55.918597,HIGH,0
TX05361,ACC231,ACC691,8112,2026-09-01 05:36:55.918597,MEDIUM,0
TX05362,ACC362,ACC176,6186,2026-09-01 05:35:55.918597,LOW,0
TX05363,ACC728,ACC374,498,2026-09-01 05:34:55.918597,LOW,0
TX05364,ACC125,ACC514,6036,2026-09-01 05:33:55.918597,LOW,0
TX05365,ACC573,ACC683,2691,2026-09-01 05:32:55.918597,LOW,0
TX05366,ACC744,ACC500,11700,2026-09-01 05:31:55.918597,MEDIUM,0
TX05367,ACC898,ACC352,7677,2026-09-01 05:30:55.918597,LOW,0
TX05368,ACC530,ACC718,14450,2026-09-01 05:29:55.918597,MEDIUM,0
TX05369,ACC779,ACC185,16501,2026-09-01 05:28:55.918597,HIGH,0
TX05370,ACC939,ACC304,10899,2026-09-01 05:27:55.918597,MEDIUM,0
TX05371,ACC572,ACC781,9535,2026-09-01 05:26:55.918597,MEDIUM,0
TX05372,ACC836,ACC807,5564,2026-09-01 05:25:55.918597,LOW,0
TX05373,ACC333,ACC521,5775,2026-09-01 05:24:55.918597,LOW,0
TX05374,ACC247,ACC823,13529,2026-09-01 05:23:55.918597,MEDIUM,0
TX05375,ACC210,ACC602,19321,2026-09-01 05:22:55.918597,HIGH,0
TX05376,ACC720,ACC725,18306,2026-09-01 05:21:55.918597,HIGH,1
TX05377,ACC904,ACC728,686,2026-09-01 05:20:55.918597,LOW,0
TX05378,ACC107,ACC239,4661,2026-09-01 05:19:55.918597,LOW,0
TX05379,ACC651,ACC325,12868,2026-09-01 05:18:55.918597,MEDIUM,0
TX05380,ACC678,ACC484,5539,2026-09-01 05:17:55.918597,LOW,0
TX05381,ACC171,ACC381,12301,2026-09-01 05:16:55.918597,MEDIUM,0
TX05382,ACC102,ACC616,19050,2026-09-01 05:15:55.918597,HIGH,1
TX05383,ACC212,ACC630,16797,2026-09-01 05:14:55.918597,HIGH,1
TX05384,ACC338,ACC741,15046,2026-09-01 05:13:55.918597,HIGH,0
TX05385,ACC234,ACC245,6339,2026-09-01 05:12:55.918597,LOW,0
TX05386,ACC101,ACC768,9550,2026-09-01 05:11:55.918597,MEDIUM,0
TX05387,ACC225,ACC756,17638,2026-09-01 05:10:55.918597,HIGH,0
TX05388,ACC220,ACC308,17434,2026-09-01 05:09:55.918597,HIGH,0
TX05389,ACC744,ACC912,10131,2026-09-01 05:08:55.918597,MEDIUM,0
TX05390,ACC830,ACC795,7285,2026-09-01 05:07:55.918597,LOW,0
TX05391,ACC475,ACC384,9880,2026-09-01 05:06:55.918597,MEDIUM,0
TX05392,ACC562,ACC299,6690,2026-09-01 05:05:55.918597,LOW,0
TX05393,ACC377,ACC744,3831,2026-09-01 05:04:55.918597,LOW,0
TX05394,ACC514,ACC795,7315,2026-09-01 05:03:55.918597,LOW,0
TX05395,ACC864,ACC225,7383,2026-09-01 05:02:55.918597,LOW,0
TX05396,ACC604,ACC452,17670,2026-09-01 05:01:55.918597,HIGH,1
TX05397,ACC184,ACC400,7267,2026-09-01 05:00:55.918597,LOW,0
TX05398,ACC987,ACC519,2932,2026-09-01 04:59:55.918597,LOW,0
TX05399,ACC733,ACC756,7061,2026-09-01 04:58:55.918597,LOW,0
TX05400,ACC380,ACC327,7090,2026-09-01 04:57:55.918597,LOW,0
TX05401,ACC283,ACC638,9366,2026-09-01 04:56:55.918597,MEDIUM,0
TX05402,ACC360,ACC779,13149,2026-09-01 04:55:55.918597,MEDIUM,0
TX05403,ACC723,ACC726,13942,2026-09-01 04:54:55.918597,MEDIUM,0
TX05404,ACC657,ACC859,9864,2026-09-01 04:53:55.918597,MEDIUM,0
TX05405,ACC751,ACC765,2700,2026-09-01 04:52:55.918597,LOW,0
TX05406,ACC450,ACC709,18152,2026-09-01 04:51:55.918597,HIGH,0
TX05407,ACC978,ACC536,1687,2026-09-01 04:50:55.918597,LOW,0
TX05408,ACC529,ACC117,782,2026-09-01 04:49:55.918597,LOW,0
TX05409,ACC415,ACC875,9318,2026-09-01 04:48:55.918597,MEDIUM,0
TX05410,ACC244,ACC807,7648,2026-09-01 04:47:55.918597,LOW,0
TX05411,ACC469,ACC419,9145,2026-09-01 04:46:55.918597,MEDIUM,0
TX05412,ACC154,ACC308,19047,2026-09-01 04:45:55.918597,HIGH,1
TX05413,ACC889,ACC964,18573,2026-09-01 04:44:55.918597,HIGH,1
TX05414,ACC429,ACC689,15608,2026-09-01 04:43:55.918597,HIGH,0
TX05415,ACC554,ACC651,12348,2026-09-01 04:42:55.918597,MEDIUM,0
TX05416,ACC989,ACC838,7685,2026-09-01 04:41:55.918597,LOW,0
TX05417,ACC500,ACC837,2815,2026-09-01 04:40:55.918597,LOW,0
TX05418,ACC347,ACC950,12922,2026-09-01 04:39:55.918597,MEDIUM,0
TX05419,ACC357,ACC572,7414,2026-09-01 04:38:55.918597,LOW,0
TX05420,ACC949,ACC527,2808,2026-09-01 04:37:55.918597,LOW,0
TX05421,ACC907,ACC116,18672,2026-09-01 04:36:55.918597,HIGH,0
TX05422,ACC460,ACC153,7540,2026-09-01 04:35:55.918597,LOW,0
TX05423,ACC187,ACC533,10477,2026-09-01 04:34:55.918597,MEDIUM,0
TX05424,ACC988,ACC791,5184,2026-09-01 04:33:55.918597,LOW,0
TX05425,ACC476,ACC991,9337,2026-09-01 04:32:55.918597,MEDIUM,0
TX05426,ACC964,ACC214,13651,2026-09-01 04:31:55.918597,MEDIUM,0
TX05427,ACC768,ACC784,17119,2026-09-01 04:30:55.918597,HIGH,0
TX05428,ACC290,ACC183,14593,2026-09-01 04:29:55.918597,MEDIUM,0
TX05429,ACC280,ACC618,9322,2026-09-01 04:28:55.918597,MEDIUM,0
TX05430,ACC713,ACC927,12581,2026-09-01 04:27:55.918597,MEDIUM,0
TX05431,ACC894,ACC683,13661,2026-09-01 04:26:55.918597,MEDIUM,0
TX05432,ACC351,ACC541,14193,2026-09-01 04:25:55.918597,MEDIUM,0
TX05433,ACC299,ACC985,15049,2026-09-01 04:24:55.918597,HIGH,0
TX05434,ACC177,ACC636,17367,2026-09-01 04:23:55.918597,HIGH,1
TX05435,ACC163,ACC535,1166,2026-09-01 04:22:55.918597,LOW,0
TX05436,ACC122,ACC845,16695,2026-09-01 04:21:55.918597,HIGH,1
TX05437,ACC119,ACC171,2836,2026-09-01 04:20:55.918597,LOW,0
TX05438,ACC180,ACC678,9101,2026-09-01 04:19:55.918597,MEDIUM,0
TX05439,ACC733,ACC629,8120,2026-09-01 04:18:55.918597,MEDIUM,0
TX05440,ACC995,ACC753,11835,2026-09-01 04:17:55.918597,MEDIUM,0
TX05441,ACC590,ACC995,8185,2026-09-01 04:16:55.918597,MEDIUM,0
TX05442,ACC742,ACC548,9812,2026-09-01 04:15:55.918597,MEDIUM,0
TX05443,ACC301,ACC702,6798,2026-09-01 04:14:55.918597,LOW,0
TX05444,ACC309,ACC472,854,2026-09-01 04:13:55.918597,LOW,0
TX05445,ACC195,ACC386,17479,2026-09-01 04:12:55.918597,HIGH,0
TX05446,ACC767,ACC441,16292,2026-09-01 04:11:55.918597,HIGH,0
TX05447,ACC392,ACC356,5108,2026-09-01 04:10:55.918597,LOW,0
TX05448,ACC799,ACC910,16274,2026-09-01 04:09:55.918597,HIGH,1
TX05449,ACC771,ACC755,15573,2026-09-01 04:08:55.918597,HIGH,1
TX05450,ACC759,ACC390,11332,2026-09-01 04:07:55.918597,MEDIUM,0
TX05451,ACC195,ACC277,8495,2026-09-01 04:06:55.918597,MEDIUM,0
TX05452,ACC616,ACC175,13306,2026-09-01 04:05:55.918597,MEDIUM,0
TX05453,ACC543,ACC380,15699,2026-09-01 04:04:55.918597,HIGH,0
TX05454,ACC330,ACC166,8650,2026-09-01 04:03:55.918597,MEDIUM,0
TX05455,ACC178,ACC422,14387,2026-09-01 04:02:55.918597,MEDIUM,0
TX05456,ACC283,ACC156,13539,2026-09-01 04:01:55.918597,MEDIUM,0
TX05457,ACC813,ACC752,457,2026-09-01 04:00:55.918597,LOW,0
TX05458,ACC305,ACC238,9594,2026-09-01 03:59:55.918597,MEDIUM,0
TX05459,ACC340,ACC505,7862,2026-09-01 03:58:55.918597,LOW,0
TX05460,ACC426,ACC273,15067,2026-09-01 03:57:55.918597,HIGH,1
TX05461,ACC390,ACC943,10006,2026-09-01 03:56:55.918597,MEDIUM,0
TX05462,ACC246,ACC909,15194,2026-09-01 03:55:55.918597,HIGH,0
TX05463,ACC254,ACC469,14010,2026-09-01 03:54:55.918597,MEDIUM,0
TX05464,ACC568,ACC388,15751,2026-09-01 03:53:55.918597,HIGH,1
TX05465,ACC250,ACC606,10640,2026-09-01 03:52:55.918597,MEDIUM,0
TX05466,ACC598,ACC979,16577,2026-09-01 03:51:55.918597,HIGH,0
TX05467,ACC378,ACC136,2425,2026-09-01 03:50:55.918597,LOW,0
TX05468,ACC961,ACC114,19948,2026-09-01 03:49:55.918597,HIGH,0
TX05469,ACC949,ACC235,6321,2026-09-01 03:48:55.918597,LOW,0
TX05470,ACC624,ACC193,2751,2026-09-01 03:47:55.918597,LOW,0
TX05471,ACC792,ACC719,16864,2026-09-01 03:46:55.918597,HIGH,0
TX05472,ACC885,ACC106,5487,2026-09-01 03:45:55.918597,LOW,0
TX05473,ACC532,ACC684,2164,2026-09-01 03:44:55.918597,LOW,0
TX05474,ACC638,ACC894,4746,2026-09-01 03:43:55.918597,LOW,0
TX05475,ACC309,ACC142,15397,2026-09-01 03:42:55.918597,HIGH,1
TX05476,ACC157,ACC875,16574,2026-09-01 03:41:55.918597,HIGH,0
TX05477,ACC817,ACC483,18120,2026-09-01 03:40:55.918597,HIGH,0
TX05478,ACC448,ACC885,1518,2026-09-01 03:39:55.918597,LOW,0
TX05479,ACC234,ACC806,4929,2026-09-01 03:38:55.918597,LOW,0
TX05480,ACC318,ACC682,10119,2026-09-01 03:37:55.918597,MEDIUM,0
TX05481,ACC943,ACC734,3557,2026-09-01 03:36:55.918597,LOW,0
TX05482,ACC850,ACC983,5724,2026-09-01 03:35:55.918597,LOW,0
TX05483,ACC816,ACC710,1943,2026-09-01 03:34:55.918597,LOW,0
TX05484,ACC392,ACC577,14436,2026-09-01 03:33:55.918597,MEDIUM,0
TX05485,ACC457,ACC926,19679,2026-09-01 03:32:55.918597,HIGH,1
TX05486,ACC431,ACC908,6950,2026-09-01 03:31:55.918597,LOW,0
TX05487,ACC347,ACC409,1103,2026-09-01 03:30:55.918597,LOW,0
TX05488,ACC768,ACC201,14651,2026-09-01 03:29:55.918597,MEDIUM,0
TX05489,ACC471,ACC554,16124,2026-09-01 03:28:55.918597,HIGH,0
TX05490,ACC790,ACC223,9962,2026-09-01 03:27:55.918597,MEDIUM,0
TX05491,ACC142,ACC906,4730,2026-09-01 03:26:55.918597,LOW,0
TX05492,ACC976,ACC346,18854,2026-09-01 03:25:55.918597,HIGH,1
TX05493,ACC226,ACC439,2903,2026-09-01 03:24:55.918597,LOW,0
TX05494,ACC677,ACC204,8788,2026-09-01 03:23:55.918597,MEDIUM,0
TX05495,ACC412,ACC693,19599,2026-09-01 03:22:55.920617,HIGH,0
TX05496,ACC746,ACC375,15551,2026-09-01 03:21:55.920617,HIGH,0
TX05497,ACC353,ACC673,16892,2026-09-01 03:20:55.920617,HIGH,0
TX05498,ACC350,ACC173,16580,2026-09-01 03:19:55.920617,HIGH,0
TX05499,ACC527,ACC745,17587,2026-09-01 03:18:55.920617,HIGH,0
TX05500,ACC871,ACC627,18556,2026-09-01 03:17:55.920617,HIGH,0
TX05501,ACC378,ACC619,5184,2026-09-01 03:16:55.920617,LOW,0
TX05502,ACC899,ACC591,13764,2026-09-01 03:15:55.920617,MEDIUM,0
TX05503,ACC582,ACC856,14414,2026-09-01 03:14:55.920617,MEDIUM,0
TX05504,ACC200,ACC936,4430,2026-09-01 03:13:55.920617,LOW,0
TX05505,ACC655,ACC687,10986,2026-09-01 03:12:55.920617,MEDIUM,0
TX05506,ACC986,ACC208,9188,2026-09-01 03:11:55.920617,MEDIUM,0
TX05507,ACC886,ACC192,3643,2026-09-01 03:10:55.920617,LOW,0
TX05508,ACC716,ACC764,11059,2026-09-01 03:09:55.920617,MEDIUM,0
TX05509,ACC142,ACC742,3943,2026-09-01 03:08:55.920617,LOW,0
TX05510,ACC916,ACC744,262,2026-09-01 03:07:55.920617,LOW,0
TX05511,ACC643,ACC480,8247,2026-09-01 03:06:55.920617,MEDIUM,0
TX05512,ACC721,ACC898,6361,2026-09-01 03:05:55.920617,LOW,0
TX05513,ACC817,ACC966,5724,2026-09-01 03:04:55.920617,LOW,0
TX05514,ACC290,ACC133,705,2026-09-01 03:03:55.920617,LOW,0
TX05515,ACC226,ACC338,16995,2026-09-01 03:02:55.920617,HIGH,0
TX05516,ACC173,ACC417,19844,2026-09-01 03:01:55.920617,HIGH,1
TX05517,ACC612,ACC469,15042,2026-09-01 03:00:55.920617,HIGH,0
TX05518,ACC299,ACC901,9187,2026-09-01 02:59:55.920617,MEDIUM,0
TX05519,ACC642,ACC528,2374,2026-09-01 02:58:55.920617,LOW,0
TX05520,ACC803,ACC921,1653,2026-09-01 02:57:55.920617,LOW,0
TX05521,ACC883,ACC660,10762,2026-09-01 02:56:55.920617,MEDIUM,0
TX05522,ACC583,ACC266,10787,2026-09-01 02:55:55.920617,MEDIUM,0
TX05523,ACC587,ACC215,13447,2026-09-01 02:54:55.920617,MEDIUM,0
TX05524,ACC897,ACC652,6378,2026-09-01 02:53:55.920617,LOW,0
TX05525,ACC972,ACC597,1453,2026-09-01 02:52:55.920617,LOW,0
TX05526,ACC269,ACC975,19797,2026-09-01 02:51:55.920617,HIGH,0
TX05527,ACC383,ACC156,14105,2026-09-01 02:50:55.920617,MEDIUM,0
TX05528,ACC867,ACC473,5306,2026-09-01 02:49:55.920617,LOW,0
TX05529,ACC653,ACC857,12887,2026-09-01 02:48:55.920617,MEDIUM,0
TX05530,ACC438,ACC911,12036,2026-09-01 02:47:55.920617,MEDIUM,0
TX05531,ACC976,ACC843,6943,2026-09-01 02:46:55.920617,LOW,0
TX05532,ACC177,ACC653,12855,2026-09-01 02:45:55.920617,MEDIUM,0
TX05533,ACC358,ACC406,10019,2026-09-01 02:44:55.920617,MEDIUM,0
TX05534,ACC386,ACC839,1326,2026-09-01 02:43:55.920617,LOW,0
TX05535,ACC332,ACC549,13244,2026-09-01 02:42:55.920617,MEDIUM,0
TX05536,ACC117,ACC619,173,2026-09-01 02:41:55.920617,LOW,0
TX05537,ACC346,ACC584,11221,2026-09-01 02:40:55.920617,MEDIUM,0
TX05538,ACC597,ACC124,10143,2026-09-01 02:39:55.920617,MEDIUM,0
TX05539,ACC652,ACC714,19652,2026-09-01 02:38:55.920617,HIGH,1
TX05540,ACC580,ACC267,8355,2026-09-01 02:37:55.920617,MEDIUM,0
TX05541,ACC630,ACC178,14753,2026-09-01 02:36:55.920617,MEDIUM,0
TX05542,ACC710,ACC783,8159,2026-09-01 02:35:55.920617,MEDIUM,0
TX05543,ACC488,ACC630,14880,2026-09-01 02:34:55.920617,MEDIUM,0
TX05544,ACC998,ACC824,11267,2026-09-01 02:33:55.920617,MEDIUM,0
TX05545,ACC586,ACC863,17982,2026-09-01 02:32:55.920617,HIGH,1
TX05546,ACC238,ACC409,7189,2026-09-01 02:31:55.920617,LOW,0
TX05547,ACC465,ACC693,6623,2026-09-01 02:30:55.920617,LOW,0
TX05548,ACC642,ACC921,4190,2026-09-01 02:29:55.920617,LOW,0
TX05549,ACC745,ACC484,12415,2026-09-01 02:28:55.920617,MEDIUM,0
TX05550,ACC573,ACC917,4462,2026-09-01 02:27:55.920617,LOW,0
TX05551,ACC858,ACC161,1432,2026-09-01 02:26:55.920617,LOW,0
TX05552,ACC988,ACC763,19007,2026-09-01 02:25:55.920617,HIGH,0
TX05553,ACC927,ACC322,17901,2026-09-01 02:24:55.920617,HIGH,0
TX05554,ACC589,ACC708,12662,2026-09-01 02:23:55.920617,MEDIUM,0
TX05555,ACC998,ACC418,18446,2026-09-01 02:22:55.920617,HIGH,1
TX05556,ACC703,ACC565,18139,2026-09-01 02:21:55.920617,HIGH,0
TX05557,ACC316,ACC985,7951,2026-09-01 02:20:55.920617,LOW,0
TX05558,ACC273,ACC463,11159,2026-09-01 02:19:55.920617,MEDIUM,0
TX05559,ACC688,ACC258,2447,2026-09-01 02:18:55.920617,LOW,0
TX05560,ACC515,ACC655,11152,2026-09-01 02:17:55.920617,MEDIUM,0
TX05561,ACC916,ACC248,14073,2026-09-01 02:16:55.920617,MEDIUM,0
TX05562,ACC828,ACC770,4795,2026-09-01 02:15:55.920617,LOW,0
TX05563,ACC160,ACC163,19763,2026-09-01 02:14:55.920617,HIGH,0
TX05564,ACC465,ACC789,18634,2026-09-01 02:13:55.920617,HIGH,1
TX05565,ACC499,ACC316,16252,2026-09-01 02:12:55.920617,HIGH,1
TX05566,ACC807,ACC229,11688,2026-09-01 02:11:55.920617,MEDIUM,0
TX05567,ACC631,ACC200,19408,2026-09-01 02:10:55.920617,HIGH,1
TX05568,ACC886,ACC142,841,2026-09-01 02:09:55.920617,LOW,0
TX05569,ACC275,ACC645,3924,2026-09-01 02:08:55.920617,LOW,0
TX05570,ACC740,ACC399,16645,2026-09-01 02:07:55.920617,HIGH,0
TX05571,ACC815,ACC901,16213,2026-09-01 02:06:55.920617,HIGH,1
TX05572,ACC165,ACC420,16181,2026-09-01 02:05:55.920617,HIGH,1
TX05573,ACC534,ACC383,2381,2026-09-01 02:04:55.920617,LOW,0
TX05574,ACC492,ACC910,10128,2026-09-01 02:03:55.920617,MEDIUM,0
TX05575,ACC779,ACC413,17327,2026-09-01 02:02:55.920617,HIGH,0
TX05576,ACC767,ACC286,10543,2026-09-01 02:01:55.920617,MEDIUM,0
TX05577,ACC385,ACC598,5959,2026-09-01 02:00:55.920617,LOW,0
TX05578,ACC365,ACC369,880,2026-09-01 01:59:55.920617,LOW,0
TX05579,ACC276,ACC351,16868,2026-09-01 01:58:55.920617,HIGH,0
TX05580,ACC153,ACC318,12482,2026-09-01 01:57:55.920617,MEDIUM,0
TX05581,ACC616,ACC588,2151,2026-09-01 01:56:55.920617,LOW,0
TX05582,ACC788,ACC542,1014,2026-09-01 01:55:55.920617,LOW,0
TX05583,ACC946,ACC515,7101,2026-09-01 01:54:55.920617,LOW,0
TX05584,ACC173,ACC268,6719,2026-09-01 01:53:55.920617,LOW,0
TX05585,ACC667,ACC209,16299,2026-09-01 01:52:55.920617,HIGH,1
TX05586,ACC591,ACC850,4493,2026-09-01 01:51:55.920617,LOW,0
TX05587,ACC304,ACC521,13790,2026-09-01 01:50:55.920617,MEDIUM,0
TX05588,ACC822,ACC366,17653,2026-09-01 01:49:55.920617,HIGH,1
TX05589,ACC574,ACC524,14951,2026-09-01 01:48:55.920617,MEDIUM,0
TX05590,ACC455,ACC151,15917,2026-09-01 01:47:55.920617,HIGH,0
TX05591,ACC617,ACC883,19255,2026-09-01 01:46:55.920617,HIGH,1
TX05592,ACC842,ACC278,586,2026-09-01 01:45:55.920617,LOW,0
TX05593,ACC371,ACC222,5618,2026-09-01 01:44:55.920617,LOW,0
TX05594,ACC203,ACC736,852,2026-09-01 01:43:55.920617,LOW,0
TX05595,ACC397,ACC921,10261,2026-09-01 01:42:55.920617,MEDIUM,0
TX05596,ACC506,ACC479,6723,2026-09-01 01:41:55.920617,LOW,0
TX05597,ACC557,ACC875,651,2026-09-01 01:40:55.920617,LOW,0
TX05598,ACC752,ACC493,9885,2026-09-01 01:39:55.920617,MEDIUM,0
TX05599,ACC761,ACC787,16483,2026-09-01 01:38:55.920617,HIGH,1
TX05600,ACC301,ACC870,15881,2026-09-01 01:37:55.920617,HIGH,0
TX05601,ACC616,ACC271,18011,2026-09-01 01:36:55.920617,HIGH,1
TX05602,ACC202,ACC638,17727,2026-09-01 01:35:55.920617,HIGH,0
TX05603,ACC742,ACC994,11061,2026-09-01 01:34:55.920617,MEDIUM,0
TX05604,ACC443,ACC395,8388,2026-09-01 01:33:55.920617,MEDIUM,0
TX05605,ACC469,ACC428,17000,2026-09-01 01:32:55.920617,HIGH,1
TX05606,ACC490,ACC507,9747,2026-09-01 01:31:55.920617,MEDIUM,0
TX05607,ACC103,ACC804,17922,2026-09-01 01:30:55.920617,HIGH,1
TX05608,ACC339,ACC349,12309,2026-09-01 01:29:55.920617,MEDIUM,0
TX05609,ACC908,ACC317,11928,2026-09-01 01:28:55.920617,MEDIUM,0
TX05610,ACC206,ACC495,6038,2026-09-01 01:27:55.920617,LOW,0
TX05611,ACC497,ACC999,11258,2026-09-01 01:26:55.920617,MEDIUM,0
TX05612,ACC437,ACC304,2595,2026-09-01 01:25:55.920617,LOW,0
TX05613,ACC232,ACC739,17658,2026-09-01 01:24:55.920617,HIGH,0
TX05614,ACC895,ACC618,19887,2026-09-01 01:23:55.920617,HIGH,0
TX05615,ACC743,ACC142,15364,2026-09-01 01:22:55.920617,HIGH,0
TX05616,ACC351,ACC576,2248,2026-09-01 01:21:55.920617,LOW,0
TX05617,ACC268,ACC192,7337,2026-09-01 01:20:55.920617,LOW,0
TX05618,ACC654,ACC224,12953,2026-09-01 01:19:55.920617,MEDIUM,0
TX05619,ACC398,ACC882,4036,2026-09-01 01:18:55.920617,LOW,0
TX05620,ACC308,ACC131,11515,2026-09-01 01:17:55.920617,MEDIUM,0
TX05621,ACC403,ACC799,18013,2026-09-01 01:16:55.920617,HIGH,1
TX05622,ACC471,ACC349,5973,2026-09-01 01:15:55.920617,LOW,0
TX05623,ACC980,ACC955,18359,2026-09-01 01:14:55.920617,HIGH,1
TX05624,ACC143,ACC572,19373,2026-09-01 01:13:55.920617,HIGH,1
TX05625,ACC259,ACC986,14920,2026-09-01 01:12:55.920617,MEDIUM,0
TX05626,ACC451,ACC497,17547,2026-09-01 01:11:55.920617,HIGH,0
TX05627,ACC604,ACC277,7342,2026-09-01 01:10:55.920617,LOW,0
TX05628,ACC215,ACC257,2202,2026-09-01 01:09:55.920617,LOW,0
TX05629,ACC229,ACC105,10730,2026-09-01 01:08:55.920617,MEDIUM,0
TX05630,ACC478,ACC945,14387,2026-09-01 01:07:55.920617,MEDIUM,0
TX05631,ACC427,ACC211,9955,2026-09-01 01:06:55.920617,MEDIUM,0
TX05632,ACC381,ACC149,783,2026-09-01 01:05:55.920617,LOW,0
TX05633,ACC764,ACC527,9846,2026-09-01 01:04:55.920617,MEDIUM,0
TX05634,ACC516,ACC925,14792,2026-09-01 01:03:55.920617,MEDIUM,0
TX05635,ACC601,ACC675,13465,2026-09-01 01:02:55.920617,MEDIUM,0
TX05636,ACC592,ACC469,17480,2026-09-01 01:01:55.920617,HIGH,0
TX05637,ACC511,ACC833,18035,2026-09-01 01:00:55.920617,HIGH,1
TX05638,ACC645,ACC983,14882,2026-09-01 00:59:55.920617,MEDIUM,0
TX05639,ACC433,ACC752,13055,2026-09-01 00:58:55.920617,MEDIUM,0
TX05640,ACC425,ACC765,17812,2026-09-01 00:57:55.920617,HIGH,0
TX05641,ACC482,ACC500,19855,2026-09-01 00:56:55.920617,HIGH,1
TX05642,ACC571,ACC800,17500,2026-09-01 00:55:55.920617,HIGH,1
TX05643,ACC210,ACC522,13578,2026-09-01 00:54:55.920617,MEDIUM,0
TX05644,ACC191,ACC798,12973,2026-09-01 00:53:55.920617,MEDIUM,0
TX05645,ACC585,ACC842,4646,2026-09-01 00:52:55.920617,LOW,0
TX05646,ACC565,ACC818,10906,2026-09-01 00:51:55.920617,MEDIUM,0
TX05647,ACC853,ACC971,16048,2026-09-01 00:50:55.920617,HIGH,0
TX05648,ACC209,ACC472,16754,2026-09-01 00:49:55.920617,HIGH,1
TX05649,ACC731,ACC351,15652,2026-09-01 00:48:55.920617,HIGH,0
TX05650,ACC374,ACC302,14795,2026-09-01 00:47:55.920617,MEDIUM,0
TX05651,ACC345,ACC372,12986,2026-09-01 00:46:55.920617,MEDIUM,0
TX05652,ACC539,ACC566,10312,2026-09-01 00:45:55.920617,MEDIUM,0
TX05653,ACC457,ACC962,16982,2026-09-01 00:44:55.920617,HIGH,0
TX05654,ACC342,ACC676,19236,2026-09-01 00:43:55.920617,HIGH,0
TX05655,ACC987,ACC860,16544,2026-09-01 00:42:55.920617,HIGH,0
TX05656,ACC598,ACC181,1361,2026-09-01 00:41:55.920617,LOW,0
TX05657,ACC826,ACC564,2729,2026-09-01 00:40:55.920617,LOW,0
TX05658,ACC809,ACC673,6810,2026-09-01 00:39:55.920617,LOW,0
TX05659,ACC628,ACC439,13836,2026-09-01 00:38:55.920617,MEDIUM,0
TX05660,ACC421,ACC506,12889,2026-09-01 00:37:55.920617,MEDIUM,0
TX05661,ACC876,ACC159,15340,2026-09-01 00:36:55.920617,HIGH,0
TX05662,ACC576,ACC302,10256,2026-09-01 00:35:55.920617,MEDIUM,0
TX05663,ACC341,ACC912,18908,2026-09-01 00:34:55.920617,HIGH,1
TX05664,ACC231,ACC998,12426,2026-09-01 00:33:55.920617,MEDIUM,0
TX05665,ACC970,ACC660,12863,2026-09-01 00:32:55.920617,MEDIUM,0
TX05666,ACC128,ACC956,4237,2026-09-01 00:31:55.920617,LOW,0
TX05667,ACC355,ACC172,9768,2026-09-01 00:30:55.920617,MEDIUM,0
TX05668,ACC935,ACC317,1240,2026-09-01 00:29:55.920617,LOW,0
TX05669,ACC640,ACC416,18369,2026-09-01 00:28:55.920617,HIGH,1
TX05670,ACC588,ACC515,17894,2026-09-01 00:27:55.920617,HIGH,1
TX05671,ACC947,ACC871,17020,2026-09-01 00:26:55.920617,HIGH,1
TX05672,ACC138,ACC982,9490,2026-09-01 00:25:55.920617,MEDIUM,0
TX05673,ACC783,ACC425,12267,2026-09-01 00:24:55.920617,MEDIUM,0
TX05674,ACC153,ACC887,14710,2026-09-01 00:23:55.920617,MEDIUM,0
TX05675,ACC192,ACC731,247,2026-09-01 00:22:55.920617,LOW,0
TX05676,ACC187,ACC904,7137,2026-09-01 00:21:55.920617,LOW,0
TX05677,ACC570,ACC297,4355,2026-09-01 00:20:55.920617,LOW,0
TX05678,ACC343,ACC561,10255,2026-09-01 00:19:55.920617,MEDIUM,0
TX05679,ACC483,ACC446,19915,2026-09-01 00:18:55.920617,HIGH,0
TX05680,ACC617,ACC646,1560,2026-09-01 00:17:55.920617,LOW,0
TX05681,ACC237,ACC236,3517,2026-09-01 00:16:55.920617,LOW,0
TX05682,ACC572,ACC832,18038,2026-09-01 00:15:55.920617,HIGH,1
TX05683,ACC394,ACC763,3644,2026-09-01 00:14:55.920617,LOW,0
TX05684,ACC729,ACC387,4888,2026-09-01 00:13:55.920617,LOW,0
TX05685,ACC827,ACC796,11457,2026-09-01 00:12:55.920617,MEDIUM,0
TX05686,ACC652,ACC222,2054,2026-09-01 00:11:55.920617,LOW,0
TX05687,ACC892,ACC481,13113,2026-09-01 00:10:55.920617,MEDIUM,0
TX05688,ACC124,ACC436,2107,2026-09-01 00:09:55.920617,LOW,0
TX05689,ACC741,ACC277,9952,2026-09-01 00:08:55.920617,MEDIUM,0
TX05690,ACC881,ACC168,19171,2026-09-01 00:07:55.920617,HIGH,0
TX05691,ACC111,ACC920,202,2026-09-01 00:06:55.920617,LOW,0
TX05692,ACC731,ACC442,14197,2026-09-01 00:05:55.920617,MEDIUM,0
TX05693,ACC147,ACC767,10936,2026-09-01 00:04:55.920617,MEDIUM,0
TX05694,ACC154,ACC531,11659,2026-09-01 00:03:55.920617,MEDIUM,0
TX05695,ACC575,ACC629,7615,2026-09-01 00:02:55.920617,LOW,0
TX05696,ACC135,ACC721,12738,2026-09-01 00:01:55.920617,MEDIUM,0
TX05697,ACC574,ACC909,10233,2026-09-01 00:00:55.920617,MEDIUM,0
TX05698,ACC472,ACC803,8966,2026-08-31 23:59:55.920617,MEDIUM,0
TX05699,ACC369,ACC989,17271,2026-08-31 23:58:55.920617,HIGH,0
TX05700,ACC807,ACC738,8181,2026-08-31 23:57:55.920617,MEDIUM,0
TX05701,ACC172,ACC323,10262,2026-08-31 23:56:55.920617,MEDIUM,0
TX05702,ACC301,ACC640,4725,2026-08-31 23:55:55.920617,LOW,0
TX05703,ACC628,ACC675,6220,2026-08-31 23:54:55.920617,LOW,0
TX05704,ACC658,ACC334,9461,2026-08-31 23:53:55.920617,MEDIUM,0
TX05705,ACC474,ACC607,5529,2026-08-31 23:52:55.920617,LOW,0
TX05706,ACC770,ACC778,161,2026-08-31 23:51:55.920617,LOW,0
TX05707,ACC862,ACC242,10212,2026-08-31 23:50:55.920617,MEDIUM,0
TX05708,ACC205,ACC313,6510,2026-08-31 23:49:55.920617,LOW,0
TX05709,ACC942,ACC985,842,2026-08-31 23:48:55.920617,LOW,0
TX05710,ACC133,ACC712,4063,2026-08-31 23:47:55.920617,LOW,0
TX05711,ACC697,ACC878,15780,2026-08-31 23:46:55.920617,HIGH,1
TX05712,ACC591,ACC329,7542,2026-08-31 23:45:55.920617,LOW,0
TX05713,ACC700,ACC892,7447,2026-08-31 23:44:55.920617,LOW,0
TX05714,ACC980,ACC713,5981,2026-08-31 23:43:55.920617,LOW,0
TX05715,ACC803,ACC436,4312,2026-08-31 23:42:55.920617,LOW,0
TX05716,ACC378,ACC703,5890,2026-08-31 23:41:55.920617,LOW,0
TX05717,ACC139,ACC560,3476,2026-08-31 23:40:55.920617,LOW,0
TX05718,ACC605,ACC446,4680,2026-08-31 23:39:55.920617,LOW,0
TX05719,ACC625,ACC931,8380,2026-08-31 23:38:55.920617,MEDIUM,0
TX05720,ACC172,ACC217,15589,2026-08-31 23:37:55.920617,HIGH,1
TX05721,ACC914,ACC969,110,2026-08-31 23:36:55.920617,LOW,0
TX05722,ACC801,ACC172,11975,2026-08-31 23:35:55.920617,MEDIUM,0
TX05723,ACC922,ACC191,18115,2026-08-31 23:34:55.920617,HIGH,1
TX05724,ACC218,ACC764,11875,2026-08-31 23:33:55.920617,MEDIUM,0
TX05725,ACC654,ACC996,19629,2026-08-31 23:32:55.920617,HIGH,0
TX05726,ACC677,ACC433,6205,2026-08-31 23:31:55.920617,LOW,0
TX05727,ACC464,ACC568,14935,2026-08-31 23:30:55.920617,MEDIUM,0
TX05728,ACC129,ACC848,188,2026-08-31 23:29:55.920617,LOW,0
TX05729,ACC384,ACC282,3405,2026-08-31 23:28:55.920617,LOW,0
TX05730,ACC559,ACC405,11153,2026-08-31 23:27:55.920617,MEDIUM,0
TX05731,ACC535,ACC928,8323,2026-08-31 23:26:55.920617,MEDIUM,0
TX05732,ACC118,ACC519,15153,2026-08-31 23:25:55.920617,HIGH,0
TX05733,ACC553,ACC883,4780,2026-08-31 23:24:55.920617,LOW,0
TX05734,ACC341,ACC822,2067,2026-08-31 23:23:55.920617,LOW,0
TX05735,ACC958,ACC694,14694,2026-08-31 23:22:55.920617,MEDIUM,0
TX05736,ACC944,ACC844,16415,2026-08-31 23:21:55.920617,HIGH,1
TX05737,ACC655,ACC784,11899,2026-08-31 23:20:55.920617,MEDIUM,0
TX05738,ACC299,ACC221,10236,2026-08-31 23:19:55.920617,MEDIUM,0
TX05739,ACC314,ACC829,8361,2026-08-31 23:18:55.920617,MEDIUM,0
TX05740,ACC910,ACC624,10740,2026-08-31 23:17:55.920617,MEDIUM,0
TX05741,ACC152,ACC883,19737,2026-08-31 23:16:55.920617,HIGH,0
TX05742,ACC860,ACC334,7428,2026-08-31 23:15:55.920617,LOW,0
TX05743,ACC243,ACC716,17896,2026-08-31 23:14:55.920617,HIGH,1
TX05744,ACC131,ACC920,6383,2026-08-31 23:13:55.920617,LOW,0
TX05745,ACC496,ACC600,11366,2026-08-31 23:12:55.920617,MEDIUM,0
TX05746,ACC739,ACC227,6675,2026-08-31 23:11:55.920617,LOW,0
TX05747,ACC634,ACC340,16413,2026-08-31 23:10:55.920617,HIGH,1
TX05748,ACC797,ACC576,7951,2026-08-31 23:09:55.920617,LOW,0
TX05749,ACC895,ACC418,3159,2026-08-31 23:08:55.920617,LOW,0
TX05750,ACC646,ACC711,19339,2026-08-31 23:07:55.920617,HIGH,1
TX05751,ACC179,ACC139,9179,2026-08-31 23:06:55.920617,MEDIUM,0
TX05752,ACC540,ACC101,4921,2026-08-31 23:05:55.920617,LOW,0
TX05753,ACC652,ACC758,6484,2026-08-31 23:04:55.920617,LOW,0
TX05754,ACC207,ACC178,4111,2026-08-31 23:03:55.920617,LOW,0
TX05755,ACC419,ACC996,7788,2026-08-31 23:02:55.920617,LOW,0
TX05756,ACC478,ACC395,3487,2026-08-31 23:01:55.920617,LOW,0
TX05757,ACC868,ACC614,14710,2026-08-31 23:00:55.920617,MEDIUM,0
TX05758,ACC688,ACC258,17735,2026-08-31 22:59:55.920617,HIGH,1
TX05759,ACC210,ACC812,15144,2026-08-31 22:58:55.920617,HIGH,1
TX05760,ACC917,ACC141,15448,2026-08-31 22:57:55.920617,HIGH,1
TX05761,ACC833,ACC226,7109,2026-08-31 22:56:55.920617,LOW,0
TX05762,ACC924,ACC475,1102,2026-08-31 22:55:55.920617,LOW,0
TX05763,ACC206,ACC775,19770,2026-08-31 22:54:55.920617,HIGH,1
TX05764,ACC111,ACC503,9147,2026-08-31 22:53:55.920617,MEDIUM,0
TX05765,ACC537,ACC847,3942,2026-08-31 22:52:55.920617,LOW,0
TX05766,ACC705,ACC448,16817,2026-08-31 22:51:55.920617,HIGH,1
TX05767,ACC139,ACC387,6372,2026-08-31 22:50:55.920617,LOW,0
TX05768,ACC636,ACC505,11050,2026-08-31 22:49:55.920617,MEDIUM,0
TX05769,ACC869,ACC773,11577,2026-08-31 22:48:55.920617,MEDIUM,0
TX05770,ACC671,ACC972,2594,2026-08-31 22:47:55.920617,LOW,0
TX05771,ACC432,ACC353,6569,2026-08-31 22:46:55.920617,LOW,0
TX05772,ACC194,ACC743,19547,2026-08-31 22:45:55.920617,HIGH,0
TX05773,ACC392,ACC727,11492,2026-08-31 22:44:55.920617,MEDIUM,0
TX05774,ACC311,ACC637,18495,2026-08-31 22:43:55.920617,HIGH,1
TX05775,ACC165,ACC185,18425,2026-08-31 22:42:55.920617,HIGH,1
TX05776,ACC852,ACC119,1269,2026-08-31 22:41:55.920617,LOW,0
TX05777,ACC711,ACC401,9601,2026-08-31 22:40:55.920617,MEDIUM,0
TX05778,ACC240,ACC304,16803,2026-08-31 22:39:55.920617,HIGH,1
TX05779,ACC432,ACC867,18147,2026-08-31 22:38:55.920617,HIGH,1
TX05780,ACC456,ACC658,9042,2026-08-31 22:37:55.920617,MEDIUM,0
TX05781,ACC340,ACC189,10931,2026-08-31 22:36:55.920617,MEDIUM,0
TX05782,ACC164,ACC236,2864,2026-08-31 22:35:55.920617,LOW,0
TX05783,ACC637,ACC906,1245,2026-08-31 22:34:55.920617,LOW,0
TX05784,ACC555,ACC803,1197,2026-08-31 22:33:55.920617,LOW,0
TX05785,ACC820,ACC186,12840,2026-08-31 22:32:55.920617,MEDIUM,0
TX05786,ACC551,ACC672,15731,2026-08-31 22:31:55.920617,HIGH,0
TX05787,ACC997,ACC902,3026,2026-08-31 22:30:55.920617,LOW,0
TX05788,ACC280,ACC495,14175,2026-08-31 22:29:55.920617,MEDIUM,0
TX05789,ACC911,ACC798,14321,2026-08-31 22:28:55.920617,MEDIUM,0
TX05790,ACC986,ACC164,18612,2026-08-31 22:27:55.920617,HIGH,1
TX05791,ACC533,ACC535,6907,2026-08-31 22:26:55.920617,LOW,0
TX05792,ACC915,ACC580,4581,2026-08-31 22:25:55.920617,LOW,0
TX05793,ACC335,ACC136,15046,2026-08-31 22:24:55.920617,HIGH,0
TX05794,ACC560,ACC504,11693,2026-08-31 22:23:55.920617,MEDIUM,0
TX05795,ACC602,ACC100,5335,2026-08-31 22:22:55.920617,LOW,0
TX05796,ACC351,ACC100,14299,2026-08-31 22:21:55.920617,MEDIUM,0
TX05797,ACC288,ACC930,4380,2026-08-31 22:20:55.920617,LOW,0
TX05798,ACC902,ACC975,14536,2026-08-31 22:19:55.920617,MEDIUM,0
TX05799,ACC650,ACC181,17491,2026-08-31 22:18:55.920617,HIGH,1
TX05800,ACC534,ACC242,12632,2026-08-31 22:17:55.920617,MEDIUM,0
TX05801,ACC793,ACC120,19101,2026-08-31 22:16:55.920617,HIGH,0
TX05802,ACC696,ACC768,11761,2026-08-31 22:15:55.920617,MEDIUM,0
TX05803,ACC434,ACC266,4331,2026-08-31 22:14:55.920617,LOW,0
TX05804,ACC716,ACC669,9904,2026-08-31 22:13:55.920617,MEDIUM,0
TX05805,ACC636,ACC663,6237,2026-08-31 22:12:55.920617,LOW,0
TX05806,ACC160,ACC413,6422,2026-08-31 22:11:55.920617,LOW,0
TX05807,ACC897,ACC707,16141,2026-08-31 22:10:55.920617,HIGH,0
TX05808,ACC769,ACC870,13163,2026-08-31 22:09:55.920617,MEDIUM,0
TX05809,ACC986,ACC274,9389,2026-08-31 22:08:55.920617,MEDIUM,0
TX05810,ACC779,ACC611,15515,2026-08-31 22:07:55.920617,HIGH,0
TX05811,ACC558,ACC374,15314,2026-08-31 22:06:55.920617,HIGH,0
TX05812,ACC717,ACC512,12694,2026-08-31 22:05:55.920617,MEDIUM,0
TX05813,ACC788,ACC985,3340,2026-08-31 22:04:55.920617,LOW,0
TX05814,ACC934,ACC574,2188,2026-08-31 22:03:55.920617,LOW,0
TX05815,ACC113,ACC823,518,2026-08-31 22:02:55.920617,LOW,0
TX05816,ACC452,ACC226,13423,2026-08-31 22:01:55.920617,MEDIUM,0
TX05817,ACC492,ACC231,17302,2026-08-31 22:00:55.920617,HIGH,1
TX05818,ACC388,ACC935,8913,2026-08-31 21:59:55.920617,MEDIUM,0
TX05819,ACC473,ACC522,19381,2026-08-31 21:58:55.920617,HIGH,1
TX05820,ACC711,ACC877,16916,2026-08-31 21:57:55.920617,HIGH,1
TX05821,ACC838,ACC835,851,2026-08-31 21:56:55.920617,LOW,0
TX05822,ACC508,ACC137,13418,2026-08-31 21:55:55.920617,MEDIUM,0
TX05823,ACC596,ACC718,17803,2026-08-31 21:54:55.920617,HIGH,1
TX05824,ACC715,ACC314,1216,2026-08-31 21:53:55.920617,LOW,0
TX05825,ACC678,ACC520,1088,2026-08-31 21:52:55.920617,LOW,0
TX05826,ACC944,ACC841,8521,2026-08-31 21:51:55.920617,MEDIUM,0
TX05827,ACC958,ACC391,4285,2026-08-31 21:50:55.920617,LOW,0
TX05828,ACC511,ACC348,13676,2026-08-31 21:49:55.920617,MEDIUM,0
TX05829,ACC406,ACC372,19133,2026-08-31 21:48:55.920617,HIGH,1
TX05830,ACC857,ACC808,8238,2026-08-31 21:47:55.920617,MEDIUM,0
TX05831,ACC179,ACC369,16633,2026-08-31 21:46:55.920617,HIGH,0
TX05832,ACC882,ACC571,19657,2026-08-31 21:45:55.920617,HIGH,1
TX05833,ACC522,ACC146,3619,2026-08-31 21:44:55.920617,LOW,0
TX05834,ACC399,ACC428,19224,2026-08-31 21:43:55.920617,HIGH,1
TX05835,ACC973,ACC961,5997,2026-08-31 21:42:55.920617,LOW,0
TX05836,ACC636,ACC712,7643,2026-08-31 21:41:55.920617,LOW,0
TX05837,ACC253,ACC338,3136,2026-08-31 21:40:55.920617,LOW,0
TX05838,ACC899,ACC126,2451,2026-08-31 21:39:55.920617,LOW,0
TX05839,ACC249,ACC702,1852,2026-08-31 21:38:55.920617,LOW,0
TX05840,ACC706,ACC945,4080,2026-08-31 21:37:55.920617,LOW,0
TX05841,ACC623,ACC185,17141,2026-08-31 21:36:55.920617,HIGH,1
TX05842,ACC102,ACC301,975,2026-08-31 21:35:55.920617,LOW,0
TX05843,ACC586,ACC123,18338,2026-08-31 21:34:55.920617,HIGH,0
TX05844,ACC812,ACC267,19997,2026-08-31 21:33:55.920617,HIGH,1
TX05845,ACC168,ACC228,13792,2026-08-31 21:32:55.920617,MEDIUM,0
TX05846,ACC846,ACC193,125,2026-08-31 21:31:55.920617,LOW,0
TX05847,ACC606,ACC805,11671,2026-08-31 21:30:55.920617,MEDIUM,0
TX05848,ACC921,ACC696,18597,2026-08-31 21:29:55.920617,HIGH,0
TX05849,ACC122,ACC945,16821,2026-08-31 21:28:55.920617,HIGH,1
TX05850,ACC412,ACC815,3887,2026-08-31 21:27:55.920617,LOW,0
TX05851,ACC894,ACC389,19423,2026-08-31 21:26:55.920617,HIGH,0
TX05852,ACC737,ACC722,9833,2026-08-31 21:25:55.920617,MEDIUM,0
TX05853,ACC406,ACC777,5217,2026-08-31 21:24:55.920617,LOW,0
TX05854,ACC508,ACC566,6059,2026-08-31 21:23:55.920617,LOW,0
TX05855,ACC389,ACC658,17989,2026-08-31 21:22:55.920617,HIGH,1
TX05856,ACC914,ACC522,16663,2026-08-31 21:21:55.920617,HIGH,1
TX05857,ACC920,ACC229,4037,2026-08-31 21:20:55.920617,LOW,0
TX05858,ACC346,ACC895,10915,2026-08-31 21:19:55.920617,MEDIUM,0
TX05859,ACC264,ACC918,1073,2026-08-31 21:18:55.920617,LOW,0
TX05860,ACC591,ACC363,9481,2026-08-31 21:17:55.920617,MEDIUM,0
TX05861,ACC910,ACC534,19885,2026-08-31 21:16:55.920617,HIGH,0
TX05862,ACC779,ACC434,998,2026-08-31 21:15:55.920617,LOW,0
TX05863,ACC777,ACC990,19554,2026-08-31 21:14:55.920617,HIGH,1
TX05864,ACC883,ACC520,13697,2026-08-31 21:13:55.920617,MEDIUM,0
TX05865,ACC459,ACC431,7718,2026-08-31 21:12:55.920617,LOW,0
TX05866,ACC906,ACC526,1772,2026-08-31 21:11:55.920617,LOW,0
TX05867,ACC131,ACC683,15612,2026-08-31 21:10:55.920617,HIGH,1
TX05868,ACC653,ACC277,18249,2026-08-31 21:09:55.920617,HIGH,1
TX05869,ACC614,ACC384,1686,2026-08-31 21:08:55.920617,LOW,0
TX05870,ACC441,ACC833,15449,2026-08-31 21:07:55.920617,HIGH,1
TX05871,ACC726,ACC597,17141,2026-08-31 21:06:55.920617,HIGH,1
TX05872,ACC569,ACC652,14818,2026-08-31 21:05:55.920617,MEDIUM,0
TX05873,ACC438,ACC465,9228,2026-08-31 21:04:55.920617,MEDIUM,0
TX05874,ACC440,ACC884,19872,2026-08-31 21:03:55.920617,HIGH,0
TX05875,ACC168,ACC318,4809,2026-08-31 21:02:55.920617,LOW,0
TX05876,ACC462,ACC957,19928,2026-08-31 21:01:55.920617,HIGH,0
TX05877,ACC280,ACC828,17576,2026-08-31 21:00:55.920617,HIGH,0
TX05878,ACC673,ACC650,17643,2026-08-31 20:59:55.920617,HIGH,0
TX05879,ACC571,ACC514,19716,2026-08-31 20:58:55.920617,HIGH,0
TX05880,ACC723,ACC907,7902,2026-08-31 20:57:55.920617,LOW,0
TX05881,ACC258,ACC351,5920,2026-08-31 20:56:55.920617,LOW,0
TX05882,ACC681,ACC336,14382,2026-08-31 20:55:55.920617,MEDIUM,0
TX05883,ACC526,ACC405,6355,2026-08-31 20:54:55.920617,LOW,0
TX05884,ACC544,ACC113,16871,2026-08-31 20:53:55.920617,HIGH,1
TX05885,ACC728,ACC634,19200,2026-08-31 20:52:55.920617,HIGH,0
TX05886,ACC291,ACC406,6299,2026-08-31 20:51:55.920617,LOW,0
TX05887,ACC234,ACC713,9902,2026-08-31 20:50:55.920617,MEDIUM,0
TX05888,ACC418,ACC947,1204,2026-08-31 20:49:55.920617,LOW,0
TX05889,ACC436,ACC982,17538,2026-08-31 20:48:55.920617,HIGH,0
TX05890,ACC698,ACC525,12316,2026-08-31 20:47:55.920617,MEDIUM,0
TX05891,ACC865,ACC692,6749,2026-08-31 20:46:55.920617,LOW,0
TX05892,ACC594,ACC315,17301,2026-08-31 20:45:55.920617,HIGH,1
TX05893,ACC627,ACC526,10122,2026-08-31 20:44:55.920617,MEDIUM,0
TX05894,ACC719,ACC222,11382,2026-08-31 20:43:55.920617,MEDIUM,0
TX05895,ACC422,ACC656,15186,2026-08-31 20:42:55.920617,HIGH,0
TX05896,ACC178,ACC531,1037,2026-08-31 20:41:55.920617,LOW,0
TX05897,ACC487,ACC133,15508,2026-08-31 20:40:55.920617,HIGH,1
TX05898,ACC530,ACC328,3468,2026-08-31 20:39:55.920617,LOW,0
TX05899,ACC515,ACC451,5521,2026-08-31 20:38:55.920617,LOW,0
TX05900,ACC624,ACC609,17419,2026-08-31 20:37:55.920617,HIGH,0
TX05901,ACC960,ACC664,8148,2026-08-31 20:36:55.920617,MEDIUM,0
TX05902,ACC456,ACC775,12984,2026-08-31 20:35:55.920617,MEDIUM,0
TX05903,ACC410,ACC739,3122,2026-08-31 20:34:55.920617,LOW,0
TX05904,ACC774,ACC587,191,2026-08-31 20:33:55.920617,LOW,0
TX05905,ACC467,ACC785,9197,2026-08-31 20:32:55.920617,MEDIUM,0
TX05906,ACC407,ACC957,1992,2026-08-31 20:31:55.920617,LOW,0
TX05907,ACC390,ACC696,14841,2026-08-31 20:30:55.920617,MEDIUM,0
TX05908,ACC273,ACC701,17387,2026-08-31 20:29:55.920617,HIGH,0
TX05909,ACC566,ACC996,19549,2026-08-31 20:28:55.920617,HIGH,0
TX05910,ACC971,ACC721,14028,2026-08-31 20:27:55.920617,MEDIUM,0
TX05911,ACC108,ACC560,6579,2026-08-31 20:26:55.920617,LOW,0
TX05912,ACC496,ACC447,16594,2026-08-31 20:25:55.920617,HIGH,1
TX05913,ACC506,ACC901,13085,2026-08-31 20:24:55.920617,MEDIUM,0
TX05914,ACC772,ACC631,7865,2026-08-31 20:23:55.920617,LOW,0
TX05915,ACC919,ACC809,10458,2026-08-31 20:22:55.920617,MEDIUM,0
TX05916,ACC926,ACC266,8129,2026-08-31 20:21:55.920617,MEDIUM,0
TX05917,ACC406,ACC737,2358,2026-08-31 20:20:55.920617,LOW,0
TX05918,ACC828,ACC196,5212,2026-08-31 20:19:55.920617,LOW,0
TX05919,ACC639,ACC732,19296,2026-08-31 20:18:55.920617,HIGH,0
TX05920,ACC227,ACC949,19485,2026-08-31 20:17:55.920617,HIGH,1
TX05921,ACC760,ACC740,12814,2026-08-31 20:16:55.920617,MEDIUM,0
TX05922,ACC792,ACC298,7189,2026-08-31 20:15:55.920617,LOW,0
TX05923,ACC333,ACC167,3055,2026-08-31 20:14:55.920617,LOW,0
TX05924,ACC384,ACC613,8196,2026-08-31 20:13:55.920617,MEDIUM,0
TX05925,ACC768,ACC634,18621,2026-08-31 20:12:55.920617,HIGH,1
TX05926,ACC751,ACC582,2203,2026-08-31 20:11:55.920617,LOW,0
TX05927,ACC764,ACC459,14339,2026-08-31 20:10:55.920617,MEDIUM,0
TX05928,ACC183,ACC276,16585,2026-08-31 20:09:55.920617,HIGH,0
TX05929,ACC761,ACC194,3905,2026-08-31 20:08:55.920617,LOW,0
TX05930,ACC115,ACC518,4567,2026-08-31 20:07:55.920617,LOW,0
TX05931,ACC769,ACC642,10403,2026-08-31 20:06:55.920617,MEDIUM,0
TX05932,ACC536,ACC950,8325,2026-08-31 20:05:55.920617,MEDIUM,0
TX05933,ACC497,ACC998,8718,2026-08-31 20:04:55.920617,MEDIUM,0
TX05934,ACC672,ACC344,12353,2026-08-31 20:03:55.920617,MEDIUM,0
TX05935,ACC983,ACC306,10919,2026-08-31 20:02:55.920617,MEDIUM,0
TX05936,ACC541,ACC727,8773,2026-08-31 20:01:55.920617,MEDIUM,0
TX05937,ACC803,ACC251,7333,2026-08-31 20:00:55.920617,LOW,0
TX05938,ACC892,ACC780,14384,2026-08-31 19:59:55.920617,MEDIUM,0
TX05939,ACC689,ACC938,18803,2026-08-31 19:58:55.920617,HIGH,1
TX05940,ACC346,ACC512,15975,2026-08-31 19:57:55.920617,HIGH,0
TX05941,ACC389,ACC177,5968,2026-08-31 19:56:55.920617,LOW,0
TX05942,ACC787,ACC469,8355,2026-08-31 19:55:55.920617,MEDIUM,0
TX05943,ACC855,ACC324,16642,2026-08-31 19:54:55.920617,HIGH,0
TX05944,ACC466,ACC233,6861,2026-08-31 19:53:55.920617,LOW,0
TX05945,ACC941,ACC873,11881,2026-08-31 19:52:55.920617,MEDIUM,0
TX05946,ACC436,ACC149,18712,2026-08-31 19:51:55.920617,HIGH,1
TX05947,ACC772,ACC783,16847,2026-08-31 19:50:55.920617,HIGH,1
TX05948,ACC276,ACC529,6213,2026-08-31 19:49:55.920617,LOW,0
TX05949,ACC525,ACC248,12115,2026-08-31 19:48:55.920617,MEDIUM,0
TX05950,ACC134,ACC494,2940,2026-08-31 19:47:55.920617,LOW,0
TX05951,ACC796,ACC813,6322,2026-08-31 19:46:55.920617,LOW,0
TX05952,ACC797,ACC745,4380,2026-08-31 19:45:55.920617,LOW,0
TX05953,ACC563,ACC476,4049,2026-08-31 19:44:55.920617,LOW,0
TX05954,ACC241,ACC487,4437,2026-08-31 19:43:55.920617,LOW,0
TX05955,ACC835,ACC111,18792,2026-08-31 19:42:55.920617,HIGH,1
TX05956,ACC999,ACC303,12127,2026-08-31 19:41:55.920617,MEDIUM,0
TX05957,ACC116,ACC608,16693,2026-08-31 19:40:55.920617,HIGH,1
TX05958,ACC276,ACC322,6385,2026-08-31 19:39:55.920617,LOW,0
TX05959,ACC208,ACC475,11854,2026-08-31 19:38:55.920617,MEDIUM,0
TX05960,ACC633,ACC202,9083,2026-08-31 19:37:55.922636,MEDIUM,0
TX05961,ACC315,ACC514,7015,2026-08-31 19:36:55.922636,LOW,0
TX05962,ACC304,ACC342,19672,2026-08-31 19:35:55.922636,HIGH,1
TX05963,ACC739,ACC190,1570,2026-08-31 19:34:55.922636,LOW,0
TX05964,ACC432,ACC784,5349,2026-08-31 19:33:55.922636,LOW,0
TX05965,ACC425,ACC127,5310,2026-08-31 19:32:55.922636,LOW,0
TX05966,ACC871,ACC862,7060,2026-08-31 19:31:55.922636,LOW,0
TX05967,ACC382,ACC129,6540,2026-08-31 19:30:55.922636,LOW,0
TX05968,ACC918,ACC506,1849,2026-08-31 19:29:55.922636,LOW,0
TX05969,ACC409,ACC748,6046,2026-08-31 19:28:55.922636,LOW,0
TX05970,ACC798,ACC800,17056,2026-08-31 19:27:55.922636,HIGH,0
TX05971,ACC363,ACC908,8998,2026-08-31 19:26:55.922636,MEDIUM,0
TX05972,ACC915,ACC960,5790,2026-08-31 19:25:55.922636,LOW,0
TX05973,ACC857,ACC780,12220,2026-08-31 19:24:55.922636,MEDIUM,0
TX05974,ACC806,ACC721,9012,2026-08-31 19:23:55.922636,MEDIUM,0
TX05975,ACC217,ACC986,7638,2026-08-31 19:22:55.922636,LOW,0
TX05976,ACC482,ACC670,5026,2026-08-31 19:21:55.922636,LOW,0
TX05977,ACC774,ACC483,1699,2026-08-31 19:20:55.922636,LOW,0
TX05978,ACC204,ACC590,14666,2026-08-31 19:19:55.922636,MEDIUM,0
TX05979,ACC502,ACC629,10241,2026-08-31 19:18:55.922636,MEDIUM,0
TX05980,ACC319,ACC930,1050,2026-08-31 19:17:55.922636,LOW,0
TX05981,ACC654,ACC397,4932,2026-08-31 19:16:55.922636,LOW,0
TX05982,ACC806,ACC355,2119,2026-08-31 19:15:55.922636,LOW,0
TX05983,ACC677,ACC756,11973,2026-08-31 19:14:55.922636,MEDIUM,0
TX05984,ACC529,ACC865,8297,2026-08-31 19:13:55.922636,MEDIUM,0
TX05985,ACC718,ACC184,3789,2026-08-31 19:12:55.922636,LOW,0
TX05986,ACC188,ACC390,6597,2026-08-31 19:11:55.922636,LOW,0
TX05987,ACC489,ACC712,1274,2026-08-31 19:10:55.922636,LOW,0
TX05988,ACC669,ACC878,4004,2026-08-31 19:09:55.922636,LOW,0
TX05989,ACC246,ACC985,14949,2026-08-31 19:08:55.922636,MEDIUM,0
TX05990,ACC276,ACC143,11441,2026-08-31 19:07:55.922636,MEDIUM,0
TX05991,ACC292,ACC978,9949,2026-08-31 19:06:55.922636,MEDIUM,0
TX05992,ACC726,ACC998,9608,2026-08-31 19:05:55.922636,MEDIUM,0
TX05993,ACC528,ACC881,17056,2026-08-31 19:04:55.922636,HIGH,1
TX05994,ACC868,ACC545,10194,2026-08-31 19:03:55.922636,MEDIUM,0
TX05995,ACC991,ACC447,3405,2026-08-31 19:02:55.922636,LOW,0
TX05996,ACC638,ACC297,13253,2026-08-31 19:01:55.922636,MEDIUM,0
TX05997,ACC677,ACC534,3406,2026-08-31 19:00:55.922636,LOW,0
TX05998,ACC681,ACC444,308,2026-08-31 18:59:55.922636,LOW,0
TX05999,ACC277,ACC730,19422,2026-08-31 18:58:55.922636,HIGH,0
TX06000,ACC958,ACC919,8375,2026-08-31 18:57:55.922636,MEDIUM,0
TX06001,ACC726,ACC215,4036,2026-08-31 18:56:55.922636,LOW,0
TX06002,ACC623,ACC317,1781,2026-08-31 18:55:55.922636,LOW,0
TX06003,ACC985,ACC811,9544,2026-08-31 18:54:55.922636,MEDIUM,0
TX06004,ACC286,ACC850,13361,2026-08-31 18:53:55.922636,MEDIUM,0
TX06005,ACC185,ACC306,18052,2026-08-31 18:52:55.922636,HIGH,0
TX06006,ACC592,ACC282,18801,2026-08-31 18:51:55.922636,HIGH,0
TX06007,ACC461,ACC444,4283,2026-08-31 18:50:55.922636,LOW,0
TX06008,ACC822,ACC203,13680,2026-08-31 18:49:55.922636,MEDIUM,0
TX06009,ACC926,ACC308,15357,2026-08-31 18:48:55.922636,HIGH,1
TX06010,ACC225,ACC299,14973,2026-08-31 18:47:55.922636,MEDIUM,0
TX06011,ACC813,ACC423,2769,2026-08-31 18:46:55.922636,LOW,0
TX06012,ACC393,ACC793,10396,2026-08-31 18:45:55.922636,MEDIUM,0
TX06013,ACC225,ACC379,673,2026-08-31 18:44:55.922636,LOW,0
TX06014,ACC950,ACC865,12094,2026-08-31 18:43:55.922636,MEDIUM,0
TX06015,ACC558,ACC183,15731,2026-08-31 18:42:55.922636,HIGH,0
TX06016,ACC438,ACC202,11452,2026-08-31 18:41:55.922636,MEDIUM,0
TX06017,ACC858,ACC221,10569,2026-08-31 18:40:55.922636,MEDIUM,0
TX06018,ACC230,ACC158,1521,2026-08-31 18:39:55.922636,LOW,0
TX06019,ACC878,ACC199,1058,2026-08-31 18:38:55.922636,LOW,0
TX06020,ACC385,ACC206,2223,2026-08-31 18:37:55.922636,LOW,0
TX06021,ACC220,ACC808,7677,2026-08-31 18:36:55.922636,LOW,0
TX06022,ACC845,ACC221,2197,2026-08-31 18:35:55.922636,LOW,0
TX06023,ACC569,ACC467,12940,2026-08-31 18:34:55.922636,MEDIUM,0
TX06024,ACC527,ACC355,15870,2026-08-31 18:33:55.922636,HIGH,1
TX06025,ACC433,ACC955,14653,2026-08-31 18:32:55.922636,MEDIUM,0
TX06026,ACC422,ACC358,2758,2026-08-31 18:31:55.922636,LOW,0
TX06027,ACC437,ACC169,17594,2026-08-31 18:30:55.922636,HIGH,1
TX06028,ACC645,ACC452,13929,2026-08-31 18:29:55.922636,MEDIUM,0
TX06029,ACC268,ACC244,12209,2026-08-31 18:28:55.922636,MEDIUM,0
TX06030,ACC611,ACC346,1867,2026-08-31 18:27:55.922636,LOW,0
TX06031,ACC288,ACC931,7313,2026-08-31 18:26:55.922636,LOW,0
TX06032,ACC165,ACC295,14640,2026-08-31 18:25:55.922636,MEDIUM,0
TX06033,ACC192,ACC733,14781,2026-08-31 18:24:55.922636,MEDIUM,0
TX06034,ACC316,ACC672,9923,2026-08-31 18:23:55.922636,MEDIUM,0
TX06035,ACC915,ACC575,17976,2026-08-31 18:22:55.922636,HIGH,0
TX06036,ACC869,ACC895,17276,2026-08-31 18:21:55.922636,HIGH,0
TX06037,ACC735,ACC723,9452,2026-08-31 18:20:55.922636,MEDIUM,0
TX06038,ACC121,ACC670,10920,2026-08-31 18:19:55.922636,MEDIUM,0
TX06039,ACC274,ACC410,6833,2026-08-31 18:18:55.922636,LOW,0
TX06040,ACC136,ACC819,3795,2026-08-31 18:17:55.922636,LOW,0
TX06041,ACC152,ACC440,6460,2026-08-31 18:16:55.922636,LOW,0
TX06042,ACC816,ACC562,3305,2026-08-31 18:15:55.922636,LOW,0
TX06043,ACC654,ACC360,7277,2026-08-31 18:14:55.922636,LOW,0
TX06044,ACC927,ACC622,7439,2026-08-31 18:13:55.922636,LOW,0
TX06045,ACC841,ACC677,6244,2026-08-31 18:12:55.922636,LOW,0
TX06046,ACC762,ACC697,8551,2026-08-31 18:11:55.922636,MEDIUM,0
TX06047,ACC933,ACC318,16049,2026-08-31 18:10:55.922636,HIGH,1
TX06048,ACC965,ACC312,14540,2026-08-31 18:09:55.922636,MEDIUM,0
TX06049,ACC463,ACC641,16516,2026-08-31 18:08:55.922636,HIGH,1
TX06050,ACC460,ACC509,1651,2026-08-31 18:07:55.922636,LOW,0
TX06051,ACC123,ACC997,17249,2026-08-31 18:06:55.922636,HIGH,1
TX06052,ACC639,ACC612,18634,2026-08-31 18:05:55.922636,HIGH,0
TX06053,ACC953,ACC992,1191,2026-08-31 18:04:55.922636,LOW,0
TX06054,ACC158,ACC413,12896,2026-08-31 18:03:55.922636,MEDIUM,0
TX06055,ACC751,ACC525,14781,2026-08-31 18:02:55.922636,MEDIUM,0
TX06056,ACC265,ACC374,19699,2026-08-31 18:01:55.922636,HIGH,0
TX06057,ACC783,ACC778,18984,2026-08-31 18:00:55.922636,HIGH,1
TX06058,ACC249,ACC506,10746,2026-08-31 17:59:55.922636,MEDIUM,0
TX06059,ACC635,ACC720,14951,2026-08-31 17:58:55.922636,MEDIUM,0
TX06060,ACC633,ACC392,6309,2026-08-31 17:57:55.922636,LOW,0
TX06061,ACC562,ACC306,14779,2026-08-31 17:56:55.922636,MEDIUM,0
TX06062,ACC563,ACC548,3435,2026-08-31 17:55:55.922636,LOW,0
TX06063,ACC484,ACC632,8850,2026-08-31 17:54:55.922636,MEDIUM,0
TX06064,ACC209,ACC567,3060,2026-08-31 17:53:55.922636,LOW,0
TX06065,ACC423,ACC425,13332,2026-08-31 17:52:55.922636,MEDIUM,0
TX06066,ACC592,ACC186,9494,2026-08-31 17:51:55.922636,MEDIUM,0
TX06067,ACC120,ACC878,11050,2026-08-31 17:50:55.922636,MEDIUM,0
TX06068,ACC436,ACC104,10040,2026-08-31 17:49:55.922636,MEDIUM,0
TX06069,ACC934,ACC847,2968,2026-08-31 17:48:55.922636,LOW,0
TX06070,ACC956,ACC227,1759,2026-08-31 17:47:55.922636,LOW,0
TX06071,ACC584,ACC964,17172,2026-08-31 17:46:55.922636,HIGH,1
TX06072,ACC694,ACC990,16772,2026-08-31 17:45:55.922636,HIGH,1
TX06073,ACC389,ACC770,16351,2026-08-31 17:44:55.922636,HIGH,0
TX06074,ACC530,ACC877,2548,2026-08-31 17:43:55.922636,LOW,0
TX06075,ACC520,ACC590,15573,2026-08-31 17:42:55.922636,HIGH,1
TX06076,ACC913,ACC767,11078,2026-08-31 17:41:55.922636,MEDIUM,0
TX06077,ACC674,ACC145,536,2026-08-31 17:40:55.922636,LOW,0
TX06078,ACC208,ACC638,8552,2026-08-31 17:39:55.922636,MEDIUM,0
TX06079,ACC433,ACC556,10743,2026-08-31 17:38:55.922636,MEDIUM,0
TX06080,ACC251,ACC605,19840,2026-08-31 17:37:55.922636,HIGH,1
TX06081,ACC129,ACC516,4974,2026-08-31 17:36:55.922636,LOW,0
TX06082,ACC294,ACC156,17285,2026-08-31 17:35:55.922636,HIGH,0
TX06083,ACC582,ACC390,12878,2026-08-31 17:34:55.922636,MEDIUM,0
TX06084,ACC649,ACC912,17834,2026-08-31 17:33:55.922636,HIGH,1
TX06085,ACC851,ACC716,13204,2026-08-31 17:32:55.922636,MEDIUM,0
TX06086,ACC967,ACC773,3107,2026-08-31 17:31:55.922636,LOW,0
TX06087,ACC320,ACC201,10539,2026-08-31 17:30:55.922636,MEDIUM,0
TX06088,ACC950,ACC376,18962,2026-08-31 17:29:55.922636,HIGH,1
TX06089,ACC565,ACC752,2256,2026-08-31 17:28:55.922636,LOW,0
TX06090,ACC358,ACC661,4521,2026-08-31 17:27:55.922636,LOW,0
TX06091,ACC913,ACC699,12792,2026-08-31 17:26:55.922636,MEDIUM,0
TX06092,ACC908,ACC816,9602,2026-08-31 17:25:55.922636,MEDIUM,0
TX06093,ACC853,ACC793,11418,2026-08-31 17:24:55.922636,MEDIUM,0
TX06094,ACC754,ACC123,15158,2026-08-31 17:23:55.922636,HIGH,0
TX06095,ACC402,ACC253,1362,2026-08-31 17:22:55.922636,LOW,0
TX06096,ACC328,ACC918,13369,2026-08-31 17:21:55.922636,MEDIUM,0
TX06097,ACC819,ACC699,4865,2026-08-31 17:20:55.922636,LOW,0
TX06098,ACC592,ACC420,12771,2026-08-31 17:19:55.922636,MEDIUM,0
TX06099,ACC788,ACC550,9146,2026-08-31 17:18:55.922636,MEDIUM,0
TX06100,ACC528,ACC981,13495,2026-08-31 17:17:55.922636,MEDIUM,0
TX06101,ACC268,ACC136,5839,2026-08-31 17:16:55.922636,LOW,0
TX06102,ACC485,ACC602,14119,2026-08-31 17:15:55.922636,MEDIUM,0
TX06103,ACC343,ACC175,16534,2026-08-31 17:14:55.922636,HIGH,0
TX06104,ACC575,ACC971,12391,2026-08-31 17:13:55.922636,MEDIUM,0
TX06105,ACC215,ACC144,4167,2026-08-31 17:12:55.922636,LOW,0
TX06106,ACC302,ACC823,5520,2026-08-31 17:11:55.922636,LOW,0
TX06107,ACC522,ACC603,15726,2026-08-31 17:10:55.922636,HIGH,1
TX06108,ACC111,ACC948,9719,2026-08-31 17:09:55.922636,MEDIUM,0
TX06109,ACC350,ACC593,2197,2026-08-31 17:08:55.922636,LOW,0
TX06110,ACC632,ACC936,5197,2026-08-31 17:07:55.922636,LOW,0
TX06111,ACC539,ACC121,7190,2026-08-31 17:06:55.922636,LOW,0
TX06112,ACC309,ACC659,17307,2026-08-31 17:05:55.922636,HIGH,1
TX06113,ACC473,ACC114,791,2026-08-31 17:04:55.922636,LOW,0
TX06114,ACC156,ACC600,7169,2026-08-31 17:03:55.922636,LOW,0
TX06115,ACC346,ACC746,11507,2026-08-31 17:02:55.922636,MEDIUM,0
TX06116,ACC802,ACC439,13621,2026-08-31 17:01:55.922636,MEDIUM,0
TX06117,ACC262,ACC162,19098,2026-08-31 17:00:55.922636,HIGH,1
TX06118,ACC447,ACC735,468,2026-08-31 16:59:55.922636,LOW,0
TX06119,ACC698,ACC267,9851,2026-08-31 16:58:55.922636,MEDIUM,0
TX06120,ACC968,ACC216,11981,2026-08-31 16:57:55.922636,MEDIUM,0
TX06121,ACC514,ACC546,9044,2026-08-31 16:56:55.922636,MEDIUM,0
TX06122,ACC425,ACC219,17325,2026-08-31 16:55:55.922636,HIGH,1
TX06123,ACC286,ACC711,10220,2026-08-31 16:54:55.922636,MEDIUM,0
TX06124,ACC266,ACC643,7271,2026-08-31 16:53:55.922636,LOW,0
TX06125,ACC240,ACC756,17058,2026-08-31 16:52:55.922636,HIGH,1
TX06126,ACC177,ACC274,1228,2026-08-31 16:51:55.922636,LOW,0
TX06127,ACC533,ACC216,16453,2026-08-31 16:50:55.922636,HIGH,0
TX06128,ACC932,ACC536,4304,2026-08-31 16:49:55.922636,LOW,0
TX06129,ACC473,ACC548,9070,2026-08-31 16:48:55.922636,MEDIUM,0
TX06130,ACC801,ACC681,7572,2026-08-31 16:47:55.922636,LOW,0
TX06131,ACC968,ACC157,11304,2026-08-31 16:46:55.922636,MEDIUM,0
TX06132,ACC708,ACC318,8867,2026-08-31 16:45:55.922636,MEDIUM,0
TX06133,ACC952,ACC803,15334,2026-08-31 16:44:55.922636,HIGH,1
TX06134,ACC172,ACC524,15093,2026-08-31 16:43:55.922636,HIGH,1
TX06135,ACC392,ACC224,13577,2026-08-31 16:42:55.922636,MEDIUM,0
TX06136,ACC662,ACC121,19674,2026-08-31 16:41:55.922636,HIGH,1
TX06137,ACC334,ACC511,6453,2026-08-31 16:40:55.922636,LOW,0
TX06138,ACC532,ACC684,3627,2026-08-31 16:39:55.922636,LOW,0
TX06139,ACC206,ACC944,6532,2026-08-31 16:38:55.922636,LOW,0
TX06140,ACC773,ACC712,9999,2026-08-31 16:37:55.922636,MEDIUM,0
TX06141,ACC519,ACC491,19961,2026-08-31 16:36:55.922636,HIGH,1
TX06142,ACC313,ACC772,4898,2026-08-31 16:35:55.922636,LOW,0
TX06143,ACC248,ACC311,9389,2026-08-31 16:34:55.922636,MEDIUM,0
TX06144,ACC730,ACC752,1116,2026-08-31 16:33:55.922636,LOW,0
TX06145,ACC326,ACC307,12829,2026-08-31 16:32:55.922636,MEDIUM,0
TX06146,ACC405,ACC371,19119,2026-08-31 16:31:55.922636,HIGH,0
TX06147,ACC499,ACC250,7719,2026-08-31 16:30:55.922636,LOW,0
TX06148,ACC930,ACC760,10872,2026-08-31 16:29:55.922636,MEDIUM,0
TX06149,ACC638,ACC419,16350,2026-08-31 16:28:55.922636,HIGH,0
TX06150,ACC915,ACC177,5746,2026-08-31 16:27:55.922636,LOW,0
TX06151,ACC145,ACC462,8591,2026-08-31 16:26:55.922636,MEDIUM,0
TX06152,ACC897,ACC102,4446,2026-08-31 16:25:55.922636,LOW,0
TX06153,ACC488,ACC835,18057,2026-08-31 16:24:55.922636,HIGH,1
TX06154,ACC825,ACC178,5912,2026-08-31 16:23:55.922636,LOW,0
TX06155,ACC602,ACC712,4638,2026-08-31 16:22:55.922636,LOW,0
TX06156,ACC955,ACC924,5357,2026-08-31 16:21:55.922636,LOW,0
TX06157,ACC348,ACC477,12456,2026-08-31 16:20:55.922636,MEDIUM,0
TX06158,ACC611,ACC327,2755,2026-08-31 16:19:55.922636,LOW,0
TX06159,ACC975,ACC635,4837,2026-08-31 16:18:55.922636,LOW,0
TX06160,ACC434,ACC924,4406,2026-08-31 16:17:55.922636,LOW,0
TX06161,ACC425,ACC399,7335,2026-08-31 16:16:55.922636,LOW,0
TX06162,ACC123,ACC196,1280,2026-08-31 16:15:55.922636,LOW,0
TX06163,ACC746,ACC996,1016,2026-08-31 16:14:55.922636,LOW,0
TX06164,ACC322,ACC731,8666,2026-08-31 16:13:55.922636,MEDIUM,0
TX06165,ACC648,ACC289,561,2026-08-31 16:12:55.922636,LOW,0
TX06166,ACC996,ACC168,2329,2026-08-31 16:11:55.922636,LOW,0
TX06167,ACC550,ACC485,1841,2026-08-31 16:10:55.922636,LOW,0
TX06168,ACC287,ACC634,19333,2026-08-31 16:09:55.922636,HIGH,0
TX06169,ACC864,ACC459,6817,2026-08-31 16:08:55.922636,LOW,0
TX06170,ACC191,ACC962,18385,2026-08-31 16:07:55.922636,HIGH,0
TX06171,ACC805,ACC443,8222,2026-08-31 16:06:55.924648,MEDIUM,0
TX06172,ACC481,ACC422,11577,2026-08-31 16:05:55.924648,MEDIUM,0
TX06173,ACC879,ACC241,8525,2026-08-31 16:04:55.924648,MEDIUM,0
TX06174,ACC107,ACC973,9310,2026-08-31 16:03:55.924648,MEDIUM,0
TX06175,ACC360,ACC611,15501,2026-08-31 16:02:55.924648,HIGH,0
TX06176,ACC742,ACC512,10358,2026-08-31 16:01:55.924648,MEDIUM,0
TX06177,ACC383,ACC151,11501,2026-08-31 16:00:55.924648,MEDIUM,0
TX06178,ACC649,ACC908,2792,2026-08-31 15:59:55.924648,LOW,0
TX06179,ACC652,ACC759,2574,2026-08-31 15:58:55.924648,LOW,0
TX06180,ACC791,ACC237,5119,2026-08-31 15:57:55.924648,LOW,0
TX06181,ACC847,ACC573,1793,2026-08-31 15:56:55.924648,LOW,0
TX06182,ACC929,ACC763,14382,2026-08-31 15:55:55.924648,MEDIUM,0
TX06183,ACC655,ACC395,1956,2026-08-31 15:54:55.924648,LOW,0
TX06184,ACC991,ACC531,17016,2026-08-31 15:53:55.924648,HIGH,1
TX06185,ACC713,ACC124,2870,2026-08-31 15:52:55.924648,LOW,0
TX06186,ACC430,ACC531,17054,2026-08-31 15:51:55.924648,HIGH,1
TX06187,ACC777,ACC308,13727,2026-08-31 15:50:55.924648,MEDIUM,0
TX06188,ACC559,ACC878,3135,2026-08-31 15:49:55.924648,LOW,0
TX06189,ACC268,ACC695,14978,2026-08-31 15:48:55.924648,MEDIUM,0
TX06190,ACC563,ACC581,15473,2026-08-31 15:47:55.924648,HIGH,1
TX06191,ACC955,ACC989,9636,2026-08-31 15:46:55.924648,MEDIUM,0
TX06192,ACC299,ACC701,3457,2026-08-31 15:45:55.924648,LOW,0
TX06193,ACC126,ACC638,8360,2026-08-31 15:44:55.924648,MEDIUM,0
TX06194,ACC419,ACC955,7750,2026-08-31 15:43:55.924648,LOW,0
TX06195,ACC661,ACC554,15231,2026-08-31 15:42:55.924648,HIGH,1
TX06196,ACC487,ACC942,8737,2026-08-31 15:41:55.924648,MEDIUM,0
TX06197,ACC156,ACC227,19264,2026-08-31 15:40:55.924648,HIGH,0
TX06198,ACC115,ACC453,7162,2026-08-31 15:39:55.924648,LOW,0
TX06199,ACC284,ACC268,10716,2026-08-31 15:38:55.924648,MEDIUM,0
TX06200,ACC684,ACC710,19251,2026-08-31 15:37:55.924648,HIGH,1
TX06201,ACC836,ACC356,8627,2026-08-31 15:36:55.924648,MEDIUM,0
TX06202,ACC458,ACC645,6090,2026-08-31 15:35:55.924648,LOW,0
TX06203,ACC335,ACC320,11513,2026-08-31 15:34:55.924648,MEDIUM,0
TX06204,ACC877,ACC369,1091,2026-08-31 15:33:55.924648,LOW,0
TX06205,ACC140,ACC537,19310,2026-08-31 15:32:55.924648,HIGH,0
TX06206,ACC708,ACC959,16708,2026-08-31 15:31:55.924648,HIGH,0
TX06207,ACC871,ACC953,976,2026-08-31 15:30:55.924648,LOW,0
TX06208,ACC862,ACC835,17478,2026-08-31 15:29:55.924648,HIGH,0
TX06209,ACC380,ACC616,7884,2026-08-31 15:28:55.924648,LOW,0
TX06210,ACC328,ACC121,9961,2026-08-31 15:27:55.924648,MEDIUM,0
TX06211,ACC383,ACC741,16272,2026-08-31 15:26:55.924648,HIGH,0
TX06212,ACC939,ACC109,7463,2026-08-31 15:25:55.924648,LOW,0
TX06213,ACC882,ACC361,15592,2026-08-31 15:24:55.924648,HIGH,1
TX06214,ACC115,ACC517,13911,2026-08-31 15:23:55.924648,MEDIUM,0
TX06215,ACC807,ACC363,9912,2026-08-31 15:22:55.924648,MEDIUM,0
TX06216,ACC678,ACC513,13968,2026-08-31 15:21:55.924648,MEDIUM,0
TX06217,ACC877,ACC949,13228,2026-08-31 15:20:55.924648,MEDIUM,0
TX06218,ACC532,ACC859,17600,2026-08-31 15:19:55.924648,HIGH,0
TX06219,ACC423,ACC353,12347,2026-08-31 15:18:55.924648,MEDIUM,0
TX06220,ACC802,ACC517,17025,2026-08-31 15:17:55.924648,HIGH,0
TX06221,ACC563,ACC383,1962,2026-08-31 15:16:55.924648,LOW,0
TX06222,ACC963,ACC151,473,2026-08-31 15:15:55.924648,LOW,0
TX06223,ACC276,ACC285,7647,2026-08-31 15:14:55.924648,LOW,0
TX06224,ACC288,ACC739,18821,2026-08-31 15:13:55.924648,HIGH,0
TX06225,ACC369,ACC671,10188,2026-08-31 15:12:55.924648,MEDIUM,0
TX06226,ACC599,ACC362,9578,2026-08-31 15:11:55.924648,MEDIUM,0
TX06227,ACC750,ACC575,10354,2026-08-31 15:10:55.924648,MEDIUM,0
TX06228,ACC400,ACC601,5162,2026-08-31 15:09:55.924648,LOW,0
TX06229,ACC212,ACC118,4271,2026-08-31 15:08:55.924648,LOW,0
TX06230,ACC914,ACC342,10709,2026-08-31 15:07:55.924648,MEDIUM,0
TX06231,ACC656,ACC834,4554,2026-08-31 15:06:55.924648,LOW,0
TX06232,ACC941,ACC722,12423,2026-08-31 15:05:55.924648,MEDIUM,0
TX06233,ACC156,ACC172,7750,2026-08-31 15:04:55.924648,LOW,0
TX06234,ACC175,ACC584,15488,2026-08-31 15:03:55.924648,HIGH,1
TX06235,ACC761,ACC409,11056,2026-08-31 15:02:55.924648,MEDIUM,0
TX06236,ACC172,ACC156,5648,2026-08-31 15:01:55.924648,LOW,0
TX06237,ACC702,ACC403,1241,2026-08-31 15:00:55.924648,LOW,0
TX06238,ACC440,ACC112,14056,2026-08-31 14:59:55.924648,MEDIUM,0
TX06239,ACC524,ACC307,6852,2026-08-31 14:58:55.924648,LOW,0
TX06240,ACC882,ACC498,13022,2026-08-31 14:57:55.924648,MEDIUM,0
TX06241,ACC593,ACC475,14763,2026-08-31 14:56:55.924648,MEDIUM,0
TX06242,ACC545,ACC410,15224,2026-08-31 14:55:55.924648,HIGH,0
TX06243,ACC965,ACC605,10030,2026-08-31 14:54:55.924648,MEDIUM,0
TX06244,ACC800,ACC612,7509,2026-08-31 14:53:55.924648,LOW,0
TX06245,ACC135,ACC175,5671,2026-08-31 14:52:55.924648,LOW,0
TX06246,ACC218,ACC693,5530,2026-08-31 14:51:55.924648,LOW,0
TX06247,ACC870,ACC293,16665,2026-08-31 14:50:55.924648,HIGH,1
TX06248,ACC440,ACC718,1185,2026-08-31 14:49:55.924648,LOW,0
TX06249,ACC444,ACC476,667,2026-08-31 14:48:55.924648,LOW,0
TX06250,ACC267,ACC704,5161,2026-08-31 14:47:55.924648,LOW,0
TX06251,ACC327,ACC628,8721,2026-08-31 14:46:55.924648,MEDIUM,0
TX06252,ACC806,ACC362,14151,2026-08-31 14:45:55.924648,MEDIUM,0
TX06253,ACC364,ACC512,1867,2026-08-31 14:44:55.924648,LOW,0
TX06254,ACC650,ACC614,6126,2026-08-31 14:43:55.924648,LOW,0
TX06255,ACC485,ACC150,5189,2026-08-31 14:42:55.924648,LOW,0
TX06256,ACC903,ACC165,10343,2026-08-31 14:41:55.924648,MEDIUM,0
TX06257,ACC490,ACC400,16572,2026-08-31 14:40:55.924648,HIGH,0
TX06258,ACC598,ACC993,10006,2026-08-31 14:39:55.924648,MEDIUM,0
TX06259,ACC168,ACC792,8420,2026-08-31 14:38:55.924648,MEDIUM,0
TX06260,ACC562,ACC215,18665,2026-08-31 14:37:55.924648,HIGH,1
TX06261,ACC808,ACC264,3786,2026-08-31 14:36:55.924648,LOW,0
TX06262,ACC877,ACC238,16628,2026-08-31 14:35:55.924648,HIGH,1
TX06263,ACC673,ACC304,16869,2026-08-31 14:34:55.924648,HIGH,0
TX06264,ACC562,ACC497,7150,2026-08-31 14:33:55.924648,LOW,0
TX06265,ACC968,ACC399,14913,2026-08-31 14:32:55.924648,MEDIUM,0
TX06266,ACC219,ACC658,17632,2026-08-31 14:31:55.924648,HIGH,1
TX06267,ACC549,ACC198,14209,2026-08-31 14:30:55.924648,MEDIUM,0
TX06268,ACC170,ACC326,17035,2026-08-31 14:29:55.924648,HIGH,1
TX06269,ACC204,ACC118,5048,2026-08-31 14:28:55.924648,LOW,0
TX06270,ACC341,ACC903,10994,2026-08-31 14:27:55.924648,MEDIUM,0
TX06271,ACC635,ACC963,13449,2026-08-31 14:26:55.924648,MEDIUM,0
TX06272,ACC606,ACC789,11066,2026-08-31 14:25:55.924648,MEDIUM,0
TX06273,ACC517,ACC730,11472,2026-08-31 14:24:55.924648,MEDIUM,0
TX06274,ACC504,ACC572,532,2026-08-31 14:23:55.924648,LOW,0
TX06275,ACC661,ACC591,11638,2026-08-31 14:22:55.924648,MEDIUM,0
TX06276,ACC850,ACC527,14098,2026-08-31 14:21:55.924648,MEDIUM,0
TX06277,ACC442,ACC610,4529,2026-08-31 14:20:55.924648,LOW,0
TX06278,ACC859,ACC903,18445,2026-08-31 14:19:55.924648,HIGH,0
TX06279,ACC472,ACC415,18528,2026-08-31 14:18:55.924648,HIGH,1
TX06280,ACC831,ACC989,2368,2026-08-31 14:17:55.924648,LOW,0
TX06281,ACC808,ACC139,11350,2026-08-31 14:16:55.924648,MEDIUM,0
TX06282,ACC754,ACC212,7122,2026-08-31 14:15:55.924648,LOW,0
TX06283,ACC973,ACC749,10183,2026-08-31 14:14:55.924648,MEDIUM,0
TX06284,ACC145,ACC629,10216,2026-08-31 14:13:55.924648,MEDIUM,0
TX06285,ACC389,ACC686,16144,2026-08-31 14:12:55.924648,HIGH,1
TX06286,ACC308,ACC400,19968,2026-08-31 14:11:55.924648,HIGH,0
TX06287,ACC233,ACC120,12728,2026-08-31 14:10:55.924648,MEDIUM,0
TX06288,ACC891,ACC662,10084,2026-08-31 14:09:55.924648,MEDIUM,0
TX06289,ACC891,ACC732,6649,2026-08-31 14:08:55.924648,LOW,0
TX06290,ACC761,ACC309,15366,2026-08-31 14:07:55.924648,HIGH,0
TX06291,ACC300,ACC790,15300,2026-08-31 14:06:55.924648,HIGH,1
TX06292,ACC349,ACC256,11195,2026-08-31 14:05:55.924648,MEDIUM,0
TX06293,ACC151,ACC232,2970,2026-08-31 14:04:55.924648,LOW,0
TX06294,ACC576,ACC450,7993,2026-08-31 14:03:55.924648,LOW,0
TX06295,ACC508,ACC605,17179,2026-08-31 14:02:55.924648,HIGH,1
TX06296,ACC718,ACC504,2029,2026-08-31 14:01:55.924648,LOW,0
TX06297,ACC599,ACC204,13348,2026-08-31 14:00:55.924648,MEDIUM,0
TX06298,ACC205,ACC725,9808,2026-08-31 13:59:55.924648,MEDIUM,0
TX06299,ACC229,ACC550,17977,2026-08-31 13:58:55.924648,HIGH,1
TX06300,ACC261,ACC827,1758,2026-08-31 13:57:55.924648,LOW,0
TX06301,ACC507,ACC166,5711,2026-08-31 13:56:55.924648,LOW,0
TX06302,ACC619,ACC303,13058,2026-08-31 13:55:55.924648,MEDIUM,0
TX06303,ACC460,ACC170,11671,2026-08-31 13:54:55.924648,MEDIUM,0
TX06304,ACC264,ACC107,1261,2026-08-31 13:53:55.924648,LOW,0
TX06305,ACC470,ACC967,17194,2026-08-31 13:52:55.924648,HIGH,0
TX06306,ACC249,ACC973,12220,2026-08-31 13:51:55.924648,MEDIUM,0
TX06307,ACC388,ACC883,13640,2026-08-31 13:50:55.924648,MEDIUM,0
TX06308,ACC826,ACC248,9435,2026-08-31 13:49:55.924648,MEDIUM,0
TX06309,ACC491,ACC115,7836,2026-08-31 13:48:55.924648,LOW,0
TX06310,ACC566,ACC366,10428,2026-08-31 13:47:55.924648,MEDIUM,0
TX06311,ACC696,ACC933,16090,2026-08-31 13:46:55.924648,HIGH,1
TX06312,ACC700,ACC126,7580,2026-08-31 13:45:55.924648,LOW,0
TX06313,ACC648,ACC986,15814,2026-08-31 13:44:55.924648,HIGH,1
TX06314,ACC498,ACC242,11174,2026-08-31 13:43:55.924648,MEDIUM,0
TX06315,ACC699,ACC749,4281,2026-08-31 13:42:55.924648,LOW,0
TX06316,ACC849,ACC686,17710,2026-08-31 13:41:55.924648,HIGH,0
TX06317,ACC918,ACC763,11602,2026-08-31 13:40:55.924648,MEDIUM,0
TX06318,ACC763,ACC863,16831,2026-08-31 13:39:55.924648,HIGH,1
TX06319,ACC241,ACC289,5770,2026-08-31 13:38:55.924648,LOW,0
TX06320,ACC307,ACC690,13346,2026-08-31 13:37:55.924648,MEDIUM,0
TX06321,ACC132,ACC351,8809,2026-08-31 13:36:55.924648,MEDIUM,0
TX06322,ACC681,ACC614,11936,2026-08-31 13:35:55.924648,MEDIUM,0
TX06323,ACC516,ACC413,4152,2026-08-31 13:34:55.924648,LOW,0
TX06324,ACC185,ACC378,17955,2026-08-31 13:33:55.924648,HIGH,1
TX06325,ACC774,ACC615,14274,2026-08-31 13:32:55.924648,MEDIUM,0
TX06326,ACC611,ACC510,9449,2026-08-31 13:31:55.924648,MEDIUM,0
TX06327,ACC319,ACC852,11449,2026-08-31 13:30:55.924648,MEDIUM,0
TX06328,ACC467,ACC593,18390,2026-08-31 13:29:55.924648,HIGH,1
TX06329,ACC277,ACC585,15430,2026-08-31 13:28:55.924648,HIGH,0
TX06330,ACC492,ACC475,7765,2026-08-31 13:27:55.924648,LOW,0
TX06331,ACC313,ACC617,14773,2026-08-31 13:26:55.924648,MEDIUM,0
TX06332,ACC762,ACC540,10797,2026-08-31 13:25:55.924648,MEDIUM,0
TX06333,ACC788,ACC297,784,2026-08-31 13:24:55.924648,LOW,0
TX06334,ACC296,ACC738,19735,2026-08-31 13:23:55.924648,HIGH,1
TX06335,ACC286,ACC779,16308,2026-08-31 13:22:55.924648,HIGH,1
TX06336,ACC264,ACC810,12879,2026-08-31 13:21:55.924648,MEDIUM,0
TX06337,ACC965,ACC131,12832,2026-08-31 13:20:55.924648,MEDIUM,0
TX06338,ACC470,ACC811,5958,2026-08-31 13:19:55.924648,LOW,0
TX06339,ACC303,ACC180,10475,2026-08-31 13:18:55.924648,MEDIUM,0
TX06340,ACC599,ACC417,8127,2026-08-31 13:17:55.924648,MEDIUM,0
TX06341,ACC301,ACC832,12408,2026-08-31 13:16:55.924648,MEDIUM,0
TX06342,ACC291,ACC573,15537,2026-08-31 13:15:55.924648,HIGH,1
TX06343,ACC954,ACC524,17830,2026-08-31 13:14:55.924648,HIGH,0
TX06344,ACC218,ACC747,3815,2026-08-31 13:13:55.924648,LOW,0
TX06345,ACC667,ACC586,15090,2026-08-31 13:12:55.924648,HIGH,1
TX06346,ACC395,ACC735,17511,2026-08-31 13:11:55.924648,HIGH,0
TX06347,ACC458,ACC550,10937,2026-08-31 13:10:55.924648,MEDIUM,0
TX06348,ACC227,ACC232,3275,2026-08-31 13:09:55.924648,LOW,0
TX06349,ACC551,ACC968,14679,2026-08-31 13:08:55.924648,MEDIUM,0
TX06350,ACC476,ACC123,6853,2026-08-31 13:07:55.924648,LOW,0
TX06351,ACC231,ACC255,4741,2026-08-31 13:06:55.924648,LOW,0
TX06352,ACC856,ACC247,11401,2026-08-31 13:05:55.924648,MEDIUM,0
TX06353,ACC440,ACC369,18326,2026-08-31 13:04:55.924648,HIGH,0
TX06354,ACC632,ACC579,14304,2026-08-31 13:03:55.924648,MEDIUM,0
TX06355,ACC646,ACC603,8527,2026-08-31 13:02:55.924648,MEDIUM,0
TX06356,ACC775,ACC150,2143,2026-08-31 13:01:55.924648,LOW,0
TX06357,ACC985,ACC789,16471,2026-08-31 13:00:55.924648,HIGH,0
TX06358,ACC861,ACC625,12603,2026-08-31 12:59:55.924648,MEDIUM,0
TX06359,ACC484,ACC622,12043,2026-08-31 12:58:55.924648,MEDIUM,0
TX06360,ACC879,ACC771,4468,2026-08-31 12:57:55.924648,LOW,0
TX06361,ACC185,ACC714,9264,2026-08-31 12:56:55.924648,MEDIUM,0
TX06362,ACC758,ACC453,13979,2026-08-31 12:55:55.924648,MEDIUM,0
TX06363,ACC891,ACC591,16870,2026-08-31 12:54:55.924648,HIGH,0
TX06364,ACC694,ACC306,16844,2026-08-31 12:53:55.926659,HIGH,0
TX06365,ACC420,ACC826,10399,2026-08-31 12:52:55.926659,MEDIUM,0
TX06366,ACC247,ACC658,8672,2026-08-31 12:51:55.926659,MEDIUM,0
TX06367,ACC413,ACC878,17177,2026-08-31 12:50:55.926659,HIGH,0
TX06368,ACC822,ACC874,9763,2026-08-31 12:49:55.926659,MEDIUM,0
TX06369,ACC790,ACC911,12728,2026-08-31 12:48:55.926659,MEDIUM,0
TX06370,ACC772,ACC220,15634,2026-08-31 12:47:55.926659,HIGH,0
TX06371,ACC840,ACC929,11389,2026-08-31 12:46:55.926659,MEDIUM,0
TX06372,ACC206,ACC940,9281,2026-08-31 12:45:55.926659,MEDIUM,0
TX06373,ACC648,ACC886,18730,2026-08-31 12:44:55.926659,HIGH,0
TX06374,ACC521,ACC863,5693,2026-08-31 12:43:55.926659,LOW,0
TX06375,ACC446,ACC983,11775,2026-08-31 12:42:55.926659,MEDIUM,0
TX06376,ACC758,ACC786,6205,2026-08-31 12:41:55.926659,LOW,0
TX06377,ACC630,ACC592,13631,2026-08-31 12:40:55.926659,MEDIUM,0
TX06378,ACC192,ACC632,433,2026-08-31 12:39:55.926659,LOW,0
TX06379,ACC453,ACC501,2842,2026-08-31 12:38:55.926659,LOW,0
TX06380,ACC978,ACC177,2329,2026-08-31 12:37:55.926659,LOW,0
TX06381,ACC380,ACC174,1905,2026-08-31 12:36:55.926659,LOW,0
TX06382,ACC371,ACC723,19134,2026-08-31 12:35:55.926659,HIGH,1
TX06383,ACC796,ACC861,3256,2026-08-31 12:34:55.926659,LOW,0
TX06384,ACC112,ACC574,14763,2026-08-31 12:33:55.926659,MEDIUM,0
TX06385,ACC563,ACC798,13493,2026-08-31 12:32:55.926659,MEDIUM,0
TX06386,ACC904,ACC578,8277,2026-08-31 12:31:55.926659,MEDIUM,0
TX06387,ACC740,ACC436,342,2026-08-31 12:30:55.926659,LOW,0
TX06388,ACC913,ACC786,18349,2026-08-31 12:29:55.926659,HIGH,0
TX06389,ACC289,ACC860,17966,2026-08-31 12:28:55.926659,HIGH,1
TX06390,ACC404,ACC574,10726,2026-08-31 12:27:55.926659,MEDIUM,0
TX06391,ACC275,ACC531,14121,2026-08-31 12:26:55.926659,MEDIUM,0
TX06392,ACC434,ACC974,5938,2026-08-31 12:25:55.926659,LOW,0
TX06393,ACC817,ACC694,13999,2026-08-31 12:24:55.926659,MEDIUM,0
TX06394,ACC693,ACC622,9255,2026-08-31 12:23:55.926659,MEDIUM,0
TX06395,ACC805,ACC386,4011,2026-08-31 12:22:55.926659,LOW,0
TX06396,ACC355,ACC174,1243,2026-08-31 12:21:55.926659,LOW,0
TX06397,ACC980,ACC846,12709,2026-08-31 12:20:55.926659,MEDIUM,0
TX06398,ACC719,ACC184,10050,2026-08-31 12:19:55.926659,MEDIUM,0
TX06399,ACC597,ACC486,6969,2026-08-31 12:18:55.926659,LOW,0
TX06400,ACC838,ACC417,5421,2026-08-31 12:17:55.926659,LOW,0
TX06401,ACC164,ACC294,18363,2026-08-31 12:16:55.926659,HIGH,1
TX06402,ACC126,ACC895,14193,2026-08-31 12:15:55.926659,MEDIUM,0
TX06403,ACC698,ACC574,7199,2026-08-31 12:14:55.926659,LOW,0
TX06404,ACC944,ACC921,19316,2026-08-31 12:13:55.926659,HIGH,0
TX06405,ACC821,ACC868,4240,2026-08-31 12:12:55.926659,LOW,0
TX06406,ACC453,ACC628,10376,2026-08-31 12:11:55.926659,MEDIUM,0
TX06407,ACC910,ACC388,18264,2026-08-31 12:10:55.926659,HIGH,1
TX06408,ACC242,ACC127,6196,2026-08-31 12:09:55.926659,LOW,0
TX06409,ACC397,ACC260,6539,2026-08-31 12:08:55.926659,LOW,0
TX06410,ACC141,ACC354,14283,2026-08-31 12:07:55.926659,MEDIUM,0
TX06411,ACC513,ACC212,3441,2026-08-31 12:06:55.926659,LOW,0
TX06412,ACC645,ACC500,16721,2026-08-31 12:05:55.926659,HIGH,0
TX06413,ACC627,ACC280,16341,2026-08-31 12:04:55.926659,HIGH,0
TX06414,ACC601,ACC962,2818,2026-08-31 12:03:55.926659,LOW,0
TX06415,ACC427,ACC466,7946,2026-08-31 12:02:55.926659,LOW,0
TX06416,ACC946,ACC316,13219,2026-08-31 12:01:55.926659,MEDIUM,0
TX06417,ACC199,ACC224,14444,2026-08-31 12:00:55.926659,MEDIUM,0
TX06418,ACC306,ACC817,14496,2026-08-31 11:59:55.926659,MEDIUM,0
TX06419,ACC928,ACC586,12440,2026-08-31 11:58:55.926659,MEDIUM,0
TX06420,ACC158,ACC951,3675,2026-08-31 11:57:55.926659,LOW,0
TX06421,ACC621,ACC167,18938,2026-08-31 11:56:55.926659,HIGH,0
TX06422,ACC148,ACC996,7450,2026-08-31 11:55:55.926659,LOW,0
TX06423,ACC476,ACC420,5331,2026-08-31 11:54:55.926659,LOW,0
TX06424,ACC911,ACC274,812,2026-08-31 11:53:55.926659,LOW,0
TX06425,ACC100,ACC941,5691,2026-08-31 11:52:55.926659,LOW,0
TX06426,ACC167,ACC172,18247,2026-08-31 11:51:55.926659,HIGH,0
TX06427,ACC569,ACC361,319,2026-08-31 11:50:55.926659,LOW,0
TX06428,ACC919,ACC539,2567,2026-08-31 11:49:55.926659,LOW,0
TX06429,ACC551,ACC512,17901,2026-08-31 11:48:55.926659,HIGH,1
TX06430,ACC928,ACC486,2581,2026-08-31 11:47:55.926659,LOW,0
TX06431,ACC815,ACC877,3513,2026-08-31 11:46:55.926659,LOW,0
TX06432,ACC139,ACC525,13522,2026-08-31 11:45:55.926659,MEDIUM,0
TX06433,ACC631,ACC838,9847,2026-08-31 11:44:55.926659,MEDIUM,0
TX06434,ACC618,ACC643,2477,2026-08-31 11:43:55.926659,LOW,0
TX06435,ACC151,ACC674,9738,2026-08-31 11:42:55.926659,MEDIUM,0
TX06436,ACC210,ACC367,17742,2026-08-31 11:41:55.926659,HIGH,1
TX06437,ACC904,ACC401,12463,2026-08-31 11:40:55.926659,MEDIUM,0
TX06438,ACC300,ACC137,4948,2026-08-31 11:39:55.926659,LOW,0
TX06439,ACC468,ACC977,3097,2026-08-31 11:38:55.926659,LOW,0
TX06440,ACC718,ACC185,5807,2026-08-31 11:37:55.926659,LOW,0
TX06441,ACC353,ACC184,4430,2026-08-31 11:36:55.926659,LOW,0
TX06442,ACC800,ACC812,14945,2026-08-31 11:35:55.926659,MEDIUM,0
TX06443,ACC435,ACC650,8049,2026-08-31 11:34:55.926659,MEDIUM,0
TX06444,ACC607,ACC859,12723,2026-08-31 11:33:55.926659,MEDIUM,0
TX06445,ACC417,ACC449,10538,2026-08-31 11:32:55.926659,MEDIUM,0
TX06446,ACC375,ACC414,8482,2026-08-31 11:31:55.926659,MEDIUM,0
TX06447,ACC199,ACC357,14254,2026-08-31 11:30:55.926659,MEDIUM,0
TX06448,ACC756,ACC554,19206,2026-08-31 11:29:55.926659,HIGH,1
TX06449,ACC237,ACC787,17850,2026-08-31 11:28:55.926659,HIGH,1
TX06450,ACC530,ACC357,8349,2026-08-31 11:27:55.926659,MEDIUM,0
TX06451,ACC368,ACC594,15200,2026-08-31 11:26:55.926659,HIGH,1
TX06452,ACC419,ACC130,3601,2026-08-31 11:25:55.926659,LOW,0
TX06453,ACC886,ACC717,4003,2026-08-31 11:24:55.926659,LOW,0
TX06454,ACC656,ACC112,14657,2026-08-31 11:23:55.926659,MEDIUM,0
TX06455,ACC536,ACC774,9170,2026-08-31 11:22:55.926659,MEDIUM,0
TX06456,ACC542,ACC501,2506,2026-08-31 11:21:55.926659,LOW,0
TX06457,ACC484,ACC786,1397,2026-08-31 11:20:55.926659,LOW,0
TX06458,ACC530,ACC837,3421,2026-08-31 11:19:55.926659,LOW,0
TX06459,ACC396,ACC301,9855,2026-08-31 11:18:55.926659,MEDIUM,0
TX06460,ACC497,ACC706,15828,2026-08-31 11:17:55.926659,HIGH,1
TX06461,ACC962,ACC533,1152,2026-08-31 11:16:55.926659,LOW,0
TX06462,ACC218,ACC446,5683,2026-08-31 11:15:55.926659,LOW,0
TX06463,ACC660,ACC137,694,2026-08-31 11:14:55.926659,LOW,0
TX06464,ACC772,ACC412,13801,2026-08-31 11:13:55.926659,MEDIUM,0
TX06465,ACC451,ACC122,6025,2026-08-31 11:12:55.926659,LOW,0
TX06466,ACC632,ACC554,19065,2026-08-31 11:11:55.926659,HIGH,0
TX06467,ACC237,ACC479,6080,2026-08-31 11:10:55.926659,LOW,0
TX06468,ACC201,ACC830,11677,2026-08-31 11:09:55.926659,MEDIUM,0
TX06469,ACC568,ACC529,3791,2026-08-31 11:08:55.926659,LOW,0
TX06470,ACC714,ACC563,8095,2026-08-31 11:07:55.926659,MEDIUM,0
TX06471,ACC346,ACC601,10637,2026-08-31 11:06:55.926659,MEDIUM,0
TX06472,ACC827,ACC873,13970,2026-08-31 11:05:55.926659,MEDIUM,0
TX06473,ACC696,ACC523,15930,2026-08-31 11:04:55.926659,HIGH,0
TX06474,ACC570,ACC783,6856,2026-08-31 11:03:55.926659,LOW,0
TX06475,ACC343,ACC955,19427,2026-08-31 11:02:55.926659,HIGH,1
TX06476,ACC458,ACC974,4301,2026-08-31 11:01:55.926659,LOW,0
TX06477,ACC688,ACC592,16567,2026-08-31 11:00:55.926659,HIGH,1
TX06478,ACC724,ACC923,13927,2026-08-31 10:59:55.926659,MEDIUM,0
TX06479,ACC396,ACC142,9794,2026-08-31 10:58:55.926659,MEDIUM,0
TX06480,ACC229,ACC504,3684,2026-08-31 10:57:55.926659,LOW,0
TX06481,ACC210,ACC820,6604,2026-08-31 10:56:55.926659,LOW,0
TX06482,ACC258,ACC881,12620,2026-08-31 10:55:55.926659,MEDIUM,0
TX06483,ACC501,ACC276,10963,2026-08-31 10:54:55.926659,MEDIUM,0
TX06484,ACC679,ACC936,7222,2026-08-31 10:53:55.926659,LOW,0
TX06485,ACC598,ACC271,1832,2026-08-31 10:52:55.926659,LOW,0
TX06486,ACC197,ACC735,15033,2026-08-31 10:51:55.926659,HIGH,0
TX06487,ACC257,ACC410,3798,2026-08-31 10:50:55.926659,LOW,0
TX06488,ACC636,ACC727,1089,2026-08-31 10:49:55.926659,LOW,0
TX06489,ACC291,ACC675,10842,2026-08-31 10:48:55.926659,MEDIUM,0
TX06490,ACC219,ACC762,6290,2026-08-31 10:47:55.926659,LOW,0
TX06491,ACC226,ACC386,11739,2026-08-31 10:46:55.926659,MEDIUM,0
TX06492,ACC214,ACC532,9692,2026-08-31 10:45:55.926659,MEDIUM,0
TX06493,ACC496,ACC721,12604,2026-08-31 10:44:55.926659,MEDIUM,0
TX06494,ACC439,ACC418,9573,2026-08-31 10:43:55.926659,MEDIUM,0
TX06495,ACC193,ACC621,1750,2026-08-31 10:42:55.926659,LOW,0
TX06496,ACC881,ACC219,6281,2026-08-31 10:41:55.926659,LOW,0
TX06497,ACC473,ACC347,13362,2026-08-31 10:40:55.926659,MEDIUM,0
TX06498,ACC652,ACC187,2616,2026-08-31 10:39:55.926659,LOW,0
TX06499,ACC222,ACC676,12607,2026-08-31 10:38:55.926659,MEDIUM,0
TX06500,ACC830,ACC186,8253,2026-08-31 10:37:55.926659,MEDIUM,0
TX06501,ACC318,ACC634,13366,2026-08-31 10:36:55.926659,MEDIUM,0
TX06502,ACC199,ACC928,4234,2026-08-31 10:35:55.926659,LOW,0
TX06503,ACC243,ACC249,18147,2026-08-31 10:34:55.926659,HIGH,0
TX06504,ACC935,ACC448,1994,2026-08-31 10:33:55.926659,LOW,0
TX06505,ACC588,ACC779,8396,2026-08-31 10:32:55.926659,MEDIUM,0
TX06506,ACC688,ACC139,5254,2026-08-31 10:31:55.926659,LOW,0
TX06507,ACC168,ACC368,8236,2026-08-31 10:30:55.926659,MEDIUM,0
TX06508,ACC166,ACC793,5295,2026-08-31 10:29:55.926659,LOW,0
TX06509,ACC524,ACC350,6600,2026-08-31 10:28:55.926659,LOW,0
TX06510,ACC723,ACC591,1411,2026-08-31 10:27:55.926659,LOW,0
TX06511,ACC108,ACC561,18586,2026-08-31 10:26:55.926659,HIGH,0
TX06512,ACC733,ACC297,2541,2026-08-31 10:25:55.926659,LOW,0
TX06513,ACC299,ACC431,1300,2026-08-31 10:24:55.926659,LOW,0
TX06514,ACC231,ACC831,15113,2026-08-31 10:23:55.926659,HIGH,1
TX06515,ACC599,ACC363,18498,2026-08-31 10:22:55.926659,HIGH,0
TX06516,ACC931,ACC546,16151,2026-08-31 10:21:55.926659,HIGH,0
TX06517,ACC811,ACC869,18860,2026-08-31 10:20:55.926659,HIGH,0
TX06518,ACC842,ACC980,6074,2026-08-31 10:19:55.926659,LOW,0
TX06519,ACC136,ACC247,16748,2026-08-31 10:18:55.926659,HIGH,1
TX06520,ACC416,ACC931,8688,2026-08-31 10:17:55.926659,MEDIUM,0
TX06521,ACC990,ACC392,13071,2026-08-31 10:16:55.926659,MEDIUM,0
TX06522,ACC475,ACC914,15922,2026-08-31 10:15:55.926659,HIGH,0
TX06523,ACC620,ACC143,11307,2026-08-31 10:14:55.926659,MEDIUM,0
TX06524,ACC344,ACC214,9523,2026-08-31 10:13:55.926659,MEDIUM,0
TX06525,ACC248,ACC380,6080,2026-08-31 10:12:55.926659,LOW,0
TX06526,ACC704,ACC979,3795,2026-08-31 10:11:55.926659,LOW,0
TX06527,ACC188,ACC194,13503,2026-08-31 10:10:55.926659,MEDIUM,0
TX06528,ACC610,ACC430,18256,2026-08-31 10:09:55.926659,HIGH,0
TX06529,ACC858,ACC557,3801,2026-08-31 10:08:55.926659,LOW,0
TX06530,ACC646,ACC631,6765,2026-08-31 10:07:55.926659,LOW,0
TX06531,ACC739,ACC882,2402,2026-08-31 10:06:55.926659,LOW,0
TX06532,ACC943,ACC925,9237,2026-08-31 10:05:55.926659,MEDIUM,0
TX06533,ACC452,ACC586,9868,2026-08-31 10:04:55.926659,MEDIUM,0
TX06534,ACC905,ACC780,13936,2026-08-31 10:03:55.926659,MEDIUM,0
TX06535,ACC585,ACC684,7986,2026-08-31 10:02:55.926659,LOW,0
TX06536,ACC295,ACC721,6030,2026-08-31 10:01:55.926659,LOW,0
TX06537,ACC447,ACC262,14007,2026-08-31 10:00:55.926659,MEDIUM,0
TX06538,ACC367,ACC776,14576,2026-08-31 09:59:55.926659,MEDIUM,0
TX06539,ACC218,ACC173,8651,2026-08-31 09:58:55.926659,MEDIUM,0
TX06540,ACC828,ACC739,14512,2026-08-31 09:57:55.926659,MEDIUM,0
TX06541,ACC986,ACC794,2452,2026-08-31 09:56:55.926659,LOW,0
TX06542,ACC873,ACC518,5752,2026-08-31 09:55:55.926659,LOW,0
TX06543,ACC168,ACC703,18216,2026-08-31 09:54:55.926659,HIGH,0
TX06544,ACC720,ACC970,12479,2026-08-31 09:53:55.926659,MEDIUM,0
TX06545,ACC414,ACC109,9553,2026-08-31 09:52:55.926659,MEDIUM,0
TX06546,ACC293,ACC321,16959,2026-08-31 09:51:55.926659,HIGH,0
TX06547,ACC686,ACC702,1285,2026-08-31 09:50:55.926659,LOW,0
TX06548,ACC479,ACC821,5504,2026-08-31 09:49:55.926659,LOW,0
TX06549,ACC332,ACC984,14961,2026-08-31 09:48:55.926659,MEDIUM,0
TX06550,ACC915,ACC809,11145,2026-08-31 09:47:55.926659,MEDIUM,0
TX06551,ACC398,ACC168,17446,2026-08-31 09:46:55.926659,HIGH,0
TX06552,ACC760,ACC757,7120,2026-08-31 09:45:55.926659,LOW,0
TX06553,ACC746,ACC578,14489,2026-08-31 09:44:55.926659,MEDIUM,0
TX06554,ACC637,ACC336,14702,2026-08-31 09:43:55.926659,MEDIUM,0
TX06555,ACC545,ACC947,11100,2026-08-31 09:42:55.926659,MEDIUM,0
TX06556,ACC897,ACC309,6708,2026-08-31 09:41:55.926659,LOW,0
TX06557,ACC418,ACC446,13186,2026-08-31 09:40:55.926659,MEDIUM,0
TX06558,ACC299,ACC576,14387,2026-08-31 09:39:55.926659,MEDIUM,0
TX06559,ACC247,ACC393,16542,2026-08-31 09:38:55.926659,HIGH,0
TX06560,ACC322,ACC520,18814,2026-08-31 09:37:55.926659,HIGH,0
TX06561,ACC323,ACC558,14127,2026-08-31 09:36:55.926659,MEDIUM,0
TX06562,ACC867,ACC653,5989,2026-08-31 09:35:55.926659,LOW,0
TX06563,ACC984,ACC626,7125,2026-08-31 09:34:55.926659,LOW,0
TX06564,ACC273,ACC769,888,2026-08-31 09:33:55.926659,LOW,0
TX06565,ACC192,ACC387,13387,2026-08-31 09:32:55.926659,MEDIUM,0
TX06566,ACC719,ACC821,5182,2026-08-31 09:31:55.926659,LOW,0
TX06567,ACC233,ACC384,7678,2026-08-31 09:30:55.926659,LOW,0
TX06568,ACC539,ACC701,16660,2026-08-31 09:29:55.926659,HIGH,0
TX06569,ACC904,ACC805,10392,2026-08-31 09:28:55.926659,MEDIUM,0
TX06570,ACC546,ACC782,14968,2026-08-31 09:27:55.926659,MEDIUM,0
TX06571,ACC258,ACC145,18233,2026-08-31 09:26:55.926659,HIGH,0
TX06572,ACC355,ACC145,19379,2026-08-31 09:25:55.926659,HIGH,0
TX06573,ACC207,ACC727,4990,2026-08-31 09:24:55.926659,LOW,0
TX06574,ACC933,ACC667,8384,2026-08-31 09:23:55.926659,MEDIUM,0
TX06575,ACC124,ACC869,9800,2026-08-31 09:22:55.926659,MEDIUM,0
TX06576,ACC818,ACC840,14466,2026-08-31 09:21:55.926659,MEDIUM,0
TX06577,ACC375,ACC184,12890,2026-08-31 09:20:55.926659,MEDIUM,0
TX06578,ACC136,ACC753,14395,2026-08-31 09:19:55.926659,MEDIUM,0
TX06579,ACC501,ACC858,1644,2026-08-31 09:18:55.926659,LOW,0
TX06580,ACC544,ACC223,12563,2026-08-31 09:17:55.926659,MEDIUM,0
TX06581,ACC910,ACC814,10159,2026-08-31 09:16:55.926659,MEDIUM,0
TX06582,ACC304,ACC168,426,2026-08-31 09:15:55.926659,LOW,0
TX06583,ACC984,ACC404,12504,2026-08-31 09:14:55.926659,MEDIUM,0
TX06584,ACC760,ACC991,8565,2026-08-31 09:13:55.926659,MEDIUM,0
TX06585,ACC300,ACC887,18570,2026-08-31 09:12:55.926659,HIGH,0
TX06586,ACC598,ACC456,18233,2026-08-31 09:11:55.926659,HIGH,0
TX06587,ACC854,ACC242,5810,2026-08-31 09:10:55.926659,LOW,0
TX06588,ACC756,ACC548,2498,2026-08-31 09:09:55.926659,LOW,0
TX06589,ACC402,ACC559,17033,2026-08-31 09:08:55.926659,HIGH,1
TX06590,ACC397,ACC166,1332,2026-08-31 09:07:55.926659,LOW,0
TX06591,ACC728,ACC178,2161,2026-08-31 09:06:55.926659,LOW,0
TX06592,ACC836,ACC333,18783,2026-08-31 09:05:55.926659,HIGH,0
TX06593,ACC447,ACC217,10221,2026-08-31 09:04:55.926659,MEDIUM,0
TX06594,ACC261,ACC399,8314,2026-08-31 09:03:55.926659,MEDIUM,0
TX06595,ACC526,ACC927,7268,2026-08-31 09:02:55.926659,LOW,0
TX06596,ACC426,ACC439,3973,2026-08-31 09:01:55.926659,LOW,0
TX06597,ACC175,ACC778,12463,2026-08-31 09:00:55.926659,MEDIUM,0
TX06598,ACC352,ACC584,17725,2026-08-31 08:59:55.926659,HIGH,1
TX06599,ACC511,ACC636,17818,2026-08-31 08:58:55.926659,HIGH,0
TX06600,ACC593,ACC451,8822,2026-08-31 08:57:55.926659,MEDIUM,0
TX06601,ACC665,ACC521,15323,2026-08-31 08:56:55.926659,HIGH,0
TX06602,ACC792,ACC233,3643,2026-08-31 08:55:55.926659,LOW,0
TX06603,ACC925,ACC530,17923,2026-08-31 08:54:55.926659,HIGH,1
TX06604,ACC348,ACC428,11251,2026-08-31 08:53:55.926659,MEDIUM,0
TX06605,ACC859,ACC250,17060,2026-08-31 08:52:55.926659,HIGH,1
TX06606,ACC521,ACC951,8906,2026-08-31 08:51:55.926659,MEDIUM,0
TX06607,ACC283,ACC535,4666,2026-08-31 08:50:55.926659,LOW,0
TX06608,ACC587,ACC354,14606,2026-08-31 08:49:55.926659,MEDIUM,0
TX06609,ACC349,ACC476,9885,2026-08-31 08:48:55.926659,MEDIUM,0
TX06610,ACC975,ACC573,8439,2026-08-31 08:47:55.926659,MEDIUM,0
TX06611,ACC323,ACC123,9545,2026-08-31 08:46:55.926659,MEDIUM,0
TX06612,ACC898,ACC712,15285,2026-08-31 08:45:55.926659,HIGH,0
TX06613,ACC216,ACC535,11983,2026-08-31 08:44:55.926659,MEDIUM,0
TX06614,ACC436,ACC719,19268,2026-08-31 08:43:55.926659,HIGH,0
TX06615,ACC340,ACC927,4347,2026-08-31 08:42:55.926659,LOW,0
TX06616,ACC477,ACC234,8137,2026-08-31 08:41:55.926659,MEDIUM,0
TX06617,ACC565,ACC365,13932,2026-08-31 08:40:55.926659,MEDIUM,0
TX06618,ACC786,ACC228,15073,2026-08-31 08:39:55.926659,HIGH,1
TX06619,ACC317,ACC979,13649,2026-08-31 08:38:55.926659,MEDIUM,0
TX06620,ACC106,ACC470,5836,2026-08-31 08:37:55.926659,LOW,0
TX06621,ACC448,ACC802,8834,2026-08-31 08:36:55.926659,MEDIUM,0
TX06622,ACC727,ACC799,13415,2026-08-31 08:35:55.926659,MEDIUM,0
TX06623,ACC164,ACC628,18891,2026-08-31 08:34:55.926659,HIGH,0
TX06624,ACC306,ACC847,10299,2026-08-31 08:33:55.926659,MEDIUM,0
TX06625,ACC159,ACC809,12805,2026-08-31 08:32:55.926659,MEDIUM,0
TX06626,ACC384,ACC665,8156,2026-08-31 08:31:55.926659,MEDIUM,0
TX06627,ACC260,ACC295,11043,2026-08-31 08:30:55.926659,MEDIUM,0
TX06628,ACC244,ACC553,7121,2026-08-31 08:29:55.926659,LOW,0
TX06629,ACC443,ACC972,10817,2026-08-31 08:28:55.926659,MEDIUM,0
TX06630,ACC669,ACC529,15713,2026-08-31 08:27:55.926659,HIGH,0
TX06631,ACC839,ACC163,5281,2026-08-31 08:26:55.926659,LOW,0
TX06632,ACC662,ACC603,13563,2026-08-31 08:25:55.926659,MEDIUM,0
TX06633,ACC804,ACC924,12412,2026-08-31 08:24:55.926659,MEDIUM,0
TX06634,ACC348,ACC244,1456,2026-08-31 08:23:55.926659,LOW,0
TX06635,ACC332,ACC542,12188,2026-08-31 08:22:55.926659,MEDIUM,0
TX06636,ACC464,ACC187,2195,2026-08-31 08:21:55.926659,LOW,0
TX06637,ACC627,ACC490,13134,2026-08-31 08:20:55.926659,MEDIUM,0
TX06638,ACC673,ACC134,1803,2026-08-31 08:19:55.926659,LOW,0
TX06639,ACC580,ACC611,19017,2026-08-31 08:18:55.926659,HIGH,1
TX06640,ACC645,ACC511,10268,2026-08-31 08:17:55.926659,MEDIUM,0
TX06641,ACC302,ACC416,19306,2026-08-31 08:16:55.926659,HIGH,0
TX06642,ACC494,ACC535,17212,2026-08-31 08:15:55.926659,HIGH,1
TX06643,ACC207,ACC281,16760,2026-08-31 08:14:55.926659,HIGH,1
TX06644,ACC847,ACC816,13963,2026-08-31 08:13:55.926659,MEDIUM,0
TX06645,ACC592,ACC373,197,2026-08-31 08:12:55.926659,LOW,0
TX06646,ACC916,ACC316,1139,2026-08-31 08:11:55.926659,LOW,0
TX06647,ACC339,ACC270,10573,2026-08-31 08:10:55.926659,MEDIUM,0
TX06648,ACC786,ACC110,10034,2026-08-31 08:09:55.926659,MEDIUM,0
TX06649,ACC315,ACC348,16556,2026-08-31 08:08:55.926659,HIGH,0
TX06650,ACC825,ACC753,19432,2026-08-31 08:07:55.926659,HIGH,1
TX06651,ACC299,ACC566,13622,2026-08-31 08:06:55.926659,MEDIUM,0
TX06652,ACC796,ACC447,7534,2026-08-31 08:05:55.926659,LOW,0
TX06653,ACC921,ACC502,4080,2026-08-31 08:04:55.926659,LOW,0
TX06654,ACC952,ACC713,11333,2026-08-31 08:03:55.926659,MEDIUM,0
TX06655,ACC823,ACC570,19551,2026-08-31 08:02:55.926659,HIGH,1
TX06656,ACC834,ACC634,13297,2026-08-31 08:01:55.926659,MEDIUM,0
TX06657,ACC945,ACC505,7681,2026-08-31 08:00:55.926659,LOW,0
TX06658,ACC113,ACC391,15282,2026-08-31 07:59:55.926659,HIGH,1
TX06659,ACC678,ACC891,6266,2026-08-31 07:58:55.926659,LOW,0
TX06660,ACC721,ACC652,19038,2026-08-31 07:57:55.926659,HIGH,0
TX06661,ACC133,ACC338,14773,2026-08-31 07:56:55.926659,MEDIUM,0
TX06662,ACC963,ACC937,18346,2026-08-31 07:55:55.926659,HIGH,0
TX06663,ACC152,ACC391,7819,2026-08-31 07:54:55.926659,LOW,0
TX06664,ACC883,ACC477,435,2026-08-31 07:53:55.926659,LOW,0
TX06665,ACC510,ACC115,14063,2026-08-31 07:52:55.926659,MEDIUM,0
TX06666,ACC662,ACC134,18516,2026-08-31 07:51:55.926659,HIGH,0
TX06667,ACC655,ACC910,3127,2026-08-31 07:50:55.926659,LOW,0
TX06668,ACC950,ACC518,7528,2026-08-31 07:49:55.926659,LOW,0
TX06669,ACC711,ACC856,12680,2026-08-31 07:48:55.926659,MEDIUM,0
TX06670,ACC239,ACC661,463,2026-08-31 07:47:55.926659,LOW,0
TX06671,ACC271,ACC396,5249,2026-08-31 07:46:55.926659,LOW,0
TX06672,ACC784,ACC591,5699,2026-08-31 07:45:55.926659,LOW,0
TX06673,ACC497,ACC977,15386,2026-08-31 07:44:55.926659,HIGH,1
TX06674,ACC712,ACC456,4399,2026-08-31 07:43:55.926659,LOW,0
TX06675,ACC972,ACC322,10701,2026-08-31 07:42:55.926659,MEDIUM,0
TX06676,ACC819,ACC376,5243,2026-08-31 07:41:55.926659,LOW,0
TX06677,ACC301,ACC477,3627,2026-08-31 07:40:55.926659,LOW,0
TX06678,ACC972,ACC758,6368,2026-08-31 07:39:55.926659,LOW,0
TX06679,ACC625,ACC986,11386,2026-08-31 07:38:55.926659,MEDIUM,0
TX06680,ACC607,ACC387,7700,2026-08-31 07:37:55.926659,LOW,0
TX06681,ACC637,ACC297,17803,2026-08-31 07:36:55.926659,HIGH,0
TX06682,ACC550,ACC190,11128,2026-08-31 07:35:55.926659,MEDIUM,0
TX06683,ACC181,ACC214,9611,2026-08-31 07:34:55.926659,MEDIUM,0
TX06684,ACC512,ACC942,17102,2026-08-31 07:33:55.926659,HIGH,0
TX06685,ACC407,ACC777,16590,2026-08-31 07:32:55.926659,HIGH,1
TX06686,ACC816,ACC656,8279,2026-08-31 07:31:55.926659,MEDIUM,0
TX06687,ACC881,ACC538,14603,2026-08-31 07:30:55.926659,MEDIUM,0
TX06688,ACC796,ACC262,14551,2026-08-31 07:29:55.926659,MEDIUM,0
TX06689,ACC761,ACC363,5824,2026-08-31 07:28:55.926659,LOW,0
TX06690,ACC821,ACC393,5271,2026-08-31 07:27:55.926659,LOW,0
TX06691,ACC806,ACC339,2250,2026-08-31 07:26:55.926659,LOW,0
TX06692,ACC848,ACC734,12047,2026-08-31 07:25:55.926659,MEDIUM,0
TX06693,ACC650,ACC263,3661,2026-08-31 07:24:55.926659,LOW,0
TX06694,ACC104,ACC648,2071,2026-08-31 07:23:55.926659,LOW,0
TX06695,ACC937,ACC421,16279,2026-08-31 07:22:55.926659,HIGH,0
TX06696,ACC767,ACC300,14539,2026-08-31 07:21:55.926659,MEDIUM,0
TX06697,ACC763,ACC268,9949,2026-08-31 07:20:55.926659,MEDIUM,0
TX06698,ACC540,ACC432,330,2026-08-31 07:19:55.926659,LOW,0
TX06699,ACC146,ACC352,5687,2026-08-31 07:18:55.926659,LOW,0
TX06700,ACC831,ACC433,15658,2026-08-31 07:17:55.926659,HIGH,0
TX06701,ACC582,ACC657,15598,2026-08-31 07:16:55.926659,HIGH,1
TX06702,ACC268,ACC749,18700,2026-08-31 07:15:55.926659,HIGH,0
TX06703,ACC777,ACC420,15195,2026-08-31 07:14:55.926659,HIGH,1
TX06704,ACC429,ACC273,16257,2026-08-31 07:13:55.926659,HIGH,1
TX06705,ACC617,ACC902,7982,2026-08-31 07:12:55.926659,LOW,0
TX06706,ACC970,ACC161,18871,2026-08-31 07:11:55.926659,HIGH,0
TX06707,ACC638,ACC911,9767,2026-08-31 07:10:55.926659,MEDIUM,0
TX06708,ACC195,ACC358,13901,2026-08-31 07:09:55.926659,MEDIUM,0
TX06709,ACC807,ACC911,8555,2026-08-31 07:08:55.926659,MEDIUM,0
TX06710,ACC379,ACC573,5608,2026-08-31 07:07:55.926659,LOW,0
TX06711,ACC463,ACC940,17828,2026-08-31 07:06:55.926659,HIGH,0
TX06712,ACC817,ACC760,4407,2026-08-31 07:05:55.926659,LOW,0
TX06713,ACC532,ACC676,17949,2026-08-31 07:04:55.926659,HIGH,1
TX06714,ACC685,ACC627,1217,2026-08-31 07:03:55.926659,LOW,0
TX06715,ACC732,ACC201,18518,2026-08-31 07:02:55.926659,HIGH,0
TX06716,ACC799,ACC983,15575,2026-08-31 07:01:55.926659,HIGH,1
TX06717,ACC260,ACC669,14100,2026-08-31 07:00:55.926659,MEDIUM,0
TX06718,ACC779,ACC289,16060,2026-08-31 06:59:55.926659,HIGH,0
TX06719,ACC716,ACC441,15706,2026-08-31 06:58:55.926659,HIGH,0
TX06720,ACC393,ACC380,14448,2026-08-31 06:57:55.926659,MEDIUM,0
TX06721,ACC799,ACC407,9804,2026-08-31 06:56:55.926659,MEDIUM,0
TX06722,ACC393,ACC592,2048,2026-08-31 06:55:55.926659,LOW,0
TX06723,ACC153,ACC914,2386,2026-08-31 06:54:55.926659,LOW,0
TX06724,ACC355,ACC741,5553,2026-08-31 06:53:55.926659,LOW,0
TX06725,ACC860,ACC536,376,2026-08-31 06:52:55.926659,LOW,0
TX06726,ACC516,ACC395,13069,2026-08-31 06:51:55.926659,MEDIUM,0
TX06727,ACC979,ACC554,760,2026-08-31 06:50:55.926659,LOW,0
TX06728,ACC494,ACC244,13665,2026-08-31 06:49:55.926659,MEDIUM,0
TX06729,ACC313,ACC774,19222,2026-08-31 06:48:55.926659,HIGH,1
TX06730,ACC670,ACC184,15541,2026-08-31 06:47:55.926659,HIGH,1
TX06731,ACC523,ACC499,4454,2026-08-31 06:46:55.926659,LOW,0
TX06732,ACC859,ACC772,5302,2026-08-31 06:45:55.926659,LOW,0
TX06733,ACC432,ACC711,18877,2026-08-31 06:44:55.926659,HIGH,1
TX06734,ACC454,ACC966,2086,2026-08-31 06:43:55.926659,LOW,0
TX06735,ACC876,ACC791,12016,2026-08-31 06:42:55.926659,MEDIUM,0
TX06736,ACC214,ACC724,2255,2026-08-31 06:41:55.926659,LOW,0
TX06737,ACC280,ACC921,4711,2026-08-31 06:40:55.926659,LOW,0
TX06738,ACC162,ACC935,3069,2026-08-31 06:39:55.926659,LOW,0
TX06739,ACC826,ACC979,19571,2026-08-31 06:38:55.926659,HIGH,0
TX06740,ACC834,ACC280,3101,2026-08-31 06:37:55.926659,LOW,0
TX06741,ACC220,ACC302,17584,2026-08-31 06:36:55.926659,HIGH,0
TX06742,ACC893,ACC934,11759,2026-08-31 06:35:55.926659,MEDIUM,0
TX06743,ACC862,ACC496,10744,2026-08-31 06:34:55.926659,MEDIUM,0
TX06744,ACC109,ACC313,15118,2026-08-31 06:33:55.926659,HIGH,1
TX06745,ACC906,ACC716,945,2026-08-31 06:32:55.926659,LOW,0
TX06746,ACC235,ACC991,5826,2026-08-31 06:31:55.926659,LOW,0
TX06747,ACC412,ACC363,13458,2026-08-31 06:30:55.926659,MEDIUM,0
TX06748,ACC708,ACC739,6214,2026-08-31 06:29:55.926659,LOW,0
TX06749,ACC264,ACC259,15758,2026-08-31 06:28:55.926659,HIGH,1
TX06750,ACC943,ACC377,7058,2026-08-31 06:27:55.926659,LOW,0
TX06751,ACC422,ACC431,11166,2026-08-31 06:26:55.926659,MEDIUM,0
TX06752,ACC626,ACC187,5994,2026-08-31 06:25:55.926659,LOW,0
TX06753,ACC105,ACC786,1644,2026-08-31 06:24:55.926659,LOW,0
TX06754,ACC478,ACC712,1191,2026-08-31 06:23:55.926659,LOW,0
TX06755,ACC806,ACC874,4083,2026-08-31 06:22:55.926659,LOW,0
TX06756,ACC372,ACC529,14483,2026-08-31 06:21:55.926659,MEDIUM,0
TX06757,ACC475,ACC422,8905,2026-08-31 06:20:55.926659,MEDIUM,0
TX06758,ACC514,ACC277,1625,2026-08-31 06:19:55.926659,LOW,0
TX06759,ACC202,ACC627,13669,2026-08-31 06:18:55.926659,MEDIUM,0
TX06760,ACC828,ACC614,11615,2026-08-31 06:17:55.926659,MEDIUM,0
TX06761,ACC767,ACC177,2870,2026-08-31 06:16:55.926659,LOW,0
TX06762,ACC996,ACC101,2024,2026-08-31 06:15:55.926659,LOW,0
TX06763,ACC764,ACC430,12090,2026-08-31 06:14:55.926659,MEDIUM,0
TX06764,ACC622,ACC266,19597,2026-08-31 06:13:55.926659,HIGH,0
TX06765,ACC437,ACC673,2196,2026-08-31 06:12:55.926659,LOW,0
TX06766,ACC336,ACC106,6659,2026-08-31 06:11:55.926659,LOW,0
TX06767,ACC566,ACC555,5096,2026-08-31 06:10:55.926659,LOW,0
TX06768,ACC982,ACC939,2132,2026-08-31 06:09:55.926659,LOW,0
TX06769,ACC226,ACC167,7132,2026-08-31 06:08:55.926659,LOW,0
TX06770,ACC571,ACC965,3337,2026-08-31 06:07:55.926659,LOW,0
TX06771,ACC552,ACC615,4947,2026-08-31 06:06:55.926659,LOW,0
TX06772,ACC468,ACC222,5035,2026-08-31 06:05:55.926659,LOW,0
TX06773,ACC447,ACC791,14914,2026-08-31 06:04:55.926659,MEDIUM,0
TX06774,ACC245,ACC344,1326,2026-08-31 06:03:55.926659,LOW,0
TX06775,ACC935,ACC518,7556,2026-08-31 06:02:55.926659,LOW,0
TX06776,ACC858,ACC502,10519,2026-08-31 06:01:55.926659,MEDIUM,0
TX06777,ACC964,ACC839,7734,2026-08-31 06:00:55.926659,LOW,0
TX06778,ACC442,ACC303,3650,2026-08-31 05:59:55.926659,LOW,0
TX06779,ACC728,ACC548,17829,2026-08-31 05:58:55.926659,HIGH,1
TX06780,ACC923,ACC652,6355,2026-08-31 05:57:55.926659,LOW,0
TX06781,ACC182,ACC537,1133,2026-08-31 05:56:55.926659,LOW,0
TX06782,ACC952,ACC462,11015,2026-08-31 05:55:55.926659,MEDIUM,0
TX06783,ACC443,ACC497,595,2026-08-31 05:54:55.926659,LOW,0
TX06784,ACC338,ACC350,4938,2026-08-31 05:53:55.926659,LOW,0
TX06785,ACC884,ACC944,14545,2026-08-31 05:52:55.926659,MEDIUM,0
TX06786,ACC578,ACC910,4172,2026-08-31 05:51:55.926659,LOW,0
TX06787,ACC340,ACC397,11676,2026-08-31 05:50:55.926659,MEDIUM,0
TX06788,ACC119,ACC590,16901,2026-08-31 05:49:55.926659,HIGH,1
TX06789,ACC523,ACC115,6151,2026-08-31 05:48:55.926659,LOW,0
TX06790,ACC509,ACC892,9444,2026-08-31 05:47:55.926659,MEDIUM,0
TX06791,ACC642,ACC683,18862,2026-08-31 05:46:55.926659,HIGH,0
TX06792,ACC999,ACC585,15875,2026-08-31 05:45:55.926659,HIGH,1
TX06793,ACC745,ACC535,5486,2026-08-31 05:44:55.926659,LOW,0
TX06794,ACC650,ACC722,6990,2026-08-31 05:43:55.926659,LOW,0
TX06795,ACC937,ACC318,17151,2026-08-31 05:42:55.926659,HIGH,0
TX06796,ACC858,ACC392,18437,2026-08-31 05:41:55.926659,HIGH,1
TX06797,ACC388,ACC283,6477,2026-08-31 05:40:55.926659,LOW,0
TX06798,ACC844,ACC541,15059,2026-08-31 05:39:55.926659,HIGH,0
TX06799,ACC197,ACC499,12339,2026-08-31 05:38:55.926659,MEDIUM,0
TX06800,ACC247,ACC329,8107,2026-08-31 05:37:55.926659,MEDIUM,0
TX06801,ACC270,ACC488,12916,2026-08-31 05:36:55.926659,MEDIUM,0
TX06802,ACC600,ACC640,11477,2026-08-31 05:35:55.926659,MEDIUM,0
TX06803,ACC217,ACC583,4381,2026-08-31 05:34:55.926659,LOW,0
TX06804,ACC497,ACC472,15299,2026-08-31 05:33:55.926659,HIGH,0
TX06805,ACC306,ACC161,10103,2026-08-31 05:32:55.926659,MEDIUM,0
TX06806,ACC154,ACC365,1295,2026-08-31 05:31:55.926659,LOW,0
TX06807,ACC329,ACC422,5704,2026-08-31 05:30:55.926659,LOW,0
TX06808,ACC879,ACC686,4330,2026-08-31 05:29:55.926659,LOW,0
TX06809,ACC613,ACC751,15926,2026-08-31 05:28:55.926659,HIGH,1
TX06810,ACC494,ACC800,3132,2026-08-31 05:27:55.926659,LOW,0
TX06811,ACC648,ACC709,15755,2026-08-31 05:26:55.926659,HIGH,0
TX06812,ACC588,ACC109,12111,2026-08-31 05:25:55.926659,MEDIUM,0
TX06813,ACC346,ACC924,15144,2026-08-31 05:24:55.926659,HIGH,1
TX06814,ACC809,ACC905,9355,2026-08-31 05:23:55.926659,MEDIUM,0
TX06815,ACC509,ACC545,3464,2026-08-31 05:22:55.926659,LOW,0
TX06816,ACC288,ACC182,6040,2026-08-31 05:21:55.926659,LOW,0
TX06817,ACC826,ACC266,18810,2026-08-31 05:20:55.926659,HIGH,1
TX06818,ACC533,ACC531,6827,2026-08-31 05:19:55.926659,LOW,0
TX06819,ACC830,ACC732,5346,2026-08-31 05:18:55.926659,LOW,0
TX06820,ACC108,ACC528,1755,2026-08-31 05:17:55.926659,LOW,0
TX06821,ACC870,ACC170,8407,2026-08-31 05:16:55.926659,MEDIUM,0
TX06822,ACC458,ACC160,18399,2026-08-31 05:15:55.926659,HIGH,0
TX06823,ACC332,ACC760,10695,2026-08-31 05:14:55.926659,MEDIUM,0
TX06824,ACC204,ACC211,7339,2026-08-31 05:13:55.926659,LOW,0
TX06825,ACC506,ACC490,10591,2026-08-31 05:12:55.926659,MEDIUM,0
TX06826,ACC892,ACC238,8727,2026-08-31 05:11:55.926659,MEDIUM,0
TX06827,ACC234,ACC774,18591,2026-08-31 05:10:55.926659,HIGH,1
TX06828,ACC389,ACC865,1807,2026-08-31 05:09:55.926659,LOW,0
TX06829,ACC353,ACC792,13748,2026-08-31 05:08:55.926659,MEDIUM,0
TX06830,ACC398,ACC721,1731,2026-08-31 05:07:55.926659,LOW,0
TX06831,ACC266,ACC249,5822,2026-08-31 05:06:55.926659,LOW,0
TX06832,ACC526,ACC350,11359,2026-08-31 05:05:55.926659,MEDIUM,0
TX06833,ACC195,ACC613,11453,2026-08-31 05:04:55.926659,MEDIUM,0
TX06834,ACC891,ACC761,10520,2026-08-31 05:03:55.926659,MEDIUM,0
TX06835,ACC134,ACC323,14740,2026-08-31 05:02:55.926659,MEDIUM,0
TX06836,ACC838,ACC967,5897,2026-08-31 05:01:55.926659,LOW,0
TX06837,ACC461,ACC528,16049,2026-08-31 05:00:55.926659,HIGH,0
TX06838,ACC745,ACC144,6202,2026-08-31 04:59:55.926659,LOW,0
TX06839,ACC684,ACC324,13303,2026-08-31 04:58:55.926659,MEDIUM,0
TX06840,ACC930,ACC283,5545,2026-08-31 04:57:55.926659,LOW,0
TX06841,ACC428,ACC884,12005,2026-08-31 04:56:55.926659,MEDIUM,0
TX06842,ACC695,ACC380,387,2026-08-31 04:55:55.926659,LOW,0
TX06843,ACC697,ACC246,15369,2026-08-31 04:54:55.926659,HIGH,1
TX06844,ACC574,ACC246,16471,2026-08-31 04:53:55.926659,HIGH,0
TX06845,ACC418,ACC289,7783,2026-08-31 04:52:55.926659,LOW,0
TX06846,ACC651,ACC539,12165,2026-08-31 04:51:55.926659,MEDIUM,0
TX06847,ACC369,ACC215,9664,2026-08-31 04:50:55.926659,MEDIUM,0
TX06848,ACC372,ACC637,10910,2026-08-31 04:49:55.926659,MEDIUM,0
TX06849,ACC813,ACC986,7610,2026-08-31 04:48:55.926659,LOW,0
TX06850,ACC207,ACC651,4894,2026-08-31 04:47:55.926659,LOW,0
TX06851,ACC241,ACC648,7766,2026-08-31 04:46:55.926659,LOW,0
TX06852,ACC138,ACC448,2272,2026-08-31 04:45:55.926659,LOW,0
TX06853,ACC572,ACC605,13567,2026-08-31 04:44:55.926659,MEDIUM,0
TX06854,ACC401,ACC417,7836,2026-08-31 04:43:55.926659,LOW,0
TX06855,ACC114,ACC319,12863,2026-08-31 04:42:55.926659,MEDIUM,0
TX06856,ACC477,ACC643,2384,2026-08-31 04:41:55.926659,LOW,0
TX06857,ACC713,ACC660,1669,2026-08-31 04:40:55.926659,LOW,0
TX06858,ACC897,ACC403,6111,2026-08-31 04:39:55.926659,LOW,0
TX06859,ACC213,ACC385,4239,2026-08-31 04:38:55.926659,LOW,0
TX06860,ACC985,ACC894,15620,2026-08-31 04:37:55.926659,HIGH,0
TX06861,ACC983,ACC718,2505,2026-08-31 04:36:55.926659,LOW,0
TX06862,ACC757,ACC401,7373,2026-08-31 04:35:55.926659,LOW,0
TX06863,ACC165,ACC322,4331,2026-08-31 04:34:55.926659,LOW,0
TX06864,ACC121,ACC400,10808,2026-08-31 04:33:55.926659,MEDIUM,0
TX06865,ACC194,ACC744,16079,2026-08-31 04:32:55.926659,HIGH,1
TX06866,ACC777,ACC864,2239,2026-08-31 04:31:55.926659,LOW,0
TX06867,ACC873,ACC314,3149,2026-08-31 04:30:55.926659,LOW,0
TX06868,ACC723,ACC671,5328,2026-08-31 04:29:55.926659,LOW,0
TX06869,ACC404,ACC701,19115,2026-08-31 04:28:55.926659,HIGH,0
TX06870,ACC397,ACC644,14801,2026-08-31 04:27:55.926659,MEDIUM,0
TX06871,ACC186,ACC983,2403,2026-08-31 04:26:55.926659,LOW,0
TX06872,ACC278,ACC646,19145,2026-08-31 04:25:55.926659,HIGH,0
TX06873,ACC735,ACC730,17077,2026-08-31 04:24:55.926659,HIGH,0
TX06874,ACC744,ACC606,549,2026-08-31 04:23:55.926659,LOW,0
TX06875,ACC362,ACC450,13971,2026-08-31 04:22:55.926659,MEDIUM,0
TX06876,ACC760,ACC420,8999,2026-08-31 04:21:55.926659,MEDIUM,0
TX06877,ACC663,ACC776,19231,2026-08-31 04:20:55.926659,HIGH,1
TX06878,ACC109,ACC838,19500,2026-08-31 04:19:55.926659,HIGH,1
TX06879,ACC139,ACC862,8393,2026-08-31 04:18:55.926659,MEDIUM,0
TX06880,ACC626,ACC325,8768,2026-08-31 04:17:55.926659,MEDIUM,0
TX06881,ACC739,ACC536,3525,2026-08-31 04:16:55.926659,LOW,0
TX06882,ACC444,ACC470,3386,2026-08-31 04:15:55.926659,LOW,0
TX06883,ACC801,ACC197,11321,2026-08-31 04:14:55.926659,MEDIUM,0
TX06884,ACC155,ACC494,2337,2026-08-31 04:13:55.926659,LOW,0
TX06885,ACC964,ACC472,11675,2026-08-31 04:12:55.926659,MEDIUM,0
TX06886,ACC524,ACC896,3906,2026-08-31 04:11:55.926659,LOW,0
TX06887,ACC142,ACC635,11576,2026-08-31 04:10:55.926659,MEDIUM,0
TX06888,ACC888,ACC303,2580,2026-08-31 04:09:55.926659,LOW,0
TX06889,ACC858,ACC602,13210,2026-08-31 04:08:55.926659,MEDIUM,0
TX06890,ACC522,ACC855,17231,2026-08-31 04:07:55.926659,HIGH,0
TX06891,ACC372,ACC435,318,2026-08-31 04:06:55.926659,LOW,0
TX06892,ACC845,ACC598,13454,2026-08-31 04:05:55.926659,MEDIUM,0
TX06893,ACC775,ACC952,7755,2026-08-31 04:04:55.926659,LOW,0
TX06894,ACC749,ACC128,7893,2026-08-31 04:03:55.926659,LOW,0
TX06895,ACC238,ACC445,13902,2026-08-31 04:02:55.926659,MEDIUM,0
TX06896,ACC716,ACC996,6545,2026-08-31 04:01:55.926659,LOW,0
TX06897,ACC897,ACC828,16469,2026-08-31 04:00:55.926659,HIGH,1
TX06898,ACC765,ACC298,4832,2026-08-31 03:59:55.926659,LOW,0
TX06899,ACC263,ACC734,2182,2026-08-31 03:58:55.926659,LOW,0
TX06900,ACC413,ACC334,16131,2026-08-31 03:57:55.926659,HIGH,0
TX06901,ACC770,ACC328,13033,2026-08-31 03:56:55.926659,MEDIUM,0
TX06902,ACC694,ACC930,17831,2026-08-31 03:55:55.926659,HIGH,1
TX06903,ACC935,ACC380,15941,2026-08-31 03:54:55.926659,HIGH,1
TX06904,ACC650,ACC777,7758,2026-08-31 03:53:55.926659,LOW,0
TX06905,ACC558,ACC183,6602,2026-08-31 03:52:55.926659,LOW,0
TX06906,ACC384,ACC630,380,2026-08-31 03:51:55.926659,LOW,0
TX06907,ACC327,ACC719,2100,2026-08-31 03:50:55.926659,LOW,0
TX06908,ACC490,ACC467,6386,2026-08-31 03:49:55.926659,LOW,0
TX06909,ACC617,ACC181,18454,2026-08-31 03:48:55.926659,HIGH,1
TX06910,ACC214,ACC266,156,2026-08-31 03:47:55.926659,LOW,0
TX06911,ACC120,ACC612,19229,2026-08-31 03:46:55.926659,HIGH,0
TX06912,ACC106,ACC153,11390,2026-08-31 03:45:55.926659,MEDIUM,0
TX06913,ACC372,ACC516,18852,2026-08-31 03:44:55.926659,HIGH,0
TX06914,ACC469,ACC468,7008,2026-08-31 03:43:55.926659,LOW,0
TX06915,ACC691,ACC109,2430,2026-08-31 03:42:55.926659,LOW,0
TX06916,ACC463,ACC782,18804,2026-08-31 03:41:55.926659,HIGH,1
TX06917,ACC939,ACC937,116,2026-08-31 03:40:55.926659,LOW,0
TX06918,ACC213,ACC759,11319,2026-08-31 03:39:55.926659,MEDIUM,0
TX06919,ACC542,ACC905,4972,2026-08-31 03:38:55.926659,LOW,0
TX06920,ACC172,ACC385,12808,2026-08-31 03:37:55.926659,MEDIUM,0
TX06921,ACC722,ACC932,16767,2026-08-31 03:36:55.926659,HIGH,0
TX06922,ACC968,ACC286,17606,2026-08-31 03:35:55.926659,HIGH,1
TX06923,ACC251,ACC474,8363,2026-08-31 03:34:55.926659,MEDIUM,0
TX06924,ACC271,ACC246,1222,2026-08-31 03:33:55.926659,LOW,0
TX06925,ACC769,ACC638,5582,2026-08-31 03:32:55.926659,LOW,0
TX06926,ACC689,ACC343,9247,2026-08-31 03:31:55.926659,MEDIUM,0
TX06927,ACC332,ACC244,12444,2026-08-31 03:30:55.926659,MEDIUM,0
TX06928,ACC721,ACC326,19395,2026-08-31 03:29:55.926659,HIGH,1
TX06929,ACC558,ACC408,11927,2026-08-31 03:28:55.926659,MEDIUM,0
TX06930,ACC738,ACC225,17737,2026-08-31 03:27:55.926659,HIGH,0
TX06931,ACC204,ACC600,10785,2026-08-31 03:26:55.926659,MEDIUM,0
TX06932,ACC643,ACC471,11376,2026-08-31 03:25:55.926659,MEDIUM,0
TX06933,ACC162,ACC395,13274,2026-08-31 03:24:55.926659,MEDIUM,0
TX06934,ACC366,ACC635,1982,2026-08-31 03:23:55.926659,LOW,0
TX06935,ACC735,ACC151,8441,2026-08-31 03:22:55.926659,MEDIUM,0
TX06936,ACC586,ACC403,7016,2026-08-31 03:21:55.926659,LOW,0
TX06937,ACC128,ACC473,16365,2026-08-31 03:20:55.926659,HIGH,0
TX06938,ACC470,ACC910,13166,2026-08-31 03:19:55.926659,MEDIUM,0
TX06939,ACC617,ACC395,8534,2026-08-31 03:18:55.926659,MEDIUM,0
TX06940,ACC845,ACC517,12054,2026-08-31 03:17:55.926659,MEDIUM,0
TX06941,ACC987,ACC570,2327,2026-08-31 03:16:55.926659,LOW,0
TX06942,ACC152,ACC636,17707,2026-08-31 03:15:55.926659,HIGH,0
TX06943,ACC292,ACC418,6569,2026-08-31 03:14:55.926659,LOW,0
TX06944,ACC922,ACC148,10291,2026-08-31 03:13:55.926659,MEDIUM,0
TX06945,ACC541,ACC846,15697,2026-08-31 03:12:55.926659,HIGH,1
TX06946,ACC795,ACC556,19196,2026-08-31 03:11:55.926659,HIGH,1
TX06947,ACC576,ACC323,14067,2026-08-31 03:10:55.926659,MEDIUM,0
TX06948,ACC310,ACC687,15661,2026-08-31 03:09:55.926659,HIGH,1
TX06949,ACC662,ACC614,17071,2026-08-31 03:08:55.926659,HIGH,1
TX06950,ACC890,ACC849,14811,2026-08-31 03:07:55.926659,MEDIUM,0
TX06951,ACC155,ACC287,5123,2026-08-31 03:06:55.926659,LOW,0
TX06952,ACC910,ACC216,7606,2026-08-31 03:05:55.926659,LOW,0
TX06953,ACC127,ACC312,17489,2026-08-31 03:04:55.926659,HIGH,1
TX06954,ACC692,ACC250,2734,2026-08-31 03:03:55.926659,LOW,0
TX06955,ACC358,ACC303,14480,2026-08-31 03:02:55.926659,MEDIUM,0
TX06956,ACC477,ACC688,19535,2026-08-31 03:01:55.926659,HIGH,1
TX06957,ACC219,ACC897,6773,2026-08-31 03:00:55.926659,LOW,0
TX06958,ACC815,ACC219,11614,2026-08-31 02:59:55.926659,MEDIUM,0
TX06959,ACC381,ACC751,18922,2026-08-31 02:58:55.926659,HIGH,1
TX06960,ACC623,ACC598,5203,2026-08-31 02:57:55.926659,LOW,0
TX06961,ACC231,ACC594,10877,2026-08-31 02:56:55.926659,MEDIUM,0
TX06962,ACC621,ACC720,15670,2026-08-31 02:55:55.926659,HIGH,1
TX06963,ACC598,ACC711,9692,2026-08-31 02:54:55.926659,MEDIUM,0
TX06964,ACC275,ACC413,7877,2026-08-31 02:53:55.926659,LOW,0
TX06965,ACC222,ACC261,18102,2026-08-31 02:52:55.926659,HIGH,1
TX06966,ACC881,ACC641,18789,2026-08-31 02:51:55.926659,HIGH,1
TX06967,ACC972,ACC695,7795,2026-08-31 02:50:55.926659,LOW,0
TX06968,ACC669,ACC760,2329,2026-08-31 02:49:55.926659,LOW,0
TX06969,ACC286,ACC767,15820,2026-08-31 02:48:55.926659,HIGH,1
TX06970,ACC152,ACC790,2518,2026-08-31 02:47:55.926659,LOW,0
TX06971,ACC470,ACC972,4488,2026-08-31 02:46:55.926659,LOW,0
TX06972,ACC501,ACC543,5402,2026-08-31 02:45:55.926659,LOW,0
TX06973,ACC967,ACC956,5564,2026-08-31 02:44:55.926659,LOW,0
TX06974,ACC122,ACC986,3126,2026-08-31 02:43:55.926659,LOW,0
TX06975,ACC850,ACC302,9074,2026-08-31 02:42:55.926659,MEDIUM,0
TX06976,ACC310,ACC927,10635,2026-08-31 02:41:55.926659,MEDIUM,0
TX06977,ACC958,ACC772,10905,2026-08-31 02:40:55.926659,MEDIUM,0
TX06978,ACC744,ACC776,14995,2026-08-31 02:39:55.926659,MEDIUM,0
TX06979,ACC615,ACC635,6982,2026-08-31 02:38:55.926659,LOW,0
TX06980,ACC977,ACC176,18349,2026-08-31 02:37:55.926659,HIGH,1
TX06981,ACC219,ACC701,2936,2026-08-31 02:36:55.926659,LOW,0
TX06982,ACC598,ACC174,14687,2026-08-31 02:35:55.926659,MEDIUM,0
TX06983,ACC815,ACC424,2859,2026-08-31 02:34:55.926659,LOW,0
TX06984,ACC361,ACC559,9619,2026-08-31 02:33:55.926659,MEDIUM,0
TX06985,ACC161,ACC195,11762,2026-08-31 02:32:55.926659,MEDIUM,0
TX06986,ACC223,ACC927,5170,2026-08-31 02:31:55.926659,LOW,0
TX06987,ACC784,ACC243,12735,2026-08-31 02:30:55.926659,MEDIUM,0
TX06988,ACC975,ACC997,8682,2026-08-31 02:29:55.926659,MEDIUM,0
TX06989,ACC486,ACC164,2135,2026-08-31 02:28:55.926659,LOW,0
TX06990,ACC302,ACC638,2411,2026-08-31 02:27:55.926659,LOW,0
TX06991,ACC756,ACC180,3593,2026-08-31 02:26:55.926659,LOW,0
TX06992,ACC351,ACC652,12653,2026-08-31 02:25:55.926659,MEDIUM,0
TX06993,ACC298,ACC128,14150,2026-08-31 02:24:55.926659,MEDIUM,0
TX06994,ACC105,ACC490,19092,2026-08-31 02:23:55.926659,HIGH,1
TX06995,ACC235,ACC566,2533,2026-08-31 02:22:55.926659,LOW,0
TX06996,ACC164,ACC726,456,2026-08-31 02:21:55.926659,LOW,0
TX06997,ACC469,ACC518,4351,2026-08-31 02:20:55.926659,LOW,0
TX06998,ACC296,ACC358,8192,2026-08-31 02:19:55.926659,MEDIUM,0
TX06999,ACC202,ACC988,2558,2026-08-31 02:18:55.926659,LOW,0
TX07000,ACC762,ACC623,10146,2026-08-31 02:17:55.926659,MEDIUM,0
TX07001,ACC771,ACC854,19578,2026-08-31 02:16:55.926659,HIGH,1
TX07002,ACC130,ACC904,871,2026-08-31 02:15:55.926659,LOW,0
TX07003,ACC297,ACC410,1713,2026-08-31 02:14:55.926659,LOW,0
TX07004,ACC642,ACC227,18827,2026-08-31 02:13:55.926659,HIGH,1
TX07005,ACC742,ACC253,15443,2026-08-31 02:12:55.926659,HIGH,1
TX07006,ACC833,ACC958,2100,2026-08-31 02:11:55.926659,LOW,0
TX07007,ACC263,ACC758,19971,2026-08-31 02:10:55.926659,HIGH,0
TX07008,ACC834,ACC597,806,2026-08-31 02:09:55.926659,LOW,0
TX07009,ACC356,ACC389,18091,2026-08-31 02:08:55.926659,HIGH,0
TX07010,ACC415,ACC355,19117,2026-08-31 02:07:55.926659,HIGH,1
TX07011,ACC859,ACC754,6927,2026-08-31 02:06:55.926659,LOW,0
TX07012,ACC958,ACC231,381,2026-08-31 02:05:55.926659,LOW,0
TX07013,ACC899,ACC717,5135,2026-08-31 02:04:55.926659,LOW,0
TX07014,ACC107,ACC753,14996,2026-08-31 02:03:55.926659,MEDIUM,0
TX07015,ACC774,ACC130,8599,2026-08-31 02:02:55.926659,MEDIUM,0
TX07016,ACC863,ACC197,16292,2026-08-31 02:01:55.926659,HIGH,1
TX07017,ACC779,ACC907,7310,2026-08-31 02:00:55.926659,LOW,0
TX07018,ACC992,ACC860,3609,2026-08-31 01:59:55.926659,LOW,0
TX07019,ACC766,ACC995,1626,2026-08-31 01:58:55.926659,LOW,0
TX07020,ACC887,ACC818,7298,2026-08-31 01:57:55.926659,LOW,0
TX07021,ACC666,ACC120,8226,2026-08-31 01:56:55.926659,MEDIUM,0
TX07022,ACC639,ACC203,15987,2026-08-31 01:55:55.926659,HIGH,1
TX07023,ACC215,ACC316,13313,2026-08-31 01:54:55.926659,MEDIUM,0
TX07024,ACC342,ACC819,15489,2026-08-31 01:53:55.926659,HIGH,0
TX07025,ACC583,ACC879,3734,2026-08-31 01:52:55.926659,LOW,0
TX07026,ACC257,ACC937,16325,2026-08-31 01:51:55.926659,HIGH,0
TX07027,ACC952,ACC490,2040,2026-08-31 01:50:55.926659,LOW,0
TX07028,ACC431,ACC964,2015,2026-08-31 01:49:55.926659,LOW,0
TX07029,ACC113,ACC960,3177,2026-08-31 01:48:55.926659,LOW,0
TX07030,ACC490,ACC227,16313,2026-08-31 01:47:55.926659,HIGH,0
TX07031,ACC581,ACC125,16467,2026-08-31 01:46:55.926659,HIGH,0
TX07032,ACC857,ACC828,9441,2026-08-31 01:45:55.926659,MEDIUM,0
TX07033,ACC445,ACC515,899,2026-08-31 01:44:55.926659,LOW,0
TX07034,ACC371,ACC983,4443,2026-08-31 01:43:55.926659,LOW,0
TX07035,ACC824,ACC306,9113,2026-08-31 01:42:55.926659,MEDIUM,0
TX07036,ACC709,ACC326,11874,2026-08-31 01:41:55.926659,MEDIUM,0
TX07037,ACC248,ACC616,2435,2026-08-31 01:40:55.926659,LOW,0
TX07038,ACC287,ACC435,15090,2026-08-31 01:39:55.926659,HIGH,0
TX07039,ACC390,ACC176,15699,2026-08-31 01:38:55.926659,HIGH,0
TX07040,ACC543,ACC652,14830,2026-08-31 01:37:55.926659,MEDIUM,0
TX07041,ACC929,ACC111,8696,2026-08-31 01:36:55.926659,MEDIUM,0
TX07042,ACC353,ACC985,398,2026-08-31 01:35:55.926659,LOW,0
TX07043,ACC292,ACC354,9623,2026-08-31 01:34:55.926659,MEDIUM,0
TX07044,ACC837,ACC466,12623,2026-08-31 01:33:55.926659,MEDIUM,0
TX07045,ACC343,ACC183,2482,2026-08-31 01:32:55.926659,LOW,0
TX07046,ACC965,ACC438,6174,2026-08-31 01:31:55.926659,LOW,0
TX07047,ACC592,ACC853,2219,2026-08-31 01:30:55.926659,LOW,0
TX07048,ACC322,ACC201,12660,2026-08-31 01:29:55.926659,MEDIUM,0
TX07049,ACC795,ACC196,5891,2026-08-31 01:28:55.926659,LOW,0
TX07050,ACC359,ACC460,11028,2026-08-31 01:27:55.926659,MEDIUM,0
TX07051,ACC187,ACC348,16200,2026-08-31 01:26:55.926659,HIGH,1
TX07052,ACC715,ACC118,1339,2026-08-31 01:25:55.926659,LOW,0
TX07053,ACC203,ACC565,1185,2026-08-31 01:24:55.926659,LOW,0
TX07054,ACC418,ACC771,2809,2026-08-31 01:23:55.926659,LOW,0
TX07055,ACC100,ACC232,13213,2026-08-31 01:22:55.926659,MEDIUM,0
TX07056,ACC578,ACC801,14336,2026-08-31 01:21:55.926659,MEDIUM,0
TX07057,ACC713,ACC916,11517,2026-08-31 01:20:55.926659,MEDIUM,0
TX07058,ACC827,ACC588,8186,2026-08-31 01:19:55.926659,MEDIUM,0
TX07059,ACC857,ACC400,3662,2026-08-31 01:18:55.926659,LOW,0
TX07060,ACC806,ACC229,5347,2026-08-31 01:17:55.926659,LOW,0
TX07061,ACC254,ACC407,12852,2026-08-31 01:16:55.926659,MEDIUM,0
TX07062,ACC649,ACC491,9562,2026-08-31 01:15:55.926659,MEDIUM,0
TX07063,ACC680,ACC200,12901,2026-08-31 01:14:55.926659,MEDIUM,0
TX07064,ACC638,ACC307,18032,2026-08-31 01:13:55.926659,HIGH,1
TX07065,ACC296,ACC852,11883,2026-08-31 01:12:55.926659,MEDIUM,0
TX07066,ACC881,ACC365,19510,2026-08-31 01:11:55.926659,HIGH,1
TX07067,ACC176,ACC738,10620,2026-08-31 01:10:55.926659,MEDIUM,0
TX07068,ACC596,ACC325,13115,2026-08-31 01:09:55.926659,MEDIUM,0
TX07069,ACC275,ACC365,1760,2026-08-31 01:08:55.926659,LOW,0
TX07070,ACC696,ACC245,3550,2026-08-31 01:07:55.926659,LOW,0
TX07071,ACC981,ACC155,1090,2026-08-31 01:06:55.926659,LOW,0
TX07072,ACC752,ACC720,18524,2026-08-31 01:05:55.926659,HIGH,0
TX07073,ACC485,ACC130,1574,2026-08-31 01:04:55.926659,LOW,0
TX07074,ACC255,ACC591,18426,2026-08-31 01:03:55.926659,HIGH,1
TX07075,ACC563,ACC777,6586,2026-08-31 01:02:55.926659,LOW,0
TX07076,ACC733,ACC455,17817,2026-08-31 01:01:55.926659,HIGH,0
TX07077,ACC889,ACC238,7007,2026-08-31 01:00:55.926659,LOW,0
TX07078,ACC916,ACC878,2962,2026-08-31 00:59:55.926659,LOW,0
TX07079,ACC807,ACC459,16199,2026-08-31 00:58:55.926659,HIGH,0
TX07080,ACC616,ACC903,19813,2026-08-31 00:57:55.926659,HIGH,1
TX07081,ACC606,ACC487,13180,2026-08-31 00:56:55.926659,MEDIUM,0
TX07082,ACC435,ACC828,8729,2026-08-31 00:55:55.926659,MEDIUM,0
TX07083,ACC284,ACC581,10434,2026-08-31 00:54:55.926659,MEDIUM,0
TX07084,ACC266,ACC177,3063,2026-08-31 00:53:55.926659,LOW,0
TX07085,ACC894,ACC543,3667,2026-08-31 00:52:55.926659,LOW,0
TX07086,ACC667,ACC848,19788,2026-08-31 00:51:55.926659,HIGH,1
TX07087,ACC898,ACC304,7425,2026-08-31 00:50:55.926659,LOW,0
TX07088,ACC102,ACC371,17482,2026-08-31 00:49:55.926659,HIGH,1
TX07089,ACC407,ACC898,19626,2026-08-31 00:48:55.926659,HIGH,0
TX07090,ACC386,ACC765,1699,2026-08-31 00:47:55.926659,LOW,0
TX07091,ACC643,ACC700,1807,2026-08-31 00:46:55.926659,LOW,0
TX07092,ACC370,ACC905,11723,2026-08-31 00:45:55.926659,MEDIUM,0
TX07093,ACC380,ACC391,18182,2026-08-31 00:44:55.926659,HIGH,0
TX07094,ACC706,ACC884,19836,2026-08-31 00:43:55.926659,HIGH,1
TX07095,ACC278,ACC450,12933,2026-08-31 00:42:55.926659,MEDIUM,0
TX07096,ACC136,ACC289,11060,2026-08-31 00:41:55.926659,MEDIUM,0
TX07097,ACC502,ACC372,2748,2026-08-31 00:40:55.926659,LOW,0
TX07098,ACC734,ACC446,507,2026-08-31 00:39:55.926659,LOW,0
TX07099,ACC807,ACC786,8985,2026-08-31 00:38:55.926659,MEDIUM,0
TX07100,ACC892,ACC988,10522,2026-08-31 00:37:55.926659,MEDIUM,0
TX07101,ACC749,ACC587,5165,2026-08-31 00:36:55.926659,LOW,0
TX07102,ACC793,ACC957,18088,2026-08-31 00:35:55.926659,HIGH,1
TX07103,ACC267,ACC687,6351,2026-08-31 00:34:55.926659,LOW,0
TX07104,ACC309,ACC983,14280,2026-08-31 00:33:55.926659,MEDIUM,0
TX07105,ACC692,ACC267,17745,2026-08-31 00:32:55.926659,HIGH,1
TX07106,ACC280,ACC191,15134,2026-08-31 00:31:55.926659,HIGH,1
TX07107,ACC867,ACC889,7754,2026-08-31 00:30:55.926659,LOW,0
TX07108,ACC599,ACC826,9770,2026-08-31 00:29:55.926659,MEDIUM,0
TX07109,ACC465,ACC388,15101,2026-08-31 00:28:55.926659,HIGH,1
TX07110,ACC436,ACC890,14141,2026-08-31 00:27:55.926659,MEDIUM,0
TX07111,ACC523,ACC784,6324,2026-08-31 00:26:55.926659,LOW,0
TX07112,ACC297,ACC244,17959,2026-08-31 00:25:55.926659,HIGH,0
TX07113,ACC594,ACC364,10735,2026-08-31 00:24:55.926659,MEDIUM,0
TX07114,ACC338,ACC443,4229,2026-08-31 00:23:55.926659,LOW,0
TX07115,ACC841,ACC448,16610,2026-08-31 00:22:55.926659,HIGH,1
TX07116,ACC530,ACC611,16573,2026-08-31 00:21:55.926659,HIGH,0
TX07117,ACC670,ACC982,10998,2026-08-31 00:20:55.926659,MEDIUM,0
TX07118,ACC633,ACC311,2361,2026-08-31 00:19:55.926659,LOW,0
TX07119,ACC570,ACC110,3721,2026-08-31 00:18:55.926659,LOW,0
TX07120,ACC668,ACC907,16322,2026-08-31 00:17:55.926659,HIGH,0
TX07121,ACC704,ACC824,5133,2026-08-31 00:16:55.926659,LOW,0
TX07122,ACC441,ACC366,8642,2026-08-31 00:15:55.926659,MEDIUM,0
TX07123,ACC332,ACC925,2827,2026-08-31 00:14:55.926659,LOW,0
TX07124,ACC534,ACC511,12875,2026-08-31 00:13:55.926659,MEDIUM,0
TX07125,ACC691,ACC239,5753,2026-08-31 00:12:55.926659,LOW,0
TX07126,ACC358,ACC480,16643,2026-08-31 00:11:55.926659,HIGH,1
TX07127,ACC800,ACC323,5259,2026-08-31 00:10:55.926659,LOW,0
TX07128,ACC743,ACC294,15031,2026-08-31 00:09:55.926659,HIGH,1
TX07129,ACC425,ACC519,7860,2026-08-31 00:08:55.926659,LOW,0
TX07130,ACC292,ACC838,18594,2026-08-31 00:07:55.926659,HIGH,1
TX07131,ACC183,ACC368,5596,2026-08-31 00:06:55.926659,LOW,0
TX07132,ACC400,ACC453,6297,2026-08-31 00:05:55.926659,LOW,0
TX07133,ACC678,ACC932,15787,2026-08-31 00:04:55.926659,HIGH,1
TX07134,ACC828,ACC588,16074,2026-08-31 00:03:55.926659,HIGH,0
TX07135,ACC881,ACC720,9974,2026-08-31 00:02:55.926659,MEDIUM,0
TX07136,ACC904,ACC215,8890,2026-08-31 00:01:55.926659,MEDIUM,0
TX07137,ACC755,ACC469,1707,2026-08-31 00:00:55.926659,LOW,0
TX07138,ACC409,ACC879,16969,2026-08-30 23:59:55.926659,HIGH,1
TX07139,ACC778,ACC609,16880,2026-08-30 23:58:55.926659,HIGH,1
TX07140,ACC446,ACC852,5260,2026-08-30 23:57:55.926659,LOW,0
TX07141,ACC811,ACC193,17969,2026-08-30 23:56:55.926659,HIGH,0
TX07142,ACC829,ACC398,1411,2026-08-30 23:55:55.926659,LOW,0
TX07143,ACC325,ACC442,3832,2026-08-30 23:54:55.926659,LOW,0
TX07144,ACC406,ACC732,11098,2026-08-30 23:53:55.926659,MEDIUM,0
TX07145,ACC771,ACC915,1264,2026-08-30 23:52:55.926659,LOW,0
TX07146,ACC740,ACC280,14956,2026-08-30 23:51:55.926659,MEDIUM,0
TX07147,ACC804,ACC387,19128,2026-08-30 23:50:55.926659,HIGH,1
TX07148,ACC547,ACC848,17462,2026-08-30 23:49:55.926659,HIGH,1
TX07149,ACC530,ACC566,12362,2026-08-30 23:48:55.926659,MEDIUM,0
TX07150,ACC515,ACC697,17765,2026-08-30 23:47:55.926659,HIGH,1
TX07151,ACC120,ACC380,653,2026-08-30 23:46:55.926659,LOW,0
TX07152,ACC615,ACC880,14510,2026-08-30 23:45:55.926659,MEDIUM,0
TX07153,ACC273,ACC121,12959,2026-08-30 23:44:55.926659,MEDIUM,0
TX07154,ACC891,ACC676,6911,2026-08-30 23:43:55.926659,LOW,0
TX07155,ACC655,ACC509,8331,2026-08-30 23:42:55.926659,MEDIUM,0
TX07156,ACC973,ACC833,9416,2026-08-30 23:41:55.926659,MEDIUM,0
TX07157,ACC346,ACC673,5901,2026-08-30 23:40:55.926659,LOW,0
TX07158,ACC431,ACC969,11152,2026-08-30 23:39:55.926659,MEDIUM,0
TX07159,ACC172,ACC916,7348,2026-08-30 23:38:55.926659,LOW,0
TX07160,ACC319,ACC942,10360,2026-08-30 23:37:55.926659,MEDIUM,0
TX07161,ACC845,ACC753,16136,2026-08-30 23:36:55.926659,HIGH,0
TX07162,ACC521,ACC302,11265,2026-08-30 23:35:55.926659,MEDIUM,0
TX07163,ACC786,ACC714,1836,2026-08-30 23:34:55.926659,LOW,0
TX07164,ACC204,ACC437,10906,2026-08-30 23:33:55.926659,MEDIUM,0
TX07165,ACC557,ACC141,13717,2026-08-30 23:32:55.926659,MEDIUM,0
TX07166,ACC637,ACC364,8281,2026-08-30 23:31:55.926659,MEDIUM,0
TX07167,ACC577,ACC806,5265,2026-08-30 23:30:55.926659,LOW,0
TX07168,ACC824,ACC236,11862,2026-08-30 23:29:55.926659,MEDIUM,0
TX07169,ACC947,ACC620,9304,2026-08-30 23:28:55.926659,MEDIUM,0
TX07170,ACC878,ACC985,16414,2026-08-30 23:27:55.926659,HIGH,1
TX07171,ACC399,ACC838,16483,2026-08-30 23:26:55.926659,HIGH,1
TX07172,ACC445,ACC108,3451,2026-08-30 23:25:55.926659,LOW,0
TX07173,ACC982,ACC204,14325,2026-08-30 23:24:55.926659,MEDIUM,0
TX07174,ACC637,ACC422,8724,2026-08-30 23:23:55.926659,MEDIUM,0
TX07175,ACC186,ACC681,1674,2026-08-30 23:22:55.926659,LOW,0
TX07176,ACC264,ACC476,490,2026-08-30 23:21:55.926659,LOW,0
TX07177,ACC638,ACC832,10401,2026-08-30 23:20:55.926659,MEDIUM,0
TX07178,ACC175,ACC507,9734,2026-08-30 23:19:55.926659,MEDIUM,0
TX07179,ACC157,ACC574,15057,2026-08-30 23:18:55.926659,HIGH,1
TX07180,ACC576,ACC586,13879,2026-08-30 23:17:55.926659,MEDIUM,0
TX07181,ACC491,ACC639,8038,2026-08-30 23:16:55.926659,MEDIUM,0
TX07182,ACC882,ACC896,8328,2026-08-30 23:15:55.926659,MEDIUM,0
TX07183,ACC765,ACC487,17675,2026-08-30 23:14:55.926659,HIGH,0
TX07184,ACC758,ACC606,9038,2026-08-30 23:13:55.926659,MEDIUM,0
TX07185,ACC272,ACC226,9459,2026-08-30 23:12:55.926659,MEDIUM,0
TX07186,ACC563,ACC351,14276,2026-08-30 23:11:55.926659,MEDIUM,0
TX07187,ACC365,ACC318,3617,2026-08-30 23:10:55.926659,LOW,0
TX07188,ACC996,ACC955,8110,2026-08-30 23:09:55.926659,MEDIUM,0
TX07189,ACC521,ACC296,3591,2026-08-30 23:08:55.926659,LOW,0
TX07190,ACC646,ACC890,2514,2026-08-30 23:07:55.926659,LOW,0
TX07191,ACC956,ACC190,470,2026-08-30 23:06:55.926659,LOW,0
TX07192,ACC191,ACC588,10827,2026-08-30 23:05:55.926659,MEDIUM,0
TX07193,ACC900,ACC141,15237,2026-08-30 23:04:55.926659,HIGH,1
TX07194,ACC116,ACC319,16680,2026-08-30 23:03:55.926659,HIGH,0
TX07195,ACC892,ACC618,12562,2026-08-30 23:02:55.926659,MEDIUM,0
TX07196,ACC946,ACC705,4508,2026-08-30 23:01:55.926659,LOW,0
TX07197,ACC820,ACC496,8599,2026-08-30 23:00:55.926659,MEDIUM,0
TX07198,ACC866,ACC659,5274,2026-08-30 22:59:55.926659,LOW,0
TX07199,ACC262,ACC648,6388,2026-08-30 22:58:55.926659,LOW,0
TX07200,ACC947,ACC890,17574,2026-08-30 22:57:55.926659,HIGH,0
TX07201,ACC788,ACC336,2568,2026-08-30 22:56:55.926659,LOW,0
TX07202,ACC335,ACC433,2770,2026-08-30 22:55:55.926659,LOW,0
TX07203,ACC519,ACC680,7391,2026-08-30 22:54:55.926659,LOW,0
TX07204,ACC290,ACC661,17735,2026-08-30 22:53:55.926659,HIGH,1
TX07205,ACC378,ACC658,681,2026-08-30 22:52:55.926659,LOW,0
TX07206,ACC844,ACC486,4375,2026-08-30 22:51:55.926659,LOW,0
TX07207,ACC371,ACC498,1978,2026-08-30 22:50:55.926659,LOW,0
TX07208,ACC659,ACC437,14348,2026-08-30 22:49:55.926659,MEDIUM,0
TX07209,ACC140,ACC691,19692,2026-08-30 22:48:55.926659,HIGH,1
TX07210,ACC800,ACC183,10709,2026-08-30 22:47:55.926659,MEDIUM,0
TX07211,ACC566,ACC271,3971,2026-08-30 22:46:55.926659,LOW,0
TX07212,ACC737,ACC191,3739,2026-08-30 22:45:55.926659,LOW,0
TX07213,ACC494,ACC113,640,2026-08-30 22:44:55.926659,LOW,0
TX07214,ACC870,ACC903,6574,2026-08-30 22:43:55.926659,LOW,0
TX07215,ACC278,ACC441,18644,2026-08-30 22:42:55.926659,HIGH,0
TX07216,ACC668,ACC298,10375,2026-08-30 22:41:55.926659,MEDIUM,0
TX07217,ACC212,ACC860,10933,2026-08-30 22:40:55.926659,MEDIUM,0
TX07218,ACC662,ACC787,2052,2026-08-30 22:39:55.926659,LOW,0
TX07219,ACC775,ACC298,13409,2026-08-30 22:38:55.926659,MEDIUM,0
TX07220,ACC678,ACC418,17102,2026-08-30 22:37:55.926659,HIGH,1
TX07221,ACC458,ACC670,11935,2026-08-30 22:36:55.926659,MEDIUM,0
TX07222,ACC645,ACC999,13209,2026-08-30 22:35:55.926659,MEDIUM,0
TX07223,ACC855,ACC198,15054,2026-08-30 22:34:55.926659,HIGH,0
TX07224,ACC173,ACC938,6820,2026-08-30 22:33:55.926659,LOW,0
TX07225,ACC191,ACC267,13645,2026-08-30 22:32:55.926659,MEDIUM,0
TX07226,ACC861,ACC758,13070,2026-08-30 22:31:55.926659,MEDIUM,0
TX07227,ACC665,ACC937,17560,2026-08-30 22:30:55.926659,HIGH,0
TX07228,ACC532,ACC813,2548,2026-08-30 22:29:55.926659,LOW,0
TX07229,ACC598,ACC218,13498,2026-08-30 22:28:55.926659,MEDIUM,0
TX07230,ACC684,ACC768,13134,2026-08-30 22:27:55.926659,MEDIUM,0
TX07231,ACC702,ACC944,14727,2026-08-30 22:26:55.926659,MEDIUM,0
TX07232,ACC659,ACC361,8774,2026-08-30 22:25:55.926659,MEDIUM,0
TX07233,ACC849,ACC947,2435,2026-08-30 22:24:55.926659,LOW,0
TX07234,ACC885,ACC873,8149,2026-08-30 22:23:55.926659,MEDIUM,0
TX07235,ACC990,ACC177,17073,2026-08-30 22:22:55.926659,HIGH,1
TX07236,ACC235,ACC734,14578,2026-08-30 22:21:55.926659,MEDIUM,0
TX07237,ACC125,ACC554,11334,2026-08-30 22:20:55.926659,MEDIUM,0
TX07238,ACC299,ACC327,1775,2026-08-30 22:19:55.926659,LOW,0
TX07239,ACC973,ACC341,15189,2026-08-30 22:18:55.926659,HIGH,1
TX07240,ACC773,ACC445,16416,2026-08-30 22:17:55.926659,HIGH,0
TX07241,ACC191,ACC666,1429,2026-08-30 22:16:55.926659,LOW,0
TX07242,ACC817,ACC335,15018,2026-08-30 22:15:55.926659,HIGH,1
TX07243,ACC807,ACC722,9859,2026-08-30 22:14:55.926659,MEDIUM,0
TX07244,ACC115,ACC849,9713,2026-08-30 22:13:55.926659,MEDIUM,0
TX07245,ACC604,ACC405,3631,2026-08-30 22:12:55.926659,LOW,0
TX07246,ACC408,ACC681,7639,2026-08-30 22:11:55.926659,LOW,0
TX07247,ACC147,ACC891,3510,2026-08-30 22:10:55.926659,LOW,0
TX07248,ACC561,ACC860,13785,2026-08-30 22:09:55.926659,MEDIUM,0
TX07249,ACC621,ACC921,7116,2026-08-30 22:08:55.926659,LOW,0
TX07250,ACC307,ACC468,7358,2026-08-30 22:07:55.926659,LOW,0
TX07251,ACC779,ACC285,427,2026-08-30 22:06:55.926659,LOW,0
TX07252,ACC368,ACC324,3324,2026-08-30 22:05:55.926659,LOW,0
TX07253,ACC536,ACC221,13206,2026-08-30 22:04:55.926659,MEDIUM,0
TX07254,ACC499,ACC579,13200,2026-08-30 22:03:55.926659,MEDIUM,0
TX07255,ACC339,ACC161,2281,2026-08-30 22:02:55.926659,LOW,0
TX07256,ACC842,ACC310,7955,2026-08-30 22:01:55.926659,LOW,0
TX07257,ACC190,ACC701,6384,2026-08-30 22:00:55.926659,LOW,0
TX07258,ACC131,ACC722,12522,2026-08-30 21:59:55.926659,MEDIUM,0
TX07259,ACC450,ACC344,13622,2026-08-30 21:58:55.926659,MEDIUM,0
TX07260,ACC500,ACC460,671,2026-08-30 21:57:55.926659,LOW,0
TX07261,ACC270,ACC730,11451,2026-08-30 21:56:55.926659,MEDIUM,0
TX07262,ACC714,ACC993,16814,2026-08-30 21:55:55.926659,HIGH,0
TX07263,ACC767,ACC788,12449,2026-08-30 21:54:55.926659,MEDIUM,0
TX07264,ACC695,ACC752,16907,2026-08-30 21:53:55.926659,HIGH,1
TX07265,ACC245,ACC405,6185,2026-08-30 21:52:55.926659,LOW,0
TX07266,ACC525,ACC551,8141,2026-08-30 21:51:55.926659,MEDIUM,0
TX07267,ACC604,ACC261,12369,2026-08-30 21:50:55.926659,MEDIUM,0
TX07268,ACC878,ACC574,13275,2026-08-30 21:49:55.926659,MEDIUM,0
TX07269,ACC108,ACC189,15822,2026-08-30 21:48:55.926659,HIGH,1
TX07270,ACC250,ACC683,14388,2026-08-30 21:47:55.926659,MEDIUM,0
TX07271,ACC197,ACC666,16464,2026-08-30 21:46:55.926659,HIGH,1
TX07272,ACC353,ACC362,17850,2026-08-30 21:45:55.926659,HIGH,1
TX07273,ACC576,ACC157,19464,2026-08-30 21:44:55.926659,HIGH,1
TX07274,ACC191,ACC589,11127,2026-08-30 21:43:55.926659,MEDIUM,0
TX07275,ACC231,ACC829,13332,2026-08-30 21:42:55.926659,MEDIUM,0
TX07276,ACC602,ACC461,3283,2026-08-30 21:41:55.926659,LOW,0
TX07277,ACC115,ACC436,294,2026-08-30 21:40:55.926659,LOW,0
TX07278,ACC793,ACC130,2491,2026-08-30 21:39:55.926659,LOW,0
TX07279,ACC740,ACC451,15925,2026-08-30 21:38:55.926659,HIGH,1
TX07280,ACC803,ACC321,18235,2026-08-30 21:37:55.926659,HIGH,0
TX07281,ACC630,ACC711,4803,2026-08-30 21:36:55.926659,LOW,0
TX07282,ACC988,ACC768,12355,2026-08-30 21:35:55.926659,MEDIUM,0
TX07283,ACC714,ACC437,15611,2026-08-30 21:34:55.926659,HIGH,0
TX07284,ACC856,ACC492,2912,2026-08-30 21:33:55.926659,LOW,0
TX07285,ACC842,ACC830,17676,2026-08-30 21:32:55.926659,HIGH,0
TX07286,ACC287,ACC557,7585,2026-08-30 21:31:55.926659,LOW,0
TX07287,ACC302,ACC827,3534,2026-08-30 21:30:55.926659,LOW,0
TX07288,ACC405,ACC146,7992,2026-08-30 21:29:55.926659,LOW,0
TX07289,ACC181,ACC420,8032,2026-08-30 21:28:55.926659,MEDIUM,0
TX07290,ACC120,ACC550,2383,2026-08-30 21:27:55.926659,LOW,0
TX07291,ACC760,ACC378,11677,2026-08-30 21:26:55.926659,MEDIUM,0
TX07292,ACC968,ACC294,14955,2026-08-30 21:25:55.926659,MEDIUM,0
TX07293,ACC521,ACC118,18916,2026-08-30 21:24:55.926659,HIGH,0
TX07294,ACC609,ACC287,17855,2026-08-30 21:23:55.926659,HIGH,1
TX07295,ACC924,ACC133,19827,2026-08-30 21:22:55.926659,HIGH,1
TX07296,ACC682,ACC218,14166,2026-08-30 21:21:55.926659,MEDIUM,0
TX07297,ACC360,ACC206,568,2026-08-30 21:20:55.926659,LOW,0
TX07298,ACC607,ACC339,8275,2026-08-30 21:19:55.926659,MEDIUM,0
TX07299,ACC297,ACC465,479,2026-08-30 21:18:55.926659,LOW,0
TX07300,ACC131,ACC569,1797,2026-08-30 21:17:55.926659,LOW,0
TX07301,ACC979,ACC225,9086,2026-08-30 21:16:55.926659,MEDIUM,0
TX07302,ACC471,ACC552,10095,2026-08-30 21:15:55.926659,MEDIUM,0
TX07303,ACC661,ACC611,8908,2026-08-30 21:14:55.926659,MEDIUM,0
TX07304,ACC828,ACC719,9375,2026-08-30 21:13:55.926659,MEDIUM,0
TX07305,ACC331,ACC989,3524,2026-08-30 21:12:55.926659,LOW,0
TX07306,ACC191,ACC105,4732,2026-08-30 21:11:55.926659,LOW,0
TX07307,ACC475,ACC746,16521,2026-08-30 21:10:55.926659,HIGH,1
TX07308,ACC261,ACC746,4129,2026-08-30 21:09:55.926659,LOW,0
TX07309,ACC821,ACC781,4805,2026-08-30 21:08:55.926659,LOW,0
TX07310,ACC914,ACC493,8563,2026-08-30 21:07:55.926659,MEDIUM,0
TX07311,ACC907,ACC863,14013,2026-08-30 21:06:55.926659,MEDIUM,0
TX07312,ACC278,ACC266,4274,2026-08-30 21:05:55.926659,LOW,0
TX07313,ACC703,ACC168,9757,2026-08-30 21:04:55.926659,MEDIUM,0
TX07314,ACC633,ACC572,12457,2026-08-30 21:03:55.926659,MEDIUM,0
TX07315,ACC968,ACC314,16117,2026-08-30 21:02:55.926659,HIGH,0
TX07316,ACC674,ACC156,12812,2026-08-30 21:01:55.926659,MEDIUM,0
TX07317,ACC834,ACC480,10037,2026-08-30 21:00:55.926659,MEDIUM,0
TX07318,ACC739,ACC433,12530,2026-08-30 20:59:55.926659,MEDIUM,0
TX07319,ACC415,ACC534,18144,2026-08-30 20:58:55.926659,HIGH,0
TX07320,ACC370,ACC995,12041,2026-08-30 20:57:55.926659,MEDIUM,0
TX07321,ACC438,ACC431,18839,2026-08-30 20:56:55.926659,HIGH,0
TX07322,ACC111,ACC284,1090,2026-08-30 20:55:55.926659,LOW,0
TX07323,ACC199,ACC726,17699,2026-08-30 20:54:55.926659,HIGH,0
TX07324,ACC406,ACC823,14953,2026-08-30 20:53:55.926659,MEDIUM,0
TX07325,ACC752,ACC275,7192,2026-08-30 20:52:55.926659,LOW,0
TX07326,ACC569,ACC250,11294,2026-08-30 20:51:55.926659,MEDIUM,0
TX07327,ACC203,ACC172,17979,2026-08-30 20:50:55.926659,HIGH,0
TX07328,ACC257,ACC621,11391,2026-08-30 20:49:55.926659,MEDIUM,0
TX07329,ACC320,ACC650,13339,2026-08-30 20:48:55.926659,MEDIUM,0
TX07330,ACC357,ACC122,2961,2026-08-30 20:47:55.926659,LOW,0
TX07331,ACC412,ACC313,19344,2026-08-30 20:46:55.926659,HIGH,0
TX07332,ACC163,ACC996,5573,2026-08-30 20:45:55.926659,LOW,0
TX07333,ACC321,ACC284,2805,2026-08-30 20:44:55.926659,LOW,0
TX07334,ACC941,ACC342,3472,2026-08-30 20:43:55.926659,LOW,0
TX07335,ACC779,ACC855,2961,2026-08-30 20:42:55.926659,LOW,0
TX07336,ACC102,ACC462,19080,2026-08-30 20:41:55.926659,HIGH,1
TX07337,ACC190,ACC516,19468,2026-08-30 20:40:55.926659,HIGH,0
TX07338,ACC558,ACC345,6041,2026-08-30 20:39:55.926659,LOW,0
TX07339,ACC597,ACC717,12959,2026-08-30 20:38:55.926659,MEDIUM,0
TX07340,ACC304,ACC329,3598,2026-08-30 20:37:55.926659,LOW,0
TX07341,ACC912,ACC790,6630,2026-08-30 20:36:55.926659,LOW,0
TX07342,ACC598,ACC475,2079,2026-08-30 20:35:55.926659,LOW,0
TX07343,ACC473,ACC955,17991,2026-08-30 20:34:55.926659,HIGH,1
TX07344,ACC277,ACC288,15057,2026-08-30 20:33:55.926659,HIGH,1
TX07345,ACC102,ACC270,18709,2026-08-30 20:32:55.926659,HIGH,0
TX07346,ACC819,ACC622,4497,2026-08-30 20:31:55.926659,LOW,0
TX07347,ACC666,ACC293,14680,2026-08-30 20:30:55.926659,MEDIUM,0
TX07348,ACC709,ACC157,731,2026-08-30 20:29:55.926659,LOW,0
TX07349,ACC390,ACC915,3928,2026-08-30 20:28:55.926659,LOW,0
TX07350,ACC339,ACC430,14759,2026-08-30 20:27:55.926659,MEDIUM,0
TX07351,ACC409,ACC338,15316,2026-08-30 20:26:55.926659,HIGH,1
TX07352,ACC424,ACC507,13433,2026-08-30 20:25:55.926659,MEDIUM,0
TX07353,ACC721,ACC901,1114,2026-08-30 20:24:55.926659,LOW,0
TX07354,ACC109,ACC597,16089,2026-08-30 20:23:55.926659,HIGH,0
TX07355,ACC722,ACC795,5229,2026-08-30 20:22:55.926659,LOW,0
TX07356,ACC687,ACC734,12036,2026-08-30 20:21:55.926659,MEDIUM,0
TX07357,ACC710,ACC822,5774,2026-08-30 20:20:55.926659,LOW,0
TX07358,ACC685,ACC580,967,2026-08-30 20:19:55.926659,LOW,0
TX07359,ACC326,ACC793,11847,2026-08-30 20:18:55.926659,MEDIUM,0
TX07360,ACC866,ACC981,5271,2026-08-30 20:17:55.926659,LOW,0
TX07361,ACC162,ACC214,2410,2026-08-30 20:16:55.926659,LOW,0
TX07362,ACC424,ACC531,16732,2026-08-30 20:15:55.926659,HIGH,1
TX07363,ACC854,ACC777,19110,2026-08-30 20:14:55.926659,HIGH,0
TX07364,ACC146,ACC767,6341,2026-08-30 20:13:55.926659,LOW,0
TX07365,ACC921,ACC753,10877,2026-08-30 20:12:55.926659,MEDIUM,0
TX07366,ACC418,ACC684,9486,2026-08-30 20:11:55.926659,MEDIUM,0
TX07367,ACC733,ACC743,6887,2026-08-30 20:10:55.926659,LOW,0
TX07368,ACC770,ACC710,10951,2026-08-30 20:09:55.926659,MEDIUM,0
TX07369,ACC483,ACC352,13522,2026-08-30 20:08:55.926659,MEDIUM,0
TX07370,ACC588,ACC251,9061,2026-08-30 20:07:55.926659,MEDIUM,0
TX07371,ACC237,ACC399,11664,2026-08-30 20:06:55.926659,MEDIUM,0
TX07372,ACC850,ACC342,4505,2026-08-30 20:05:55.926659,LOW,0
TX07373,ACC381,ACC778,2283,2026-08-30 20:04:55.926659,LOW,0
TX07374,ACC186,ACC548,2405,2026-08-30 20:03:55.926659,LOW,0
TX07375,ACC731,ACC519,9529,2026-08-30 20:02:55.926659,MEDIUM,0
TX07376,ACC237,ACC531,10020,2026-08-30 20:01:55.926659,MEDIUM,0
TX07377,ACC995,ACC916,394,2026-08-30 20:00:55.926659,LOW,0
TX07378,ACC366,ACC581,10029,2026-08-30 19:59:55.926659,MEDIUM,0
TX07379,ACC750,ACC752,3708,2026-08-30 19:58:55.926659,LOW,0
TX07380,ACC465,ACC856,15809,2026-08-30 19:57:55.926659,HIGH,1
TX07381,ACC438,ACC704,8911,2026-08-30 19:56:55.926659,MEDIUM,0
TX07382,ACC959,ACC587,19730,2026-08-30 19:55:55.926659,HIGH,1
TX07383,ACC122,ACC265,10344,2026-08-30 19:54:55.926659,MEDIUM,0
TX07384,ACC403,ACC459,12580,2026-08-30 19:53:55.926659,MEDIUM,0
TX07385,ACC480,ACC583,14177,2026-08-30 19:52:55.926659,MEDIUM,0
TX07386,ACC245,ACC693,11704,2026-08-30 19:51:55.926659,MEDIUM,0
TX07387,ACC268,ACC431,6889,2026-08-30 19:50:55.926659,LOW,0
TX07388,ACC688,ACC929,11652,2026-08-30 19:49:55.926659,MEDIUM,0
TX07389,ACC540,ACC465,5295,2026-08-30 19:48:55.926659,LOW,0
TX07390,ACC184,ACC451,6109,2026-08-30 19:47:55.926659,LOW,0
TX07391,ACC473,ACC608,11146,2026-08-30 19:46:55.926659,MEDIUM,0
TX07392,ACC405,ACC314,4203,2026-08-30 19:45:55.926659,LOW,0
TX07393,ACC585,ACC416,14526,2026-08-30 19:44:55.926659,MEDIUM,0
TX07394,ACC680,ACC130,6588,2026-08-30 19:43:55.926659,LOW,0
TX07395,ACC192,ACC985,13334,2026-08-30 19:42:55.926659,MEDIUM,0
TX07396,ACC921,ACC641,17740,2026-08-30 19:41:55.926659,HIGH,1
TX07397,ACC393,ACC399,15478,2026-08-30 19:40:55.926659,HIGH,0
TX07398,ACC817,ACC417,15768,2026-08-30 19:39:55.926659,HIGH,1
TX07399,ACC847,ACC215,4195,2026-08-30 19:38:55.926659,LOW,0
TX07400,ACC245,ACC709,14239,2026-08-30 19:37:55.926659,MEDIUM,0
TX07401,ACC390,ACC180,15557,2026-08-30 19:36:55.926659,HIGH,1
TX07402,ACC179,ACC359,19503,2026-08-30 19:35:55.926659,HIGH,1
TX07403,ACC316,ACC711,15341,2026-08-30 19:34:55.926659,HIGH,1
TX07404,ACC216,ACC316,18849,2026-08-30 19:33:55.926659,HIGH,0
TX07405,ACC175,ACC464,14906,2026-08-30 19:32:55.926659,MEDIUM,0
TX07406,ACC471,ACC902,13137,2026-08-30 19:31:55.926659,MEDIUM,0
TX07407,ACC734,ACC799,5321,2026-08-30 19:30:55.926659,LOW,0
TX07408,ACC232,ACC596,13210,2026-08-30 19:29:55.926659,MEDIUM,0
TX07409,ACC981,ACC226,17466,2026-08-30 19:28:55.926659,HIGH,0
TX07410,ACC986,ACC940,14660,2026-08-30 19:27:55.926659,MEDIUM,0
TX07411,ACC273,ACC225,112,2026-08-30 19:26:55.926659,LOW,0
TX07412,ACC841,ACC918,5282,2026-08-30 19:25:55.926659,LOW,0
TX07413,ACC177,ACC245,4686,2026-08-30 19:24:55.926659,LOW,0
TX07414,ACC797,ACC668,17049,2026-08-30 19:23:55.926659,HIGH,0
TX07415,ACC487,ACC499,14655,2026-08-30 19:22:55.926659,MEDIUM,0
TX07416,ACC985,ACC706,849,2026-08-30 19:21:55.926659,LOW,0
TX07417,ACC681,ACC215,5666,2026-08-30 19:20:55.926659,LOW,0
TX07418,ACC479,ACC778,4968,2026-08-30 19:19:55.926659,LOW,0
TX07419,ACC291,ACC991,18769,2026-08-30 19:18:55.926659,HIGH,1
TX07420,ACC746,ACC667,7662,2026-08-30 19:17:55.926659,LOW,0
TX07421,ACC705,ACC505,195,2026-08-30 19:16:55.926659,LOW,0
TX07422,ACC432,ACC393,19377,2026-08-30 19:15:55.926659,HIGH,1
TX07423,ACC231,ACC349,3662,2026-08-30 19:14:55.926659,LOW,0
TX07424,ACC310,ACC337,13582,2026-08-30 19:13:55.926659,MEDIUM,0
TX07425,ACC858,ACC568,18103,2026-08-30 19:12:55.926659,HIGH,0
TX07426,ACC583,ACC179,18090,2026-08-30 19:11:55.926659,HIGH,1
TX07427,ACC436,ACC598,13757,2026-08-30 19:10:55.926659,MEDIUM,0
TX07428,ACC909,ACC219,9255,2026-08-30 19:09:55.926659,MEDIUM,0
TX07429,ACC335,ACC275,13354,2026-08-30 19:08:55.926659,MEDIUM,0
TX07430,ACC405,ACC463,4245,2026-08-30 19:07:55.926659,LOW,0
TX07431,ACC614,ACC234,1791,2026-08-30 19:06:55.926659,LOW,0
TX07432,ACC544,ACC101,15493,2026-08-30 19:05:55.926659,HIGH,0
TX07433,ACC879,ACC905,1976,2026-08-30 19:04:55.926659,LOW,0
TX07434,ACC699,ACC977,5893,2026-08-30 19:03:55.926659,LOW,0
TX07435,ACC842,ACC762,18509,2026-08-30 19:02:55.926659,HIGH,0
TX07436,ACC510,ACC116,6050,2026-08-30 19:01:55.926659,LOW,0
TX07437,ACC454,ACC649,7223,2026-08-30 19:00:55.926659,LOW,0
TX07438,ACC690,ACC391,2393,2026-08-30 18:59:55.926659,LOW,0
TX07439,ACC260,ACC503,9349,2026-08-30 18:58:55.926659,MEDIUM,0
TX07440,ACC293,ACC460,15666,2026-08-30 18:57:55.926659,HIGH,1
TX07441,ACC811,ACC888,15434,2026-08-30 18:56:55.926659,HIGH,0
TX07442,ACC490,ACC481,5849,2026-08-30 18:55:55.926659,LOW,0
TX07443,ACC955,ACC540,12367,2026-08-30 18:54:55.926659,MEDIUM,0
TX07444,ACC323,ACC999,7780,2026-08-30 18:53:55.926659,LOW,0
TX07445,ACC603,ACC386,10146,2026-08-30 18:52:55.926659,MEDIUM,0
TX07446,ACC263,ACC599,10535,2026-08-30 18:51:55.926659,MEDIUM,0
TX07447,ACC432,ACC624,13944,2026-08-30 18:50:55.926659,MEDIUM,0
TX07448,ACC310,ACC572,2252,2026-08-30 18:49:55.926659,LOW,0
TX07449,ACC301,ACC361,4582,2026-08-30 18:48:55.926659,LOW,0
TX07450,ACC168,ACC572,1875,2026-08-30 18:47:55.926659,LOW,0
TX07451,ACC826,ACC564,16803,2026-08-30 18:46:55.926659,HIGH,0
TX07452,ACC385,ACC366,2624,2026-08-30 18:45:55.926659,LOW,0
TX07453,ACC720,ACC309,2443,2026-08-30 18:44:55.926659,LOW,0
TX07454,ACC260,ACC979,18690,2026-08-30 18:43:55.926659,HIGH,0
TX07455,ACC927,ACC486,18207,2026-08-30 18:42:55.926659,HIGH,0
TX07456,ACC313,ACC495,11608,2026-08-30 18:41:55.926659,MEDIUM,0
TX07457,ACC615,ACC474,9438,2026-08-30 18:40:55.926659,MEDIUM,0
TX07458,ACC266,ACC311,5883,2026-08-30 18:39:55.926659,LOW,0
TX07459,ACC881,ACC730,13961,2026-08-30 18:38:55.926659,MEDIUM,0
TX07460,ACC539,ACC967,5478,2026-08-30 18:37:55.926659,LOW,0
TX07461,ACC213,ACC368,6972,2026-08-30 18:36:55.926659,LOW,0
TX07462,ACC292,ACC355,12418,2026-08-30 18:35:55.926659,MEDIUM,0
TX07463,ACC687,ACC996,17674,2026-08-30 18:34:55.926659,HIGH,0
TX07464,ACC347,ACC537,877,2026-08-30 18:33:55.926659,LOW,0
TX07465,ACC439,ACC139,16362,2026-08-30 18:32:55.926659,HIGH,1
TX07466,ACC477,ACC325,14691,2026-08-30 18:31:55.926659,MEDIUM,0
TX07467,ACC569,ACC407,9680,2026-08-30 18:30:55.926659,MEDIUM,0
TX07468,ACC358,ACC708,17709,2026-08-30 18:29:55.926659,HIGH,1
TX07469,ACC151,ACC437,12491,2026-08-30 18:28:55.926659,MEDIUM,0
TX07470,ACC807,ACC330,17210,2026-08-30 18:27:55.926659,HIGH,1
TX07471,ACC626,ACC419,15412,2026-08-30 18:26:55.926659,HIGH,1
TX07472,ACC777,ACC812,1311,2026-08-30 18:25:55.926659,LOW,0
TX07473,ACC523,ACC843,19323,2026-08-30 18:24:55.926659,HIGH,0
TX07474,ACC570,ACC145,19648,2026-08-30 18:23:55.926659,HIGH,1
TX07475,ACC968,ACC389,10745,2026-08-30 18:22:55.926659,MEDIUM,0
TX07476,ACC934,ACC980,15277,2026-08-30 18:21:55.926659,HIGH,1
TX07477,ACC401,ACC149,11713,2026-08-30 18:20:55.926659,MEDIUM,0
TX07478,ACC216,ACC572,18352,2026-08-30 18:19:55.926659,HIGH,0
TX07479,ACC508,ACC755,10641,2026-08-30 18:18:55.926659,MEDIUM,0
TX07480,ACC147,ACC290,11388,2026-08-30 18:17:55.926659,MEDIUM,0
TX07481,ACC992,ACC404,6369,2026-08-30 18:16:55.926659,LOW,0
TX07482,ACC365,ACC579,13410,2026-08-30 18:15:55.926659,MEDIUM,0
TX07483,ACC501,ACC582,13847,2026-08-30 18:14:55.926659,MEDIUM,0
TX07484,ACC435,ACC195,15305,2026-08-30 18:13:55.926659,HIGH,0
TX07485,ACC387,ACC868,10239,2026-08-30 18:12:55.926659,MEDIUM,0
TX07486,ACC254,ACC287,17553,2026-08-30 18:11:55.926659,HIGH,1
TX07487,ACC791,ACC275,14340,2026-08-30 18:10:55.926659,MEDIUM,0
TX07488,ACC238,ACC639,8898,2026-08-30 18:09:55.926659,MEDIUM,0
TX07489,ACC525,ACC848,8986,2026-08-30 18:08:55.926659,MEDIUM,0
TX07490,ACC468,ACC424,9531,2026-08-30 18:07:55.926659,MEDIUM,0
TX07491,ACC247,ACC287,15143,2026-08-30 18:06:55.926659,HIGH,0
TX07492,ACC618,ACC558,12248,2026-08-30 18:05:55.926659,MEDIUM,0
TX07493,ACC818,ACC430,6842,2026-08-30 18:04:55.926659,LOW,0
TX07494,ACC504,ACC316,6429,2026-08-30 18:03:55.926659,LOW,0
TX07495,ACC981,ACC505,7162,2026-08-30 18:02:55.926659,LOW,0
TX07496,ACC454,ACC889,2791,2026-08-30 18:01:55.926659,LOW,0
TX07497,ACC587,ACC270,3932,2026-08-30 18:00:55.926659,LOW,0
TX07498,ACC236,ACC425,9007,2026-08-30 17:59:55.926659,MEDIUM,0
TX07499,ACC890,ACC762,6062,2026-08-30 17:58:55.926659,LOW,0
TX07500,ACC689,ACC980,6759,2026-08-30 17:57:55.926659,LOW,0
TX07501,ACC509,ACC600,19633,2026-08-30 17:56:55.926659,HIGH,1
TX07502,ACC607,ACC247,8292,2026-08-30 17:55:55.926659,MEDIUM,0
TX07503,ACC483,ACC230,5491,2026-08-30 17:54:55.926659,LOW,0
TX07504,ACC604,ACC236,10707,2026-08-30 17:53:55.926659,MEDIUM,0
TX07505,ACC799,ACC534,11693,2026-08-30 17:52:55.926659,MEDIUM,0
TX07506,ACC160,ACC967,15678,2026-08-30 17:51:55.926659,HIGH,0
TX07507,ACC921,ACC641,4744,2026-08-30 17:50:55.926659,LOW,0
TX07508,ACC725,ACC657,14766,2026-08-30 17:49:55.926659,MEDIUM,0
TX07509,ACC169,ACC760,9695,2026-08-30 17:48:55.926659,MEDIUM,0
TX07510,ACC458,ACC919,7391,2026-08-30 17:47:55.926659,LOW,0
TX07511,ACC842,ACC528,16358,2026-08-30 17:46:55.926659,HIGH,1
TX07512,ACC645,ACC467,3624,2026-08-30 17:45:55.926659,LOW,0
TX07513,ACC418,ACC376,17156,2026-08-30 17:44:55.926659,HIGH,1
TX07514,ACC336,ACC927,4491,2026-08-30 17:43:55.926659,LOW,0
TX07515,ACC465,ACC224,8115,2026-08-30 17:42:55.926659,MEDIUM,0
TX07516,ACC266,ACC674,7685,2026-08-30 17:41:55.926659,LOW,0
TX07517,ACC594,ACC679,13482,2026-08-30 17:40:55.926659,MEDIUM,0
TX07518,ACC809,ACC880,944,2026-08-30 17:39:55.926659,LOW,0
TX07519,ACC880,ACC457,16802,2026-08-30 17:38:55.926659,HIGH,0
TX07520,ACC652,ACC903,12783,2026-08-30 17:37:55.926659,MEDIUM,0
TX07521,ACC676,ACC612,5430,2026-08-30 17:36:55.926659,LOW,0
TX07522,ACC748,ACC905,15988,2026-08-30 17:35:55.926659,HIGH,0
TX07523,ACC474,ACC195,16245,2026-08-30 17:34:55.926659,HIGH,1
TX07524,ACC495,ACC548,13404,2026-08-30 17:33:55.926659,MEDIUM,0
TX07525,ACC402,ACC276,859,2026-08-30 17:32:55.926659,LOW,0
TX07526,ACC335,ACC708,625,2026-08-30 17:31:55.926659,LOW,0
TX07527,ACC105,ACC926,18691,2026-08-30 17:30:55.926659,HIGH,1
TX07528,ACC637,ACC297,2625,2026-08-30 17:29:55.926659,LOW,0
TX07529,ACC183,ACC497,366,2026-08-30 17:28:55.926659,LOW,0
TX07530,ACC719,ACC376,6162,2026-08-30 17:27:55.926659,LOW,0
TX07531,ACC803,ACC342,17767,2026-08-30 17:26:55.926659,HIGH,0
TX07532,ACC937,ACC464,1336,2026-08-30 17:25:55.926659,LOW,0
TX07533,ACC226,ACC561,16855,2026-08-30 17:24:55.926659,HIGH,0
TX07534,ACC935,ACC472,14943,2026-08-30 17:23:55.926659,MEDIUM,0
TX07535,ACC430,ACC912,18873,2026-08-30 17:22:55.926659,HIGH,1
TX07536,ACC593,ACC428,4325,2026-08-30 17:21:55.926659,LOW,0
TX07537,ACC270,ACC848,6301,2026-08-30 17:20:55.926659,LOW,0
TX07538,ACC589,ACC260,1191,2026-08-30 17:19:55.926659,LOW,0
TX07539,ACC703,ACC147,475,2026-08-30 17:18:55.926659,LOW,0
TX07540,ACC682,ACC972,4888,2026-08-30 17:17:55.926659,LOW,0
TX07541,ACC512,ACC663,230,2026-08-30 17:16:55.926659,LOW,0
TX07542,ACC837,ACC788,6893,2026-08-30 17:15:55.926659,LOW,0
TX07543,ACC293,ACC720,18876,2026-08-30 17:14:55.926659,HIGH,1
TX07544,ACC204,ACC409,19849,2026-08-30 17:13:55.926659,HIGH,0
TX07545,ACC569,ACC992,563,2026-08-30 17:12:55.926659,LOW,0
TX07546,ACC250,ACC522,11940,2026-08-30 17:11:55.926659,MEDIUM,0
TX07547,ACC978,ACC784,2404,2026-08-30 17:10:55.926659,LOW,0
TX07548,ACC716,ACC969,9260,2026-08-30 17:09:55.926659,MEDIUM,0
TX07549,ACC798,ACC432,10571,2026-08-30 17:08:55.926659,MEDIUM,0
TX07550,ACC453,ACC892,8345,2026-08-30 17:07:55.926659,MEDIUM,0
TX07551,ACC145,ACC963,13005,2026-08-30 17:06:55.926659,MEDIUM,0
TX07552,ACC326,ACC512,5372,2026-08-30 17:05:55.926659,LOW,0
TX07553,ACC417,ACC349,15435,2026-08-30 17:04:55.926659,HIGH,1
TX07554,ACC206,ACC834,18557,2026-08-30 17:03:55.926659,HIGH,0
TX07555,ACC794,ACC761,3779,2026-08-30 17:02:55.926659,LOW,0
TX07556,ACC593,ACC562,785,2026-08-30 17:01:55.926659,LOW,0
TX07557,ACC767,ACC512,159,2026-08-30 17:00:55.926659,LOW,0
TX07558,ACC269,ACC916,10331,2026-08-30 16:59:55.926659,MEDIUM,0
TX07559,ACC802,ACC140,4464,2026-08-30 16:58:55.926659,LOW,0
TX07560,ACC707,ACC651,16473,2026-08-30 16:57:55.926659,HIGH,0
TX07561,ACC580,ACC675,2307,2026-08-30 16:56:55.926659,LOW,0
TX07562,ACC624,ACC136,3161,2026-08-30 16:55:55.926659,LOW,0
TX07563,ACC575,ACC985,8145,2026-08-30 16:54:55.926659,MEDIUM,0
TX07564,ACC683,ACC754,14932,2026-08-30 16:53:55.926659,MEDIUM,0
TX07565,ACC534,ACC887,805,2026-08-30 16:52:55.926659,LOW,0
TX07566,ACC745,ACC987,1166,2026-08-30 16:51:55.926659,LOW,0
TX07567,ACC680,ACC962,7356,2026-08-30 16:50:55.926659,LOW,0
TX07568,ACC403,ACC789,9636,2026-08-30 16:49:55.926659,MEDIUM,0
TX07569,ACC369,ACC442,17507,2026-08-30 16:48:55.926659,HIGH,0
TX07570,ACC455,ACC216,17784,2026-08-30 16:47:55.926659,HIGH,1
TX07571,ACC559,ACC905,13908,2026-08-30 16:46:55.926659,MEDIUM,0
TX07572,ACC191,ACC888,16746,2026-08-30 16:45:55.926659,HIGH,0
TX07573,ACC153,ACC331,15737,2026-08-30 16:44:55.926659,HIGH,1
TX07574,ACC791,ACC963,14805,2026-08-30 16:43:55.926659,MEDIUM,0
TX07575,ACC523,ACC774,6063,2026-08-30 16:42:55.926659,LOW,0
TX07576,ACC514,ACC556,18324,2026-08-30 16:41:55.926659,HIGH,0
TX07577,ACC512,ACC403,4403,2026-08-30 16:40:55.926659,LOW,0
TX07578,ACC335,ACC224,17598,2026-08-30 16:39:55.926659,HIGH,1
TX07579,ACC326,ACC334,16633,2026-08-30 16:38:55.926659,HIGH,0
TX07580,ACC532,ACC290,3522,2026-08-30 16:37:55.926659,LOW,0
TX07581,ACC604,ACC423,5710,2026-08-30 16:36:55.926659,LOW,0
TX07582,ACC409,ACC938,5097,2026-08-30 16:35:55.926659,LOW,0
TX07583,ACC905,ACC237,17615,2026-08-30 16:34:55.926659,HIGH,1
TX07584,ACC507,ACC548,7204,2026-08-30 16:33:55.926659,LOW,0
TX07585,ACC409,ACC491,10165,2026-08-30 16:32:55.926659,MEDIUM,0
TX07586,ACC788,ACC526,5302,2026-08-30 16:31:55.926659,LOW,0
TX07587,ACC736,ACC781,19193,2026-08-30 16:30:55.926659,HIGH,0
TX07588,ACC112,ACC401,18471,2026-08-30 16:29:55.926659,HIGH,1
TX07589,ACC793,ACC870,649,2026-08-30 16:28:55.926659,LOW,0
TX07590,ACC506,ACC655,17015,2026-08-30 16:27:55.926659,HIGH,0
TX07591,ACC759,ACC961,15493,2026-08-30 16:26:55.926659,HIGH,0
TX07592,ACC928,ACC443,2659,2026-08-30 16:25:55.926659,LOW,0
TX07593,ACC684,ACC444,1619,2026-08-30 16:24:55.926659,LOW,0
TX07594,ACC748,ACC391,14625,2026-08-30 16:23:55.926659,MEDIUM,0
TX07595,ACC477,ACC648,859,2026-08-30 16:22:55.926659,LOW,0
TX07596,ACC368,ACC142,19920,2026-08-30 16:21:55.926659,HIGH,0
TX07597,ACC197,ACC888,6146,2026-08-30 16:20:55.926659,LOW,0
TX07598,ACC357,ACC748,9127,2026-08-30 16:19:55.926659,MEDIUM,0
TX07599,ACC902,ACC180,7907,2026-08-30 16:18:55.926659,LOW,0
TX07600,ACC180,ACC274,11739,2026-08-30 16:17:55.926659,MEDIUM,0
TX07601,ACC673,ACC626,4329,2026-08-30 16:16:55.926659,LOW,0
TX07602,ACC990,ACC224,13360,2026-08-30 16:15:55.926659,MEDIUM,0
TX07603,ACC728,ACC710,10880,2026-08-30 16:14:55.926659,MEDIUM,0
TX07604,ACC861,ACC763,7183,2026-08-30 16:13:55.926659,LOW,0
TX07605,ACC377,ACC436,11009,2026-08-30 16:12:55.926659,MEDIUM,0
TX07606,ACC193,ACC428,18219,2026-08-30 16:11:55.926659,HIGH,0
TX07607,ACC524,ACC196,18919,2026-08-30 16:10:55.926659,HIGH,1
TX07608,ACC933,ACC186,6971,2026-08-30 16:09:55.926659,LOW,0
TX07609,ACC259,ACC403,8738,2026-08-30 16:08:55.926659,MEDIUM,0
TX07610,ACC114,ACC669,10844,2026-08-30 16:07:55.926659,MEDIUM,0
TX07611,ACC674,ACC323,2410,2026-08-30 16:06:55.926659,LOW,0
TX07612,ACC755,ACC936,6004,2026-08-30 16:05:55.926659,LOW,0
TX07613,ACC304,ACC561,1247,2026-08-30 16:04:55.926659,LOW,0
TX07614,ACC541,ACC781,1569,2026-08-30 16:03:55.926659,LOW,0
TX07615,ACC469,ACC812,9048,2026-08-30 16:02:55.926659,MEDIUM,0
TX07616,ACC838,ACC330,11511,2026-08-30 16:01:55.926659,MEDIUM,0
TX07617,ACC245,ACC115,10266,2026-08-30 16:00:55.926659,MEDIUM,0
TX07618,ACC272,ACC285,12040,2026-08-30 15:59:55.926659,MEDIUM,0
TX07619,ACC567,ACC628,725,2026-08-30 15:58:55.926659,LOW,0
TX07620,ACC863,ACC969,861,2026-08-30 15:57:55.926659,LOW,0
TX07621,ACC368,ACC488,5497,2026-08-30 15:56:55.926659,LOW,0
TX07622,ACC163,ACC570,13488,2026-08-30 15:55:55.926659,MEDIUM,0
TX07623,ACC719,ACC811,7071,2026-08-30 15:54:55.926659,LOW,0
TX07624,ACC852,ACC205,8132,2026-08-30 15:53:55.926659,MEDIUM,0
TX07625,ACC649,ACC427,500,2026-08-30 15:52:55.926659,LOW,0
TX07626,ACC472,ACC327,14254,2026-08-30 15:51:55.926659,MEDIUM,0
TX07627,ACC978,ACC387,3550,2026-08-30 15:50:55.926659,LOW,0
TX07628,ACC339,ACC852,18038,2026-08-30 15:49:55.926659,HIGH,0
TX07629,ACC822,ACC211,6277,2026-08-30 15:48:55.926659,LOW,0
TX07630,ACC383,ACC406,11102,2026-08-30 15:47:55.926659,MEDIUM,0
TX07631,ACC200,ACC196,10884,2026-08-30 15:46:55.926659,MEDIUM,0
TX07632,ACC711,ACC735,13835,2026-08-30 15:45:55.926659,MEDIUM,0
TX07633,ACC555,ACC659,1993,2026-08-30 15:44:55.926659,LOW,0
TX07634,ACC566,ACC703,19198,2026-08-30 15:43:55.926659,HIGH,0
TX07635,ACC557,ACC483,13193,2026-08-30 15:42:55.926659,MEDIUM,0
TX07636,ACC896,ACC967,14914,2026-08-30 15:41:55.926659,MEDIUM,0
TX07637,ACC787,ACC958,3041,2026-08-30 15:40:55.926659,LOW,0
TX07638,ACC299,ACC624,18449,2026-08-30 15:39:55.926659,HIGH,1
TX07639,ACC398,ACC442,1660,2026-08-30 15:38:55.926659,LOW,0
TX07640,ACC716,ACC712,5801,2026-08-30 15:37:55.926659,LOW,0
TX07641,ACC741,ACC736,1117,2026-08-30 15:36:55.926659,LOW,0
TX07642,ACC976,ACC662,2117,2026-08-30 15:35:55.926659,LOW,0
TX07643,ACC313,ACC576,15056,2026-08-30 15:34:55.926659,HIGH,1
TX07644,ACC378,ACC386,5056,2026-08-30 15:33:55.926659,LOW,0
TX07645,ACC734,ACC301,5219,2026-08-30 15:32:55.926659,LOW,0
TX07646,ACC188,ACC104,7250,2026-08-30 15:31:55.926659,LOW,0
TX07647,ACC787,ACC871,11935,2026-08-30 15:30:55.926659,MEDIUM,0
TX07648,ACC788,ACC167,13821,2026-08-30 15:29:55.926659,MEDIUM,0
TX07649,ACC295,ACC396,10688,2026-08-30 15:28:55.926659,MEDIUM,0
TX07650,ACC414,ACC915,8236,2026-08-30 15:27:55.926659,MEDIUM,0
TX07651,ACC255,ACC106,2228,2026-08-30 15:26:55.926659,LOW,0
TX07652,ACC860,ACC846,11192,2026-08-30 15:25:55.926659,MEDIUM,0
TX07653,ACC434,ACC998,3496,2026-08-30 15:24:55.926659,LOW,0
TX07654,ACC910,ACC698,12693,2026-08-30 15:23:55.926659,MEDIUM,0
TX07655,ACC343,ACC771,1807,2026-08-30 15:22:55.926659,LOW,0
TX07656,ACC722,ACC637,4373,2026-08-30 15:21:55.926659,LOW,0
TX07657,ACC696,ACC453,6685,2026-08-30 15:20:55.926659,LOW,0
TX07658,ACC251,ACC679,12784,2026-08-30 15:19:55.926659,MEDIUM,0
TX07659,ACC242,ACC716,11763,2026-08-30 15:18:55.926659,MEDIUM,0
TX07660,ACC554,ACC559,6196,2026-08-30 15:17:55.926659,LOW,0
TX07661,ACC215,ACC110,10160,2026-08-30 15:16:55.926659,MEDIUM,0
TX07662,ACC336,ACC431,9561,2026-08-30 15:15:55.926659,MEDIUM,0
TX07663,ACC467,ACC484,833,2026-08-30 15:14:55.926659,LOW,0
TX07664,ACC829,ACC359,666,2026-08-30 15:13:55.926659,LOW,0
TX07665,ACC926,ACC968,16074,2026-08-30 15:12:55.926659,HIGH,0
TX07666,ACC440,ACC344,2684,2026-08-30 15:11:55.926659,LOW,0
TX07667,ACC529,ACC209,3162,2026-08-30 15:10:55.926659,LOW,0
TX07668,ACC806,ACC383,17766,2026-08-30 15:09:55.926659,HIGH,1
TX07669,ACC283,ACC734,12362,2026-08-30 15:08:55.926659,MEDIUM,0
TX07670,ACC115,ACC681,6855,2026-08-30 15:07:55.926659,LOW,0
TX07671,ACC265,ACC880,8998,2026-08-30 15:06:55.926659,MEDIUM,0
TX07672,ACC666,ACC692,5342,2026-08-30 15:05:55.926659,LOW,0
TX07673,ACC171,ACC980,10986,2026-08-30 15:04:55.926659,MEDIUM,0
TX07674,ACC490,ACC632,15826,2026-08-30 15:03:55.926659,HIGH,1
TX07675,ACC498,ACC599,11245,2026-08-30 15:02:55.926659,MEDIUM,0
TX07676,ACC392,ACC811,1981,2026-08-30 15:01:55.926659,LOW,0
TX07677,ACC851,ACC779,11336,2026-08-30 15:00:55.926659,MEDIUM,0
TX07678,ACC540,ACC938,14223,2026-08-30 14:59:55.926659,MEDIUM,0
TX07679,ACC563,ACC827,7261,2026-08-30 14:58:55.926659,LOW,0
TX07680,ACC888,ACC660,12210,2026-08-30 14:57:55.926659,MEDIUM,0
TX07681,ACC586,ACC669,2835,2026-08-30 14:56:55.926659,LOW,0
TX07682,ACC659,ACC438,8084,2026-08-30 14:55:55.926659,MEDIUM,0
TX07683,ACC853,ACC873,18550,2026-08-30 14:54:55.926659,HIGH,0
TX07684,ACC991,ACC571,7729,2026-08-30 14:53:55.926659,LOW,0
TX07685,ACC579,ACC808,4677,2026-08-30 14:52:55.926659,LOW,0
TX07686,ACC786,ACC961,10390,2026-08-30 14:51:55.926659,MEDIUM,0
TX07687,ACC689,ACC358,18475,2026-08-30 14:50:55.926659,HIGH,0
TX07688,ACC537,ACC289,11598,2026-08-30 14:49:55.926659,MEDIUM,0
TX07689,ACC501,ACC894,18538,2026-08-30 14:48:55.926659,HIGH,1
TX07690,ACC877,ACC681,12418,2026-08-30 14:47:55.926659,MEDIUM,0
TX07691,ACC860,ACC624,1992,2026-08-30 14:46:55.926659,LOW,0
TX07692,ACC629,ACC960,16032,2026-08-30 14:45:55.926659,HIGH,1
TX07693,ACC578,ACC822,2367,2026-08-30 14:44:55.926659,LOW,0
TX07694,ACC441,ACC134,13968,2026-08-30 14:43:55.926659,MEDIUM,0
TX07695,ACC664,ACC282,7423,2026-08-30 14:42:55.926659,LOW,0
TX07696,ACC435,ACC842,15889,2026-08-30 14:41:55.926659,HIGH,0
TX07697,ACC264,ACC295,13182,2026-08-30 14:40:55.926659,MEDIUM,0
TX07698,ACC631,ACC597,16274,2026-08-30 14:39:55.926659,HIGH,1
TX07699,ACC722,ACC926,4648,2026-08-30 14:38:55.926659,LOW,0
TX07700,ACC160,ACC579,7721,2026-08-30 14:37:55.926659,LOW,0
TX07701,ACC406,ACC848,7710,2026-08-30 14:36:55.926659,LOW,0
TX07702,ACC740,ACC395,18419,2026-08-30 14:35:55.926659,HIGH,1
TX07703,ACC997,ACC920,10887,2026-08-30 14:34:55.926659,MEDIUM,0
TX07704,ACC672,ACC978,16176,2026-08-30 14:33:55.926659,HIGH,0
TX07705,ACC237,ACC149,14357,2026-08-30 14:32:55.926659,MEDIUM,0
TX07706,ACC117,ACC596,162,2026-08-30 14:31:55.926659,LOW,0
TX07707,ACC622,ACC688,14311,2026-08-30 14:30:55.926659,MEDIUM,0
TX07708,ACC768,ACC355,12585,2026-08-30 14:29:55.926659,MEDIUM,0
TX07709,ACC929,ACC280,1906,2026-08-30 14:28:55.926659,LOW,0
TX07710,ACC706,ACC568,15962,2026-08-30 14:27:55.926659,HIGH,1
TX07711,ACC799,ACC616,18011,2026-08-30 14:26:55.926659,HIGH,0
TX07712,ACC815,ACC251,14313,2026-08-30 14:25:55.926659,MEDIUM,0
TX07713,ACC493,ACC353,4253,2026-08-30 14:24:55.926659,LOW,0
TX07714,ACC655,ACC705,8364,2026-08-30 14:23:55.926659,MEDIUM,0
TX07715,ACC878,ACC794,19379,2026-08-30 14:22:55.926659,HIGH,0
TX07716,ACC253,ACC885,12711,2026-08-30 14:21:55.926659,MEDIUM,0
TX07717,ACC873,ACC785,11921,2026-08-30 14:20:55.926659,MEDIUM,0
TX07718,ACC636,ACC833,810,2026-08-30 14:19:55.926659,LOW,0
TX07719,ACC498,ACC646,18674,2026-08-30 14:18:55.926659,HIGH,1
TX07720,ACC272,ACC403,161,2026-08-30 14:17:55.926659,LOW,0
TX07721,ACC597,ACC542,14605,2026-08-30 14:16:55.926659,MEDIUM,0
TX07722,ACC252,ACC708,5807,2026-08-30 14:15:55.926659,LOW,0
TX07723,ACC360,ACC108,13137,2026-08-30 14:14:55.926659,MEDIUM,0
TX07724,ACC428,ACC697,8164,2026-08-30 14:13:55.926659,MEDIUM,0
TX07725,ACC751,ACC983,8141,2026-08-30 14:12:55.926659,MEDIUM,0
TX07726,ACC804,ACC877,11742,2026-08-30 14:11:55.926659,MEDIUM,0
TX07727,ACC991,ACC140,16493,2026-08-30 14:10:55.926659,HIGH,1
TX07728,ACC975,ACC744,7212,2026-08-30 14:09:55.926659,LOW,0
TX07729,ACC477,ACC683,14561,2026-08-30 14:08:55.926659,MEDIUM,0
TX07730,ACC604,ACC120,3527,2026-08-30 14:07:55.926659,LOW,0
TX07731,ACC448,ACC373,6440,2026-08-30 14:06:55.926659,LOW,0
TX07732,ACC705,ACC583,17570,2026-08-30 14:05:55.926659,HIGH,1
TX07733,ACC332,ACC387,15881,2026-08-30 14:04:55.926659,HIGH,1
TX07734,ACC603,ACC524,7800,2026-08-30 14:03:55.926659,LOW,0
TX07735,ACC321,ACC216,13554,2026-08-30 14:02:55.926659,MEDIUM,0
TX07736,ACC860,ACC551,9009,2026-08-30 14:01:55.926659,MEDIUM,0
TX07737,ACC402,ACC127,12906,2026-08-30 14:00:55.926659,MEDIUM,0
TX07738,ACC134,ACC285,1162,2026-08-30 13:59:55.926659,LOW,0
TX07739,ACC517,ACC344,13180,2026-08-30 13:58:55.926659,MEDIUM,0
TX07740,ACC231,ACC474,15509,2026-08-30 13:57:55.926659,HIGH,1
TX07741,ACC626,ACC120,16545,2026-08-30 13:56:55.926659,HIGH,1
TX07742,ACC449,ACC783,6911,2026-08-30 13:55:55.926659,LOW,0
TX07743,ACC491,ACC935,11852,2026-08-30 13:54:55.926659,MEDIUM,0
TX07744,ACC570,ACC293,15379,2026-08-30 13:53:55.926659,HIGH,0
TX07745,ACC635,ACC520,4018,2026-08-30 13:52:55.926659,LOW,0
TX07746,ACC266,ACC503,1179,2026-08-30 13:51:55.926659,LOW,0
TX07747,ACC875,ACC778,16081,2026-08-30 13:50:55.926659,HIGH,1
TX07748,ACC103,ACC353,10726,2026-08-30 13:49:55.926659,MEDIUM,0
TX07749,ACC522,ACC466,13241,2026-08-30 13:48:55.926659,MEDIUM,0
TX07750,ACC211,ACC169,633,2026-08-30 13:47:55.926659,LOW,0
TX07751,ACC158,ACC348,18465,2026-08-30 13:46:55.926659,HIGH,1
TX07752,ACC284,ACC548,5935,2026-08-30 13:45:55.926659,LOW,0
TX07753,ACC189,ACC547,10437,2026-08-30 13:44:55.926659,MEDIUM,0
TX07754,ACC711,ACC943,6303,2026-08-30 13:43:55.926659,LOW,0
TX07755,ACC865,ACC541,18004,2026-08-30 13:42:55.926659,HIGH,1
TX07756,ACC839,ACC495,14322,2026-08-30 13:41:55.926659,MEDIUM,0
TX07757,ACC570,ACC656,940,2026-08-30 13:40:55.926659,LOW,0
TX07758,ACC353,ACC820,7128,2026-08-30 13:39:55.926659,LOW,0
TX07759,ACC290,ACC224,13686,2026-08-30 13:38:55.926659,MEDIUM,0
TX07760,ACC250,ACC632,9768,2026-08-30 13:37:55.926659,MEDIUM,0
TX07761,ACC524,ACC347,12888,2026-08-30 13:36:55.926659,MEDIUM,0
TX07762,ACC800,ACC723,11199,2026-08-30 13:35:55.926659,MEDIUM,0
TX07763,ACC726,ACC893,2487,2026-08-30 13:34:55.926659,LOW,0
TX07764,ACC347,ACC373,13706,2026-08-30 13:33:55.926659,MEDIUM,0
TX07765,ACC265,ACC825,793,2026-08-30 13:32:55.926659,LOW,0
TX07766,ACC342,ACC422,10075,2026-08-30 13:31:55.926659,MEDIUM,0
TX07767,ACC102,ACC360,19979,2026-08-30 13:30:55.926659,HIGH,1
TX07768,ACC565,ACC299,6845,2026-08-30 13:29:55.926659,LOW,0
TX07769,ACC276,ACC892,14117,2026-08-30 13:28:55.926659,MEDIUM,0
TX07770,ACC709,ACC387,8527,2026-08-30 13:27:55.926659,MEDIUM,0
TX07771,ACC355,ACC702,12455,2026-08-30 13:26:55.926659,MEDIUM,0
TX07772,ACC434,ACC728,10548,2026-08-30 13:25:55.926659,MEDIUM,0
TX07773,ACC513,ACC724,19630,2026-08-30 13:24:55.926659,HIGH,1
TX07774,ACC196,ACC990,2465,2026-08-30 13:23:55.926659,LOW,0
TX07775,ACC579,ACC126,16356,2026-08-30 13:22:55.926659,HIGH,0
TX07776,ACC886,ACC683,16706,2026-08-30 13:21:55.926659,HIGH,1
TX07777,ACC528,ACC766,6045,2026-08-30 13:20:55.926659,LOW,0
TX07778,ACC257,ACC659,7507,2026-08-30 13:19:55.926659,LOW,0
TX07779,ACC737,ACC577,19656,2026-08-30 13:18:55.926659,HIGH,1
TX07780,ACC235,ACC593,4155,2026-08-30 13:17:55.926659,LOW,0
TX07781,ACC386,ACC310,13588,2026-08-30 13:16:55.926659,MEDIUM,0
TX07782,ACC519,ACC453,11152,2026-08-30 13:15:55.926659,MEDIUM,0
TX07783,ACC253,ACC930,1072,2026-08-30 13:14:55.926659,LOW,0
TX07784,ACC344,ACC831,11823,2026-08-30 13:13:55.926659,MEDIUM,0
TX07785,ACC732,ACC801,16641,2026-08-30 13:12:55.926659,HIGH,1
TX07786,ACC278,ACC610,6705,2026-08-30 13:11:55.926659,LOW,0
TX07787,ACC619,ACC813,16846,2026-08-30 13:10:55.926659,HIGH,0
TX07788,ACC554,ACC740,2945,2026-08-30 13:09:55.926659,LOW,0
TX07789,ACC728,ACC607,4867,2026-08-30 13:08:55.926659,LOW,0
TX07790,ACC136,ACC729,5013,2026-08-30 13:07:55.926659,LOW,0
TX07791,ACC151,ACC537,15106,2026-08-30 13:06:55.926659,HIGH,0
TX07792,ACC230,ACC841,2666,2026-08-30 13:05:55.926659,LOW,0
TX07793,ACC769,ACC767,13108,2026-08-30 13:04:55.926659,MEDIUM,0
TX07794,ACC110,ACC509,14387,2026-08-30 13:03:55.926659,MEDIUM,0
TX07795,ACC342,ACC689,1582,2026-08-30 13:02:55.926659,LOW,0
TX07796,ACC954,ACC361,7052,2026-08-30 13:01:55.926659,LOW,0
TX07797,ACC289,ACC605,5671,2026-08-30 13:00:55.926659,LOW,0
TX07798,ACC461,ACC879,6023,2026-08-30 12:59:55.926659,LOW,0
TX07799,ACC587,ACC548,10850,2026-08-30 12:58:55.926659,MEDIUM,0
TX07800,ACC861,ACC679,17224,2026-08-30 12:57:55.926659,HIGH,0
TX07801,ACC958,ACC127,5209,2026-08-30 12:56:55.926659,LOW,0
TX07802,ACC555,ACC844,11877,2026-08-30 12:55:55.926659,MEDIUM,0
TX07803,ACC851,ACC818,6646,2026-08-30 12:54:55.926659,LOW,0
TX07804,ACC650,ACC132,15962,2026-08-30 12:53:55.926659,HIGH,0
TX07805,ACC899,ACC161,7094,2026-08-30 12:52:55.926659,LOW,0
TX07806,ACC938,ACC567,13712,2026-08-30 12:51:55.926659,MEDIUM,0
TX07807,ACC101,ACC269,9519,2026-08-30 12:50:55.926659,MEDIUM,0
TX07808,ACC676,ACC534,12417,2026-08-30 12:49:55.926659,MEDIUM,0
TX07809,ACC639,ACC722,10126,2026-08-30 12:48:55.926659,MEDIUM,0
TX07810,ACC260,ACC880,5272,2026-08-30 12:47:55.926659,LOW,0
TX07811,ACC303,ACC511,14157,2026-08-30 12:46:55.926659,MEDIUM,0
TX07812,ACC479,ACC572,5260,2026-08-30 12:45:55.926659,LOW,0
TX07813,ACC972,ACC628,12803,2026-08-30 12:44:55.926659,MEDIUM,0
TX07814,ACC766,ACC986,16396,2026-08-30 12:43:55.926659,HIGH,0
TX07815,ACC530,ACC515,3917,2026-08-30 12:42:55.926659,LOW,0
TX07816,ACC857,ACC930,14265,2026-08-30 12:41:55.926659,MEDIUM,0
TX07817,ACC560,ACC510,15008,2026-08-30 12:40:55.926659,HIGH,0
TX07818,ACC388,ACC940,18579,2026-08-30 12:39:55.926659,HIGH,0
TX07819,ACC349,ACC426,13505,2026-08-30 12:38:55.926659,MEDIUM,0
TX07820,ACC971,ACC980,11601,2026-08-30 12:37:55.926659,MEDIUM,0
TX07821,ACC688,ACC113,3321,2026-08-30 12:36:55.926659,LOW,0
TX07822,ACC364,ACC678,14151,2026-08-30 12:35:55.926659,MEDIUM,0
TX07823,ACC190,ACC524,10409,2026-08-30 12:34:55.926659,MEDIUM,0
TX07824,ACC431,ACC976,12477,2026-08-30 12:33:55.926659,MEDIUM,0
TX07825,ACC273,ACC191,11648,2026-08-30 12:32:55.926659,MEDIUM,0
TX07826,ACC471,ACC877,13933,2026-08-30 12:31:55.926659,MEDIUM,0
TX07827,ACC364,ACC845,10514,2026-08-30 12:30:55.926659,MEDIUM,0
TX07828,ACC383,ACC123,9547,2026-08-30 12:29:55.926659,MEDIUM,0
TX07829,ACC603,ACC357,1203,2026-08-30 12:28:55.926659,LOW,0
TX07830,ACC406,ACC632,2470,2026-08-30 12:27:55.926659,LOW,0
TX07831,ACC988,ACC310,16767,2026-08-30 12:26:55.926659,HIGH,0
TX07832,ACC644,ACC634,4217,2026-08-30 12:25:55.926659,LOW,0
TX07833,ACC664,ACC518,11083,2026-08-30 12:24:55.926659,MEDIUM,0
TX07834,ACC663,ACC647,18122,2026-08-30 12:23:55.926659,HIGH,1
TX07835,ACC169,ACC342,18829,2026-08-30 12:22:55.926659,HIGH,1
TX07836,ACC234,ACC436,9263,2026-08-30 12:21:55.926659,MEDIUM,0
TX07837,ACC416,ACC742,5948,2026-08-30 12:20:55.926659,LOW,0
TX07838,ACC146,ACC128,12519,2026-08-30 12:19:55.926659,MEDIUM,0
TX07839,ACC855,ACC415,16371,2026-08-30 12:18:55.926659,HIGH,0
TX07840,ACC917,ACC325,11088,2026-08-30 12:17:55.926659,MEDIUM,0
TX07841,ACC859,ACC106,376,2026-08-30 12:16:55.926659,LOW,0
TX07842,ACC457,ACC177,11588,2026-08-30 12:15:55.926659,MEDIUM,0
TX07843,ACC841,ACC971,16180,2026-08-30 12:14:55.926659,HIGH,1
TX07844,ACC869,ACC556,15277,2026-08-30 12:13:55.926659,HIGH,1
TX07845,ACC657,ACC618,10573,2026-08-30 12:12:55.926659,MEDIUM,0
TX07846,ACC791,ACC270,16144,2026-08-30 12:11:55.926659,HIGH,0
TX07847,ACC374,ACC823,19695,2026-08-30 12:10:55.926659,HIGH,0
TX07848,ACC126,ACC729,16231,2026-08-30 12:09:55.926659,HIGH,0
TX07849,ACC301,ACC356,634,2026-08-30 12:08:55.926659,LOW,0
TX07850,ACC316,ACC595,2030,2026-08-30 12:07:55.926659,LOW,0
TX07851,ACC995,ACC382,3140,2026-08-30 12:06:55.926659,LOW,0
TX07852,ACC222,ACC888,17842,2026-08-30 12:05:55.926659,HIGH,0
TX07853,ACC632,ACC916,17715,2026-08-30 12:04:55.926659,HIGH,1
TX07854,ACC451,ACC288,3861,2026-08-30 12:03:55.926659,LOW,0
TX07855,ACC360,ACC809,15076,2026-08-30 12:02:55.926659,HIGH,1
TX07856,ACC461,ACC128,11850,2026-08-30 12:01:55.926659,MEDIUM,0
TX07857,ACC739,ACC853,733,2026-08-30 12:00:55.926659,LOW,0
TX07858,ACC105,ACC525,15192,2026-08-30 11:59:55.926659,HIGH,1
TX07859,ACC239,ACC224,18689,2026-08-30 11:58:55.926659,HIGH,1
TX07860,ACC968,ACC404,2547,2026-08-30 11:57:55.926659,LOW,0
TX07861,ACC369,ACC789,5199,2026-08-30 11:56:55.926659,LOW,0
TX07862,ACC494,ACC645,1767,2026-08-30 11:55:55.926659,LOW,0
TX07863,ACC171,ACC344,12341,2026-08-30 11:54:55.926659,MEDIUM,0
TX07864,ACC241,ACC456,14451,2026-08-30 11:53:55.926659,MEDIUM,0
TX07865,ACC181,ACC282,2464,2026-08-30 11:52:55.926659,LOW,0
TX07866,ACC741,ACC613,19274,2026-08-30 11:51:55.926659,HIGH,1
TX07867,ACC819,ACC901,5393,2026-08-30 11:50:55.926659,LOW,0
TX07868,ACC758,ACC612,782,2026-08-30 11:49:55.926659,LOW,0
TX07869,ACC209,ACC156,15483,2026-08-30 11:48:55.926659,HIGH,0
TX07870,ACC195,ACC959,9690,2026-08-30 11:47:55.926659,MEDIUM,0
TX07871,ACC347,ACC128,3624,2026-08-30 11:46:55.926659,LOW,0
TX07872,ACC356,ACC124,15956,2026-08-30 11:45:55.926659,HIGH,1
TX07873,ACC552,ACC941,14518,2026-08-30 11:44:55.926659,MEDIUM,0
TX07874,ACC328,ACC865,7615,2026-08-30 11:43:55.926659,LOW,0
TX07875,ACC128,ACC203,4606,2026-08-30 11:42:55.926659,LOW,0
TX07876,ACC257,ACC984,16293,2026-08-30 11:41:55.926659,HIGH,0
TX07877,ACC589,ACC261,8351,2026-08-30 11:40:55.926659,MEDIUM,0
TX07878,ACC337,ACC609,19295,2026-08-30 11:39:55.926659,HIGH,1
TX07879,ACC410,ACC163,12197,2026-08-30 11:38:55.926659,MEDIUM,0
TX07880,ACC876,ACC391,9849,2026-08-30 11:37:55.926659,MEDIUM,0
TX07881,ACC692,ACC646,5976,2026-08-30 11:36:55.926659,LOW,0
TX07882,ACC692,ACC616,16233,2026-08-30 11:35:55.926659,HIGH,0
TX07883,ACC699,ACC698,8721,2026-08-30 11:34:55.926659,MEDIUM,0
TX07884,ACC948,ACC189,6689,2026-08-30 11:33:55.926659,LOW,0
TX07885,ACC761,ACC867,4628,2026-08-30 11:32:55.926659,LOW,0
TX07886,ACC464,ACC694,6294,2026-08-30 11:31:55.926659,LOW,0
TX07887,ACC928,ACC489,10506,2026-08-30 11:30:55.926659,MEDIUM,0
TX07888,ACC691,ACC260,10052,2026-08-30 11:29:55.926659,MEDIUM,0
TX07889,ACC898,ACC594,6087,2026-08-30 11:28:55.926659,LOW,0
TX07890,ACC561,ACC487,3346,2026-08-30 11:27:55.926659,LOW,0
TX07891,ACC805,ACC499,323,2026-08-30 11:26:55.926659,LOW,0
TX07892,ACC795,ACC734,19417,2026-08-30 11:25:55.926659,HIGH,1
TX07893,ACC818,ACC571,13829,2026-08-30 11:24:55.926659,MEDIUM,0
TX07894,ACC759,ACC188,15797,2026-08-30 11:23:55.926659,HIGH,1
TX07895,ACC755,ACC330,14424,2026-08-30 11:22:55.926659,MEDIUM,0
TX07896,ACC203,ACC438,5284,2026-08-30 11:21:55.926659,LOW,0
TX07897,ACC498,ACC548,15396,2026-08-30 11:20:55.926659,HIGH,0
TX07898,ACC433,ACC458,4571,2026-08-30 11:19:55.926659,LOW,0
TX07899,ACC894,ACC662,14584,2026-08-30 11:18:55.926659,MEDIUM,0
TX07900,ACC725,ACC836,6515,2026-08-30 11:17:55.926659,LOW,0
TX07901,ACC143,ACC397,16059,2026-08-30 11:16:55.926659,HIGH,1
TX07902,ACC937,ACC341,19511,2026-08-30 11:15:55.926659,HIGH,0
TX07903,ACC792,ACC702,9185,2026-08-30 11:14:55.926659,MEDIUM,0
TX07904,ACC508,ACC907,4325,2026-08-30 11:13:55.926659,LOW,0
TX07905,ACC895,ACC768,3316,2026-08-30 11:12:55.926659,LOW,0
TX07906,ACC181,ACC287,16299,2026-08-30 11:11:55.926659,HIGH,1
TX07907,ACC628,ACC282,16818,2026-08-30 11:10:55.926659,HIGH,0
TX07908,ACC593,ACC578,1448,2026-08-30 11:09:55.926659,LOW,0
TX07909,ACC416,ACC601,19477,2026-08-30 11:08:55.926659,HIGH,0
TX07910,ACC559,ACC537,10062,2026-08-30 11:07:55.926659,MEDIUM,0
TX07911,ACC599,ACC712,2732,2026-08-30 11:06:55.926659,LOW,0
TX07912,ACC231,ACC695,2282,2026-08-30 11:05:55.926659,LOW,0
TX07913,ACC370,ACC556,3776,2026-08-30 11:04:55.926659,LOW,0
TX07914,ACC831,ACC619,3199,2026-08-30 11:03:55.926659,LOW,0
TX07915,ACC478,ACC995,1163,2026-08-30 11:02:55.926659,LOW,0
TX07916,ACC144,ACC349,1147,2026-08-30 11:01:55.926659,LOW,0
TX07917,ACC464,ACC643,8406,2026-08-30 11:00:55.926659,MEDIUM,0
TX07918,ACC450,ACC236,4224,2026-08-30 10:59:55.926659,LOW,0
TX07919,ACC667,ACC940,19446,2026-08-30 10:58:55.926659,HIGH,0
TX07920,ACC947,ACC928,7639,2026-08-30 10:57:55.926659,LOW,0
TX07921,ACC781,ACC119,7651,2026-08-30 10:56:55.926659,LOW,0
TX07922,ACC641,ACC821,1643,2026-08-30 10:55:55.926659,LOW,0
TX07923,ACC583,ACC873,15405,2026-08-30 10:54:55.926659,HIGH,0
TX07924,ACC119,ACC512,5058,2026-08-30 10:53:55.926659,LOW,0
TX07925,ACC367,ACC281,3847,2026-08-30 10:52:55.926659,LOW,0
TX07926,ACC363,ACC325,15168,2026-08-30 10:51:55.926659,HIGH,1
TX07927,ACC259,ACC277,18606,2026-08-30 10:50:55.926659,HIGH,0
TX07928,ACC411,ACC340,2116,2026-08-30 10:49:55.926659,LOW,0
TX07929,ACC919,ACC977,11232,2026-08-30 10:48:55.926659,MEDIUM,0
TX07930,ACC172,ACC478,5992,2026-08-30 10:47:55.926659,LOW,0
TX07931,ACC569,ACC388,335,2026-08-30 10:46:55.926659,LOW,0
TX07932,ACC259,ACC381,3066,2026-08-30 10:45:55.926659,LOW,0
TX07933,ACC829,ACC640,6404,2026-08-30 10:44:55.926659,LOW,0
TX07934,ACC375,ACC660,13597,2026-08-30 10:43:55.926659,MEDIUM,0
TX07935,ACC705,ACC857,14040,2026-08-30 10:42:55.926659,MEDIUM,0
TX07936,ACC948,ACC174,1825,2026-08-30 10:41:55.926659,LOW,0
TX07937,ACC471,ACC169,10278,2026-08-30 10:40:55.926659,MEDIUM,0
TX07938,ACC404,ACC824,11399,2026-08-30 10:39:55.926659,MEDIUM,0
TX07939,ACC362,ACC137,9224,2026-08-30 10:38:55.926659,MEDIUM,0
TX07940,ACC699,ACC969,15413,2026-08-30 10:37:55.926659,HIGH,1
TX07941,ACC531,ACC502,1337,2026-08-30 10:36:55.926659,LOW,0
TX07942,ACC853,ACC640,9881,2026-08-30 10:35:55.926659,MEDIUM,0
TX07943,ACC214,ACC262,16565,2026-08-30 10:34:55.926659,HIGH,1
TX07944,ACC360,ACC664,10916,2026-08-30 10:33:55.926659,MEDIUM,0
TX07945,ACC311,ACC949,11249,2026-08-30 10:32:55.926659,MEDIUM,0
TX07946,ACC111,ACC542,9212,2026-08-30 10:31:55.926659,MEDIUM,0
TX07947,ACC199,ACC657,18703,2026-08-30 10:30:55.926659,HIGH,0
TX07948,ACC616,ACC968,17071,2026-08-30 10:29:55.934028,HIGH,1
TX07949,ACC154,ACC322,299,2026-08-30 10:28:55.934028,LOW,0
TX07950,ACC959,ACC848,6835,2026-08-30 10:27:55.934028,LOW,0
TX07951,ACC858,ACC426,10504,2026-08-30 10:26:55.934028,MEDIUM,0
TX07952,ACC727,ACC508,19798,2026-08-30 10:25:55.934028,HIGH,1
TX07953,ACC829,ACC277,11705,2026-08-30 10:24:55.934028,MEDIUM,0
TX07954,ACC409,ACC207,12190,2026-08-30 10:23:55.934028,MEDIUM,0
TX07955,ACC636,ACC869,13176,2026-08-30 10:22:55.934028,MEDIUM,0
TX07956,ACC939,ACC315,10669,2026-08-30 10:21:55.934028,MEDIUM,0
TX07957,ACC166,ACC115,7832,2026-08-30 10:20:55.934028,LOW,0
TX07958,ACC742,ACC971,18829,2026-08-30 10:19:55.934028,HIGH,1
TX07959,ACC374,ACC550,10999,2026-08-30 10:18:55.934028,MEDIUM,0
TX07960,ACC304,ACC641,4575,2026-08-30 10:17:55.934028,LOW,0
TX07961,ACC219,ACC383,19225,2026-08-30 10:16:55.934028,HIGH,1
TX07962,ACC945,ACC904,16894,2026-08-30 10:15:55.934028,HIGH,1
TX07963,ACC654,ACC834,7337,2026-08-30 10:14:55.934028,LOW,0
TX07964,ACC442,ACC903,5512,2026-08-30 10:13:55.934028,LOW,0
TX07965,ACC737,ACC145,18517,2026-08-30 10:12:55.934028,HIGH,0
TX07966,ACC535,ACC818,1874,2026-08-30 10:11:55.934028,LOW,0
TX07967,ACC144,ACC607,12141,2026-08-30 10:10:55.934028,MEDIUM,0
TX07968,ACC234,ACC810,9793,2026-08-30 10:09:55.934028,MEDIUM,0
TX07969,ACC749,ACC797,7858,2026-08-30 10:08:55.934028,LOW,0
TX07970,ACC365,ACC346,15179,2026-08-30 10:07:55.934028,HIGH,1
TX07971,ACC174,ACC111,7216,2026-08-30 10:06:55.934028,LOW,0
TX07972,ACC546,ACC515,1984,2026-08-30 10:05:55.934028,LOW,0
TX07973,ACC119,ACC197,13002,2026-08-30 10:04:55.934028,MEDIUM,0
TX07974,ACC605,ACC328,17579,2026-08-30 10:03:55.934028,HIGH,0
TX07975,ACC166,ACC565,15135,2026-08-30 10:02:55.934028,HIGH,1
TX07976,ACC103,ACC963,6339,2026-08-30 10:01:55.934028,LOW,0
TX07977,ACC237,ACC810,7710,2026-08-30 10:00:55.934028,LOW,0
TX07978,ACC588,ACC316,2054,2026-08-30 09:59:55.934028,LOW,0
TX07979,ACC838,ACC966,1205,2026-08-30 09:58:55.934028,LOW,0
TX07980,ACC721,ACC986,3893,2026-08-30 09:57:55.934028,LOW,0
TX07981,ACC638,ACC941,3321,2026-08-30 09:56:55.934028,LOW,0
TX07982,ACC327,ACC903,19655,2026-08-30 09:55:55.934028,HIGH,1
TX07983,ACC760,ACC461,3668,2026-08-30 09:54:55.934028,LOW,0
TX07984,ACC499,ACC815,7088,2026-08-30 09:53:55.934028,LOW,0
TX07985,ACC655,ACC164,12128,2026-08-30 09:52:55.934028,MEDIUM,0
TX07986,ACC983,ACC378,6790,2026-08-30 09:51:55.934028,LOW,0
TX07987,ACC980,ACC828,2156,2026-08-30 09:50:55.934028,LOW,0
TX07988,ACC976,ACC131,8640,2026-08-30 09:49:55.934028,MEDIUM,0
TX07989,ACC311,ACC817,16785,2026-08-30 09:48:55.934028,HIGH,0
TX07990,ACC101,ACC581,1208,2026-08-30 09:47:55.934028,LOW,0
TX07991,ACC672,ACC948,18126,2026-08-30 09:46:55.934028,HIGH,1
TX07992,ACC885,ACC974,1696,2026-08-30 09:45:55.934028,LOW,0
TX07993,ACC595,ACC216,3326,2026-08-30 09:44:55.934028,LOW,0
TX07994,ACC134,ACC530,16289,2026-08-30 09:43:55.934028,HIGH,0
TX07995,ACC400,ACC512,18591,2026-08-30 09:42:55.934028,HIGH,1
TX07996,ACC887,ACC824,3125,2026-08-30 09:41:55.934028,LOW,0
TX07997,ACC781,ACC120,8579,2026-08-30 09:40:55.934028,MEDIUM,0
TX07998,ACC153,ACC793,15508,2026-08-30 09:39:55.934028,HIGH,1
TX07999,ACC656,ACC181,13957,2026-08-30 09:38:55.934028,MEDIUM,0
TX08000,ACC563,ACC145,7088,2026-08-30 09:37:55.934028,LOW,0
TX08001,ACC923,ACC394,15653,2026-08-30 09:36:55.934028,HIGH,0
TX08002,ACC131,ACC499,12870,2026-08-30 09:35:55.934028,MEDIUM,0
TX08003,ACC658,ACC855,5945,2026-08-30 09:34:55.934028,LOW,0
TX08004,ACC708,ACC813,12321,2026-08-30 09:33:55.934028,MEDIUM,0
TX08005,ACC280,ACC721,8256,2026-08-30 09:32:55.934028,MEDIUM,0
TX08006,ACC550,ACC130,14220,2026-08-30 09:31:55.934028,MEDIUM,0
TX08007,ACC474,ACC791,7264,2026-08-30 09:30:55.934028,LOW,0
TX08008,ACC485,ACC537,15903,2026-08-30 09:29:55.934028,HIGH,1
TX08009,ACC674,ACC539,3939,2026-08-30 09:28:55.934028,LOW,0
TX08010,ACC394,ACC263,16349,2026-08-30 09:27:55.934028,HIGH,1
TX08011,ACC755,ACC468,2671,2026-08-30 09:26:55.934028,LOW,0
TX08012,ACC394,ACC572,18851,2026-08-30 09:25:55.934028,HIGH,1
TX08013,ACC105,ACC613,8779,2026-08-30 09:24:55.934028,MEDIUM,0
TX08014,ACC332,ACC851,8889,2026-08-30 09:23:55.934028,MEDIUM,0
TX08015,ACC761,ACC149,17045,2026-08-30 09:22:55.934028,HIGH,0
TX08016,ACC356,ACC269,9909,2026-08-30 09:21:55.934028,MEDIUM,0
TX08017,ACC443,ACC672,16655,2026-08-30 09:20:55.934028,HIGH,0
TX08018,ACC765,ACC962,15540,2026-08-30 09:19:55.934028,HIGH,1
TX08019,ACC713,ACC217,7620,2026-08-30 09:18:55.934028,LOW,0
TX08020,ACC611,ACC431,5075,2026-08-30 09:17:55.934028,LOW,0
TX08021,ACC999,ACC851,8062,2026-08-30 09:16:55.934028,MEDIUM,0
TX08022,ACC453,ACC541,14710,2026-08-30 09:15:55.934028,MEDIUM,0
TX08023,ACC342,ACC518,13388,2026-08-30 09:14:55.934028,MEDIUM,0
TX08024,ACC708,ACC631,18775,2026-08-30 09:13:55.934028,HIGH,1
TX08025,ACC291,ACC757,14951,2026-08-30 09:12:55.934028,MEDIUM,0
TX08026,ACC456,ACC249,16103,2026-08-30 09:11:55.934028,HIGH,1
TX08027,ACC676,ACC232,19443,2026-08-30 09:10:55.934028,HIGH,0
TX08028,ACC586,ACC578,2596,2026-08-30 09:09:55.934028,LOW,0
TX08029,ACC345,ACC737,2290,2026-08-30 09:08:55.934028,LOW,0
TX08030,ACC570,ACC426,4592,2026-08-30 09:07:55.934028,LOW,0
TX08031,ACC251,ACC464,19346,2026-08-30 09:06:55.934028,HIGH,0
TX08032,ACC857,ACC884,13214,2026-08-30 09:05:55.934028,MEDIUM,0
TX08033,ACC323,ACC829,1874,2026-08-30 09:04:55.934028,LOW,0
TX08034,ACC558,ACC722,8144,2026-08-30 09:03:55.934028,MEDIUM,0
TX08035,ACC294,ACC969,14499,2026-08-30 09:02:55.934028,MEDIUM,0
TX08036,ACC854,ACC138,14639,2026-08-30 09:01:55.934028,MEDIUM,0
TX08037,ACC429,ACC165,195,2026-08-30 09:00:55.934028,LOW,0
TX08038,ACC647,ACC426,2532,2026-08-30 08:59:55.934028,LOW,0
TX08039,ACC169,ACC354,12732,2026-08-30 08:58:55.934028,MEDIUM,0
TX08040,ACC342,ACC188,8420,2026-08-30 08:57:55.934028,MEDIUM,0
TX08041,ACC924,ACC669,8494,2026-08-30 08:56:55.934028,MEDIUM,0
TX08042,ACC106,ACC714,10821,2026-08-30 08:55:55.934028,MEDIUM,0
TX08043,ACC388,ACC467,4339,2026-08-30 08:54:55.934028,LOW,0
TX08044,ACC745,ACC161,4207,2026-08-30 08:53:55.934028,LOW,0
TX08045,ACC291,ACC400,12958,2026-08-30 08:52:55.934028,MEDIUM,0
TX08046,ACC390,ACC738,954,2026-08-30 08:51:55.934028,LOW,0
TX08047,ACC795,ACC498,15093,2026-08-30 08:50:55.934028,HIGH,1
TX08048,ACC245,ACC502,496,2026-08-30 08:49:55.934028,LOW,0
TX08049,ACC151,ACC646,5054,2026-08-30 08:48:55.934028,LOW,0
TX08050,ACC405,ACC797,8728,2026-08-30 08:47:55.934028,MEDIUM,0
TX08051,ACC550,ACC791,16200,2026-08-30 08:46:55.934028,HIGH,1
TX08052,ACC721,ACC580,12833,2026-08-30 08:45:55.934028,MEDIUM,0
TX08053,ACC326,ACC831,16414,2026-08-30 08:44:55.934028,HIGH,1
TX08054,ACC449,ACC366,8068,2026-08-30 08:43:55.934028,MEDIUM,0
TX08055,ACC358,ACC638,5138,2026-08-30 08:42:55.934028,LOW,0
TX08056,ACC838,ACC918,12689,2026-08-30 08:41:55.934028,MEDIUM,0
TX08057,ACC406,ACC411,17883,2026-08-30 08:40:55.934028,HIGH,0
TX08058,ACC922,ACC129,9603,2026-08-30 08:39:55.934028,MEDIUM,0
TX08059,ACC349,ACC331,12689,2026-08-30 08:38:55.934028,MEDIUM,0
TX08060,ACC634,ACC915,15893,2026-08-30 08:37:55.934028,HIGH,0
TX08061,ACC748,ACC906,14320,2026-08-30 08:36:55.934028,MEDIUM,0
TX08062,ACC703,ACC236,10676,2026-08-30 08:35:55.934028,MEDIUM,0
TX08063,ACC442,ACC728,10593,2026-08-30 08:34:55.934028,MEDIUM,0
TX08064,ACC374,ACC834,15056,2026-08-30 08:33:55.934028,HIGH,0
TX08065,ACC851,ACC111,10562,2026-08-30 08:32:55.934028,MEDIUM,0
TX08066,ACC855,ACC809,13306,2026-08-30 08:31:55.934028,MEDIUM,0
TX08067,ACC428,ACC986,569,2026-08-30 08:30:55.934028,LOW,0
TX08068,ACC857,ACC290,4226,2026-08-30 08:29:55.934028,LOW,0
TX08069,ACC911,ACC105,12328,2026-08-30 08:28:55.934028,MEDIUM,0
TX08070,ACC650,ACC561,8589,2026-08-30 08:27:55.934028,MEDIUM,0
TX08071,ACC834,ACC173,11968,2026-08-30 08:26:55.934028,MEDIUM,0
TX08072,ACC986,ACC495,16445,2026-08-30 08:25:55.934028,HIGH,1
TX08073,ACC201,ACC922,1187,2026-08-30 08:24:55.934028,LOW,0
TX08074,ACC907,ACC683,6868,2026-08-30 08:23:55.934028,LOW,0
TX08075,ACC769,ACC336,7533,2026-08-30 08:22:55.934028,LOW,0
TX08076,ACC302,ACC261,16420,2026-08-30 08:21:55.934028,HIGH,1
TX08077,ACC383,ACC971,8641,2026-08-30 08:20:55.934028,MEDIUM,0
TX08078,ACC658,ACC446,3317,2026-08-30 08:19:55.934028,LOW,0
TX08079,ACC417,ACC232,5842,2026-08-30 08:18:55.934028,LOW,0
TX08080,ACC193,ACC339,18551,2026-08-30 08:17:55.934028,HIGH,1
TX08081,ACC473,ACC158,11293,2026-08-30 08:16:55.934028,MEDIUM,0
TX08082,ACC975,ACC687,2421,2026-08-30 08:15:55.934028,LOW,0
TX08083,ACC681,ACC876,19102,2026-08-30 08:14:55.934028,HIGH,0
TX08084,ACC174,ACC330,8211,2026-08-30 08:13:55.934028,MEDIUM,0
TX08085,ACC396,ACC546,1531,2026-08-30 08:12:55.934028,LOW,0
TX08086,ACC994,ACC148,18221,2026-08-30 08:11:55.934028,HIGH,1
TX08087,ACC955,ACC966,10767,2026-08-30 08:10:55.934028,MEDIUM,0
TX08088,ACC397,ACC346,262,2026-08-30 08:09:55.934028,LOW,0
TX08089,ACC680,ACC491,1211,2026-08-30 08:08:55.934028,LOW,0
TX08090,ACC877,ACC816,15816,2026-08-30 08:07:55.934028,HIGH,0
TX08091,ACC173,ACC408,1672,2026-08-30 08:06:55.934028,LOW,0
TX08092,ACC141,ACC617,4123,2026-08-30 08:05:55.934028,LOW,0
TX08093,ACC916,ACC239,9598,2026-08-30 08:04:55.934028,MEDIUM,0
TX08094,ACC227,ACC861,3442,2026-08-30 08:03:55.934028,LOW,0
TX08095,ACC783,ACC206,1330,2026-08-30 08:02:55.934028,LOW,0
TX08096,ACC142,ACC702,1735,2026-08-30 08:01:55.934028,LOW,0
TX08097,ACC792,ACC394,2829,2026-08-30 08:00:55.934028,LOW,0
TX08098,ACC788,ACC445,12040,2026-08-30 07:59:55.934028,MEDIUM,0
TX08099,ACC541,ACC535,9187,2026-08-30 07:58:55.934028,MEDIUM,0
TX08100,ACC595,ACC712,5990,2026-08-30 07:57:55.934028,LOW,0
TX08101,ACC971,ACC537,14207,2026-08-30 07:56:55.934028,MEDIUM,0
TX08102,ACC827,ACC218,13303,2026-08-30 07:55:55.934028,MEDIUM,0
TX08103,ACC568,ACC149,6898,2026-08-30 07:54:55.934028,LOW,0
TX08104,ACC379,ACC579,2135,2026-08-30 07:53:55.934028,LOW,0
TX08105,ACC100,ACC285,10192,2026-08-30 07:52:55.934028,MEDIUM,0
TX08106,ACC685,ACC497,13909,2026-08-30 07:51:55.934028,MEDIUM,0
TX08107,ACC243,ACC317,12514,2026-08-30 07:50:55.934028,MEDIUM,0
TX08108,ACC557,ACC166,8743,2026-08-30 07:49:55.934028,MEDIUM,0
TX08109,ACC373,ACC924,13661,2026-08-30 07:48:55.934028,MEDIUM,0
TX08110,ACC617,ACC662,7239,2026-08-30 07:47:55.934028,LOW,0
TX08111,ACC152,ACC831,7000,2026-08-30 07:46:55.934028,LOW,0
TX08112,ACC580,ACC124,8063,2026-08-30 07:45:55.934028,MEDIUM,0
TX08113,ACC432,ACC349,3167,2026-08-30 07:44:55.934028,LOW,0
TX08114,ACC676,ACC494,15420,2026-08-30 07:43:55.934028,HIGH,0
TX08115,ACC208,ACC282,7773,2026-08-30 07:42:55.934028,LOW,0
TX08116,ACC353,ACC669,14242,2026-08-30 07:41:55.934028,MEDIUM,0
TX08117,ACC507,ACC618,6197,2026-08-30 07:40:55.934028,LOW,0
TX08118,ACC646,ACC448,13231,2026-08-30 07:39:55.934028,MEDIUM,0
TX08119,ACC230,ACC416,11174,2026-08-30 07:38:55.934028,MEDIUM,0
TX08120,ACC715,ACC176,432,2026-08-30 07:37:55.934028,LOW,0
TX08121,ACC942,ACC719,19544,2026-08-30 07:36:55.934028,HIGH,1
TX08122,ACC761,ACC370,17279,2026-08-30 07:35:55.934028,HIGH,0
TX08123,ACC362,ACC560,7194,2026-08-30 07:34:55.934028,LOW,0
TX08124,ACC187,ACC537,9384,2026-08-30 07:33:55.934028,MEDIUM,0
TX08125,ACC479,ACC944,9969,2026-08-30 07:32:55.934028,MEDIUM,0
TX08126,ACC385,ACC691,15222,2026-08-30 07:31:55.934028,HIGH,1
TX08127,ACC973,ACC947,891,2026-08-30 07:30:55.934028,LOW,0
TX08128,ACC499,ACC135,6195,2026-08-30 07:29:55.934028,LOW,0
TX08129,ACC322,ACC316,15351,2026-08-30 07:28:55.934028,HIGH,0
TX08130,ACC872,ACC835,10090,2026-08-30 07:27:55.934028,MEDIUM,0
TX08131,ACC391,ACC882,2842,2026-08-30 07:26:55.934028,LOW,0
TX08132,ACC888,ACC559,18235,2026-08-30 07:25:55.934028,HIGH,1
TX08133,ACC838,ACC170,3620,2026-08-30 07:24:55.934028,LOW,0
TX08134,ACC192,ACC679,18028,2026-08-30 07:23:55.934028,HIGH,0
TX08135,ACC323,ACC846,14858,2026-08-30 07:22:55.934028,MEDIUM,0
TX08136,ACC237,ACC866,1045,2026-08-30 07:21:55.934028,LOW,0
TX08137,ACC365,ACC175,13554,2026-08-30 07:20:55.934028,MEDIUM,0
TX08138,ACC977,ACC217,11794,2026-08-30 07:19:55.934028,MEDIUM,0
TX08139,ACC619,ACC410,17940,2026-08-30 07:18:55.934028,HIGH,1
TX08140,ACC753,ACC361,17214,2026-08-30 07:17:55.934028,HIGH,0
TX08141,ACC824,ACC344,9054,2026-08-30 07:16:55.934028,MEDIUM,0
TX08142,ACC111,ACC539,19158,2026-08-30 07:15:55.934028,HIGH,0
TX08143,ACC244,ACC513,2997,2026-08-30 07:14:55.934028,LOW,0
TX08144,ACC353,ACC141,13745,2026-08-30 07:13:55.934028,MEDIUM,0
TX08145,ACC475,ACC294,1557,2026-08-30 07:12:55.934028,LOW,0
TX08146,ACC502,ACC188,6031,2026-08-30 07:11:55.934028,LOW,0
TX08147,ACC488,ACC782,19554,2026-08-30 07:10:55.934028,HIGH,0
TX08148,ACC100,ACC667,6320,2026-08-30 07:09:55.934028,LOW,0
TX08149,ACC550,ACC672,5960,2026-08-30 07:08:55.934028,LOW,0
TX08150,ACC171,ACC153,14030,2026-08-30 07:07:55.934028,MEDIUM,0
TX08151,ACC285,ACC730,6971,2026-08-30 07:06:55.934028,LOW,0
TX08152,ACC144,ACC912,7816,2026-08-30 07:05:55.934028,LOW,0
TX08153,ACC204,ACC494,4264,2026-08-30 07:04:55.934028,LOW,0
TX08154,ACC721,ACC259,2229,2026-08-30 07:03:55.934028,LOW,0
TX08155,ACC351,ACC151,7221,2026-08-30 07:02:55.934028,LOW,0
TX08156,ACC361,ACC391,19060,2026-08-30 07:01:55.934028,HIGH,1
TX08157,ACC612,ACC698,12279,2026-08-30 07:00:55.934028,MEDIUM,0
TX08158,ACC404,ACC440,4098,2026-08-30 06:59:55.934028,LOW,0
TX08159,ACC160,ACC332,9801,2026-08-30 06:58:55.934028,MEDIUM,0
TX08160,ACC226,ACC879,11206,2026-08-30 06:57:55.934028,MEDIUM,0
TX08161,ACC282,ACC742,14293,2026-08-30 06:56:55.934028,MEDIUM,0
TX08162,ACC881,ACC400,9522,2026-08-30 06:55:55.934028,MEDIUM,0
TX08163,ACC932,ACC124,16471,2026-08-30 06:54:55.934028,HIGH,0
TX08164,ACC783,ACC831,567,2026-08-30 06:53:55.934028,LOW,0
TX08165,ACC112,ACC409,12220,2026-08-30 06:52:55.934028,MEDIUM,0
TX08166,ACC325,ACC598,11572,2026-08-30 06:51:55.934028,MEDIUM,0
TX08167,ACC378,ACC232,4318,2026-08-30 06:50:55.934028,LOW,0
TX08168,ACC725,ACC457,17360,2026-08-30 06:49:55.934028,HIGH,0
TX08169,ACC875,ACC767,4221,2026-08-30 06:48:55.934028,LOW,0
TX08170,ACC105,ACC829,7772,2026-08-30 06:47:55.934028,LOW,0
TX08171,ACC320,ACC129,5073,2026-08-30 06:46:55.934028,LOW,0
TX08172,ACC407,ACC518,5595,2026-08-30 06:45:55.934028,LOW,0
TX08173,ACC999,ACC837,10435,2026-08-30 06:44:55.934028,MEDIUM,0
TX08174,ACC965,ACC912,3037,2026-08-30 06:43:55.934028,LOW,0
TX08175,ACC818,ACC855,648,2026-08-30 06:42:55.934028,LOW,0
TX08176,ACC205,ACC735,7978,2026-08-30 06:41:55.934028,LOW,0
TX08177,ACC377,ACC759,17662,2026-08-30 06:40:55.934028,HIGH,1
TX08178,ACC685,ACC407,5541,2026-08-30 06:39:55.934028,LOW,0
TX08179,ACC753,ACC514,15528,2026-08-30 06:38:55.934028,HIGH,0
TX08180,ACC742,ACC657,11421,2026-08-30 06:37:55.934028,MEDIUM,0
TX08181,ACC146,ACC786,15588,2026-08-30 06:36:55.934028,HIGH,1
TX08182,ACC101,ACC561,19539,2026-08-30 06:35:55.934028,HIGH,0
TX08183,ACC957,ACC325,19275,2026-08-30 06:34:55.934028,HIGH,0
TX08184,ACC429,ACC948,7195,2026-08-30 06:33:55.934028,LOW,0
TX08185,ACC998,ACC289,11203,2026-08-30 06:32:55.934028,MEDIUM,0
TX08186,ACC976,ACC566,9521,2026-08-30 06:31:55.934028,MEDIUM,0
TX08187,ACC202,ACC853,19040,2026-08-30 06:30:55.934028,HIGH,1
TX08188,ACC721,ACC192,5318,2026-08-30 06:29:55.934028,LOW,0
TX08189,ACC373,ACC359,12229,2026-08-30 06:28:55.934028,MEDIUM,0
TX08190,ACC582,ACC505,2737,2026-08-30 06:27:55.934028,LOW,0
TX08191,ACC567,ACC129,16877,2026-08-30 06:26:55.934028,HIGH,0
TX08192,ACC921,ACC457,18934,2026-08-30 06:25:55.934028,HIGH,0
TX08193,ACC985,ACC228,11697,2026-08-30 06:24:55.934028,MEDIUM,0
TX08194,ACC784,ACC966,13683,2026-08-30 06:23:55.934028,MEDIUM,0
TX08195,ACC572,ACC270,17503,2026-08-30 06:22:55.934028,HIGH,0
TX08196,ACC545,ACC590,17996,2026-08-30 06:21:55.934028,HIGH,0
TX08197,ACC390,ACC475,8484,2026-08-30 06:20:55.934028,MEDIUM,0
TX08198,ACC556,ACC881,10884,2026-08-30 06:19:55.934028,MEDIUM,0
TX08199,ACC354,ACC897,6086,2026-08-30 06:18:55.934028,LOW,0
TX08200,ACC920,ACC976,13418,2026-08-30 06:17:55.934028,MEDIUM,0
TX08201,ACC335,ACC254,13257,2026-08-30 06:16:55.934028,MEDIUM,0
TX08202,ACC119,ACC865,2053,2026-08-30 06:15:55.934028,LOW,0
TX08203,ACC123,ACC431,168,2026-08-30 06:14:55.934028,LOW,0
TX08204,ACC156,ACC937,16580,2026-08-30 06:13:55.934028,HIGH,1
TX08205,ACC124,ACC898,7754,2026-08-30 06:12:55.934028,LOW,0
TX08206,ACC214,ACC789,9552,2026-08-30 06:11:55.934028,MEDIUM,0
TX08207,ACC959,ACC166,18524,2026-08-30 06:10:55.934028,HIGH,1
TX08208,ACC523,ACC642,3972,2026-08-30 06:09:55.934028,LOW,0
TX08209,ACC176,ACC369,13363,2026-08-30 06:08:55.934028,MEDIUM,0
TX08210,ACC678,ACC741,16599,2026-08-30 06:07:55.934028,HIGH,1
TX08211,ACC604,ACC948,17938,2026-08-30 06:06:55.934028,HIGH,0
TX08212,ACC599,ACC535,11309,2026-08-30 06:05:55.934028,MEDIUM,0
TX08213,ACC787,ACC637,16791,2026-08-30 06:04:55.934028,HIGH,1
TX08214,ACC609,ACC349,10673,2026-08-30 06:03:55.934028,MEDIUM,0
TX08215,ACC429,ACC155,7343,2026-08-30 06:02:55.934028,LOW,0
TX08216,ACC784,ACC964,14356,2026-08-30 06:01:55.934028,MEDIUM,0
TX08217,ACC930,ACC748,12937,2026-08-30 06:00:55.934028,MEDIUM,0
TX08218,ACC688,ACC209,17025,2026-08-30 05:59:55.934028,HIGH,1
TX08219,ACC174,ACC568,15438,2026-08-30 05:58:55.934028,HIGH,0
TX08220,ACC295,ACC841,16257,2026-08-30 05:57:55.934028,HIGH,0
TX08221,ACC295,ACC827,11102,2026-08-30 05:56:55.934028,MEDIUM,0
TX08222,ACC241,ACC677,17049,2026-08-30 05:55:55.934028,HIGH,1
TX08223,ACC103,ACC433,6802,2026-08-30 05:54:55.934028,LOW,0
TX08224,ACC394,ACC772,3748,2026-08-30 05:53:55.934028,LOW,0
TX08225,ACC743,ACC289,1174,2026-08-30 05:52:55.934028,LOW,0
TX08226,ACC368,ACC221,12755,2026-08-30 05:51:55.934028,MEDIUM,0
TX08227,ACC399,ACC840,6030,2026-08-30 05:50:55.934028,LOW,0
TX08228,ACC390,ACC547,18274,2026-08-30 05:49:55.934028,HIGH,1
TX08229,ACC526,ACC334,18434,2026-08-30 05:48:55.934028,HIGH,1
TX08230,ACC518,ACC891,3047,2026-08-30 05:47:55.934028,LOW,0
TX08231,ACC621,ACC765,16741,2026-08-30 05:46:55.934028,HIGH,1
TX08232,ACC509,ACC947,6657,2026-08-30 05:45:55.934028,LOW,0
TX08233,ACC839,ACC828,11564,2026-08-30 05:44:55.934028,MEDIUM,0
TX08234,ACC380,ACC643,353,2026-08-30 05:43:55.934028,LOW,0
TX08235,ACC723,ACC836,16888,2026-08-30 05:42:55.934028,HIGH,0
TX08236,ACC512,ACC521,10184,2026-08-30 05:41:55.934028,MEDIUM,0
TX08237,ACC606,ACC958,19861,2026-08-30 05:40:55.934028,HIGH,0
TX08238,ACC466,ACC247,13218,2026-08-30 05:39:55.934028,MEDIUM,0
TX08239,ACC972,ACC981,4645,2026-08-30 05:38:55.934028,LOW,0
TX08240,ACC979,ACC776,17570,2026-08-30 05:37:55.934028,HIGH,1
TX08241,ACC995,ACC715,13068,2026-08-30 05:36:55.934028,MEDIUM,0
TX08242,ACC861,ACC160,3183,2026-08-30 05:35:55.934028,LOW,0
TX08243,ACC770,ACC540,10162,2026-08-30 05:34:55.934028,MEDIUM,0
TX08244,ACC888,ACC812,6798,2026-08-30 05:33:55.934028,LOW,0
TX08245,ACC182,ACC115,8683,2026-08-30 05:32:55.934028,MEDIUM,0
TX08246,ACC183,ACC419,4845,2026-08-30 05:31:55.934028,LOW,0
TX08247,ACC470,ACC300,1191,2026-08-30 05:30:55.934028,LOW,0
TX08248,ACC710,ACC641,453,2026-08-30 05:29:55.934028,LOW,0
TX08249,ACC555,ACC522,17703,2026-08-30 05:28:55.934028,HIGH,0
TX08250,ACC301,ACC319,8859,2026-08-30 05:27:55.934028,MEDIUM,0
TX08251,ACC638,ACC262,4781,2026-08-30 05:26:55.934028,LOW,0
TX08252,ACC881,ACC126,9964,2026-08-30 05:25:55.934028,MEDIUM,0
TX08253,ACC176,ACC752,2167,2026-08-30 05:24:55.934028,LOW,0
TX08254,ACC770,ACC565,4747,2026-08-30 05:23:55.934028,LOW,0
TX08255,ACC675,ACC843,6172,2026-08-30 05:22:55.934028,LOW,0
TX08256,ACC962,ACC599,8417,2026-08-30 05:21:55.934028,MEDIUM,0
TX08257,ACC804,ACC827,7293,2026-08-30 05:20:55.934028,LOW,0
TX08258,ACC447,ACC940,3763,2026-08-30 05:19:55.934028,LOW,0
TX08259,ACC366,ACC624,11530,2026-08-30 05:18:55.934028,MEDIUM,0
TX08260,ACC503,ACC941,17209,2026-08-30 05:17:55.934028,HIGH,1
TX08261,ACC672,ACC220,5300,2026-08-30 05:16:55.934028,LOW,0
TX08262,ACC180,ACC401,19539,2026-08-30 05:15:55.934028,HIGH,1
TX08263,ACC485,ACC842,258,2026-08-30 05:14:55.934028,LOW,0
TX08264,ACC182,ACC629,15256,2026-08-30 05:13:55.934028,HIGH,0
TX08265,ACC995,ACC999,2698,2026-08-30 05:12:55.935589,LOW,0
TX08266,ACC656,ACC370,17005,2026-08-30 05:11:55.935589,HIGH,0
TX08267,ACC262,ACC547,10165,2026-08-30 05:10:55.935589,MEDIUM,0
TX08268,ACC947,ACC450,13784,2026-08-30 05:09:55.935589,MEDIUM,0
TX08269,ACC404,ACC870,11554,2026-08-30 05:08:55.935589,MEDIUM,0
TX08270,ACC909,ACC456,7391,2026-08-30 05:07:55.935589,LOW,0
TX08271,ACC319,ACC391,14285,2026-08-30 05:06:55.935589,MEDIUM,0
TX08272,ACC449,ACC873,17540,2026-08-30 05:05:55.935589,HIGH,0
TX08273,ACC933,ACC513,7416,2026-08-30 05:04:55.935589,LOW,0
TX08274,ACC555,ACC411,5525,2026-08-30 05:03:55.935589,LOW,0
TX08275,ACC578,ACC154,15089,2026-08-30 05:02:55.935589,HIGH,0
TX08276,ACC949,ACC486,6603,2026-08-30 05:01:55.935589,LOW,0
TX08277,ACC672,ACC952,14050,2026-08-30 05:00:55.935589,MEDIUM,0
TX08278,ACC837,ACC943,4440,2026-08-30 04:59:55.935589,LOW,0
TX08279,ACC750,ACC115,2419,2026-08-30 04:58:55.935589,LOW,0
TX08280,ACC664,ACC929,19640,2026-08-30 04:57:55.935589,HIGH,0
TX08281,ACC699,ACC424,6621,2026-08-30 04:56:55.935589,LOW,0
TX08282,ACC988,ACC834,19726,2026-08-30 04:55:55.935589,HIGH,1
TX08283,ACC551,ACC239,14154,2026-08-30 04:54:55.935589,MEDIUM,0
TX08284,ACC451,ACC347,14420,2026-08-30 04:53:55.935589,MEDIUM,0
TX08285,ACC508,ACC430,12696,2026-08-30 04:52:55.935589,MEDIUM,0
TX08286,ACC209,ACC796,19616,2026-08-30 04:51:55.935589,HIGH,0
TX08287,ACC253,ACC342,9648,2026-08-30 04:50:55.935589,MEDIUM,0
TX08288,ACC744,ACC303,17849,2026-08-30 04:49:55.935589,HIGH,1
TX08289,ACC660,ACC195,9591,2026-08-30 04:48:55.935589,MEDIUM,0
TX08290,ACC897,ACC215,12644,2026-08-30 04:47:55.935589,MEDIUM,0
TX08291,ACC879,ACC489,5678,2026-08-30 04:46:55.935589,LOW,0
TX08292,ACC452,ACC199,2077,2026-08-30 04:45:55.935589,LOW,0
TX08293,ACC602,ACC658,18509,2026-08-30 04:44:55.935589,HIGH,1
TX08294,ACC920,ACC339,12300,2026-08-30 04:43:55.935589,MEDIUM,0
TX08295,ACC498,ACC853,846,2026-08-30 04:42:55.935589,LOW,0
TX08296,ACC825,ACC998,937,2026-08-30 04:41:55.935589,LOW,0
TX08297,ACC922,ACC657,14883,2026-08-30 04:40:55.935589,MEDIUM,0
TX08298,ACC152,ACC496,7417,2026-08-30 04:39:55.935589,LOW,0
TX08299,ACC403,ACC660,3764,2026-08-30 04:38:55.935589,LOW,0
TX08300,ACC913,ACC478,9679,2026-08-30 04:37:55.935589,MEDIUM,0
TX08301,ACC980,ACC700,13136,2026-08-30 04:36:55.935589,MEDIUM,0
TX08302,ACC103,ACC546,9032,2026-08-30 04:35:55.935589,MEDIUM,0
TX08303,ACC791,ACC122,19771,2026-08-30 04:34:55.935589,HIGH,1
TX08304,ACC356,ACC526,17832,2026-08-30 04:33:55.935589,HIGH,1
TX08305,ACC837,ACC898,15780,2026-08-30 04:32:55.935589,HIGH,1
TX08306,ACC258,ACC157,12742,2026-08-30 04:31:55.935589,MEDIUM,0
TX08307,ACC911,ACC784,1524,2026-08-30 04:30:55.935589,LOW,0
TX08308,ACC531,ACC975,17122,2026-08-30 04:29:55.935589,HIGH,0
TX08309,ACC911,ACC503,10802,2026-08-30 04:28:55.935589,MEDIUM,0
TX08310,ACC778,ACC354,9926,2026-08-30 04:27:55.935589,MEDIUM,0
TX08311,ACC338,ACC535,18953,2026-08-30 04:26:55.935589,HIGH,0
TX08312,ACC244,ACC629,1946,2026-08-30 04:25:55.935589,LOW,0
TX08313,ACC203,ACC792,19549,2026-08-30 04:24:55.935589,HIGH,1
TX08314,ACC342,ACC880,19811,2026-08-30 04:23:55.935589,HIGH,1
TX08315,ACC968,ACC285,13486,2026-08-30 04:22:55.935589,MEDIUM,0
TX08316,ACC211,ACC256,8722,2026-08-30 04:21:55.935589,MEDIUM,0
TX08317,ACC810,ACC339,11992,2026-08-30 04:20:55.935589,MEDIUM,0
TX08318,ACC138,ACC357,7164,2026-08-30 04:19:55.935589,LOW,0
TX08319,ACC136,ACC648,6428,2026-08-30 04:18:55.935589,LOW,0
TX08320,ACC598,ACC329,5740,2026-08-30 04:17:55.935589,LOW,0
TX08321,ACC147,ACC986,10593,2026-08-30 04:16:55.935589,MEDIUM,0
TX08322,ACC894,ACC539,11136,2026-08-30 04:15:55.935589,MEDIUM,0
TX08323,ACC996,ACC592,18832,2026-08-30 04:14:55.935589,HIGH,1
TX08324,ACC931,ACC929,4329,2026-08-30 04:13:55.935589,LOW,0
TX08325,ACC930,ACC795,15549,2026-08-30 04:12:55.935589,HIGH,0
TX08326,ACC971,ACC543,16199,2026-08-30 04:11:55.935589,HIGH,1
TX08327,ACC775,ACC897,3251,2026-08-30 04:10:55.935589,LOW,0
TX08328,ACC155,ACC187,2158,2026-08-30 04:09:55.935589,LOW,0
TX08329,ACC651,ACC305,18182,2026-08-30 04:08:55.935589,HIGH,0
TX08330,ACC312,ACC223,1173,2026-08-30 04:07:55.935589,LOW,0
TX08331,ACC139,ACC477,11622,2026-08-30 04:06:55.935589,MEDIUM,0
TX08332,ACC233,ACC754,1068,2026-08-30 04:05:55.935589,LOW,0
TX08333,ACC817,ACC832,15569,2026-08-30 04:04:55.935589,HIGH,0
TX08334,ACC861,ACC425,16156,2026-08-30 04:03:55.935589,HIGH,0
TX08335,ACC986,ACC456,12209,2026-08-30 04:02:55.935589,MEDIUM,0
TX08336,ACC511,ACC164,7849,2026-08-30 04:01:55.935589,LOW,0
TX08337,ACC985,ACC395,5503,2026-08-30 04:00:55.935589,LOW,0
TX08338,ACC569,ACC505,16569,2026-08-30 03:59:55.935589,HIGH,1
TX08339,ACC738,ACC476,13166,2026-08-30 03:58:55.935589,MEDIUM,0
TX08340,ACC707,ACC821,7626,2026-08-30 03:57:55.935589,LOW,0
TX08341,ACC707,ACC705,14049,2026-08-30 03:56:55.935589,MEDIUM,0
TX08342,ACC350,ACC678,19038,2026-08-30 03:55:55.935589,HIGH,0
TX08343,ACC666,ACC184,8971,2026-08-30 03:54:55.935589,MEDIUM,0
TX08344,ACC820,ACC252,13068,2026-08-30 03:53:55.935589,MEDIUM,0
TX08345,ACC692,ACC902,7250,2026-08-30 03:52:55.935589,LOW,0
TX08346,ACC949,ACC215,11368,2026-08-30 03:51:55.935589,MEDIUM,0
TX08347,ACC732,ACC712,2072,2026-08-30 03:50:55.935589,LOW,0
TX08348,ACC585,ACC824,17317,2026-08-30 03:49:55.935589,HIGH,1
TX08349,ACC440,ACC898,15229,2026-08-30 03:48:55.935589,HIGH,0
TX08350,ACC431,ACC747,10094,2026-08-30 03:47:55.935589,MEDIUM,0
TX08351,ACC888,ACC689,14562,2026-08-30 03:46:55.935589,MEDIUM,0
TX08352,ACC321,ACC418,12205,2026-08-30 03:45:55.935589,MEDIUM,0
TX08353,ACC982,ACC714,4283,2026-08-30 03:44:55.935589,LOW,0
TX08354,ACC366,ACC769,8883,2026-08-30 03:43:55.935589,MEDIUM,0
TX08355,ACC923,ACC659,4535,2026-08-30 03:42:55.935589,LOW,0
TX08356,ACC263,ACC429,15356,2026-08-30 03:41:55.935589,HIGH,0
TX08357,ACC915,ACC488,11515,2026-08-30 03:40:55.935589,MEDIUM,0
TX08358,ACC217,ACC390,18203,2026-08-30 03:39:55.935589,HIGH,1
TX08359,ACC888,ACC889,13025,2026-08-30 03:38:55.935589,MEDIUM,0
TX08360,ACC130,ACC774,1423,2026-08-30 03:37:55.935589,LOW,0
TX08361,ACC772,ACC962,4359,2026-08-30 03:36:55.935589,LOW,0
TX08362,ACC950,ACC698,9736,2026-08-30 03:35:55.935589,MEDIUM,0
TX08363,ACC807,ACC452,18807,2026-08-30 03:34:55.935589,HIGH,1
TX08364,ACC963,ACC481,9313,2026-08-30 03:33:55.935589,MEDIUM,0
TX08365,ACC464,ACC508,11605,2026-08-30 03:32:55.935589,MEDIUM,0
TX08366,ACC523,ACC719,18397,2026-08-30 03:31:55.935589,HIGH,1
TX08367,ACC424,ACC104,7340,2026-08-30 03:30:55.935589,LOW,0
TX08368,ACC550,ACC845,9732,2026-08-30 03:29:55.935589,MEDIUM,0
TX08369,ACC250,ACC825,11940,2026-08-30 03:28:55.935589,MEDIUM,0
TX08370,ACC191,ACC165,15956,2026-08-30 03:27:55.935589,HIGH,1
TX08371,ACC827,ACC746,17960,2026-08-30 03:26:55.935589,HIGH,1
TX08372,ACC836,ACC840,13642,2026-08-30 03:25:55.935589,MEDIUM,0
TX08373,ACC318,ACC550,15935,2026-08-30 03:24:55.935589,HIGH,1
TX08374,ACC149,ACC725,9490,2026-08-30 03:23:55.935589,MEDIUM,0
TX08375,ACC490,ACC677,14803,2026-08-30 03:22:55.935589,MEDIUM,0
TX08376,ACC483,ACC947,15633,2026-08-30 03:21:55.935589,HIGH,0
TX08377,ACC376,ACC239,10007,2026-08-30 03:20:55.935589,MEDIUM,0
TX08378,ACC713,ACC509,12492,2026-08-30 03:19:55.935589,MEDIUM,0
TX08379,ACC303,ACC408,17604,2026-08-30 03:18:55.935589,HIGH,0
TX08380,ACC382,ACC484,10184,2026-08-30 03:17:55.935589,MEDIUM,0
TX08381,ACC220,ACC628,2149,2026-08-30 03:16:55.935589,LOW,0
TX08382,ACC421,ACC655,8778,2026-08-30 03:15:55.935589,MEDIUM,0
TX08383,ACC483,ACC109,19776,2026-08-30 03:14:55.935589,HIGH,1
TX08384,ACC651,ACC608,4162,2026-08-30 03:13:55.935589,LOW,0
TX08385,ACC598,ACC244,8444,2026-08-30 03:12:55.935589,MEDIUM,0
TX08386,ACC939,ACC436,13305,2026-08-30 03:11:55.935589,MEDIUM,0
TX08387,ACC587,ACC296,16805,2026-08-30 03:10:55.935589,HIGH,1
TX08388,ACC856,ACC934,17342,2026-08-30 03:09:55.935589,HIGH,1
TX08389,ACC489,ACC879,2783,2026-08-30 03:08:55.935589,LOW,0
TX08390,ACC941,ACC122,7782,2026-08-30 03:07:55.935589,LOW,0
TX08391,ACC748,ACC307,12978,2026-08-30 03:06:55.935589,MEDIUM,0
TX08392,ACC848,ACC565,10982,2026-08-30 03:05:55.935589,MEDIUM,0
TX08393,ACC911,ACC472,10960,2026-08-30 03:04:55.935589,MEDIUM,0
TX08394,ACC277,ACC867,2890,2026-08-30 03:03:55.935589,LOW,0
TX08395,ACC963,ACC773,4778,2026-08-30 03:02:55.935589,LOW,0
TX08396,ACC742,ACC977,2668,2026-08-30 03:01:55.935589,LOW,0
TX08397,ACC438,ACC933,12494,2026-08-30 03:00:55.935589,MEDIUM,0
TX08398,ACC656,ACC611,15913,2026-08-30 02:59:55.935589,HIGH,1
TX08399,ACC540,ACC543,6865,2026-08-30 02:58:55.935589,LOW,0
TX08400,ACC668,ACC227,14405,2026-08-30 02:57:55.935589,MEDIUM,0
TX08401,ACC500,ACC128,1644,2026-08-30 02:56:55.935589,LOW,0
TX08402,ACC943,ACC594,1383,2026-08-30 02:55:55.935589,LOW,0
TX08403,ACC120,ACC202,3140,2026-08-30 02:54:55.935589,LOW,0
TX08404,ACC131,ACC906,12760,2026-08-30 02:53:55.935589,MEDIUM,0
TX08405,ACC706,ACC190,12812,2026-08-30 02:52:55.935589,MEDIUM,0
TX08406,ACC643,ACC825,10466,2026-08-30 02:51:55.935589,MEDIUM,0
TX08407,ACC226,ACC924,3201,2026-08-30 02:50:55.935589,LOW,0
TX08408,ACC219,ACC808,9510,2026-08-30 02:49:55.935589,MEDIUM,0
TX08409,ACC944,ACC369,2227,2026-08-30 02:48:55.935589,LOW,0
TX08410,ACC707,ACC776,8398,2026-08-30 02:47:55.935589,MEDIUM,0
TX08411,ACC184,ACC616,12614,2026-08-30 02:46:55.935589,MEDIUM,0
TX08412,ACC832,ACC405,9462,2026-08-30 02:45:55.935589,MEDIUM,0
TX08413,ACC789,ACC618,17002,2026-08-30 02:44:55.935589,HIGH,1
TX08414,ACC896,ACC828,16099,2026-08-30 02:43:55.935589,HIGH,1
TX08415,ACC384,ACC352,9030,2026-08-30 02:42:55.935589,MEDIUM,0
TX08416,ACC315,ACC200,5055,2026-08-30 02:41:55.935589,LOW,0
TX08417,ACC197,ACC768,13851,2026-08-30 02:40:55.935589,MEDIUM,0
TX08418,ACC626,ACC424,5793,2026-08-30 02:39:55.935589,LOW,0
TX08419,ACC212,ACC578,7560,2026-08-30 02:38:55.935589,LOW,0
TX08420,ACC568,ACC243,10989,2026-08-30 02:37:55.935589,MEDIUM,0
TX08421,ACC775,ACC726,7392,2026-08-30 02:36:55.935589,LOW,0
TX08422,ACC932,ACC144,7211,2026-08-30 02:35:55.935589,LOW,0
TX08423,ACC713,ACC567,1430,2026-08-30 02:34:55.935589,LOW,0
TX08424,ACC646,ACC940,1117,2026-08-30 02:33:55.935589,LOW,0
TX08425,ACC968,ACC949,4901,2026-08-30 02:32:55.935589,LOW,0
TX08426,ACC812,ACC876,4545,2026-08-30 02:31:55.935589,LOW,0
TX08427,ACC561,ACC438,16846,2026-08-30 02:30:55.935589,HIGH,1
TX08428,ACC325,ACC823,3146,2026-08-30 02:29:55.935589,LOW,0
TX08429,ACC922,ACC826,507,2026-08-30 02:28:55.935589,LOW,0
TX08430,ACC849,ACC546,16703,2026-08-30 02:27:55.935589,HIGH,1
TX08431,ACC751,ACC324,9414,2026-08-30 02:26:55.935589,MEDIUM,0
TX08432,ACC788,ACC739,9551,2026-08-30 02:25:55.935589,MEDIUM,0
TX08433,ACC553,ACC295,8817,2026-08-30 02:24:55.935589,MEDIUM,0
TX08434,ACC945,ACC852,16329,2026-08-30 02:23:55.935589,HIGH,1
TX08435,ACC306,ACC594,10776,2026-08-30 02:22:55.935589,MEDIUM,0
TX08436,ACC211,ACC951,3890,2026-08-30 02:21:55.935589,LOW,0
TX08437,ACC997,ACC920,16980,2026-08-30 02:20:55.935589,HIGH,1
TX08438,ACC519,ACC543,1507,2026-08-30 02:19:55.935589,LOW,0
TX08439,ACC206,ACC204,19307,2026-08-30 02:18:55.935589,HIGH,0
TX08440,ACC175,ACC797,10808,2026-08-30 02:17:55.935589,MEDIUM,0
TX08441,ACC579,ACC101,12614,2026-08-30 02:16:55.935589,MEDIUM,0
TX08442,ACC553,ACC629,961,2026-08-30 02:15:55.935589,LOW,0
TX08443,ACC513,ACC595,15928,2026-08-30 02:14:55.935589,HIGH,1
TX08444,ACC390,ACC421,5253,2026-08-30 02:13:55.935589,LOW,0
TX08445,ACC866,ACC884,17857,2026-08-30 02:12:55.935589,HIGH,0
TX08446,ACC885,ACC687,5781,2026-08-30 02:11:55.935589,LOW,0
TX08447,ACC252,ACC444,10930,2026-08-30 02:10:55.935589,MEDIUM,0
TX08448,ACC381,ACC899,16122,2026-08-30 02:09:55.935589,HIGH,1
TX08449,ACC845,ACC934,882,2026-08-30 02:08:55.935589,LOW,0
TX08450,ACC249,ACC728,10857,2026-08-30 02:07:55.935589,MEDIUM,0
TX08451,ACC536,ACC769,10828,2026-08-30 02:06:55.935589,MEDIUM,0
TX08452,ACC510,ACC737,8649,2026-08-30 02:05:55.935589,MEDIUM,0
TX08453,ACC597,ACC611,10163,2026-08-30 02:04:55.935589,MEDIUM,0
TX08454,ACC119,ACC522,6288,2026-08-30 02:03:55.935589,LOW,0
TX08455,ACC509,ACC997,1709,2026-08-30 02:02:55.935589,LOW,0
TX08456,ACC716,ACC304,5110,2026-08-30 02:01:55.935589,LOW,0
TX08457,ACC875,ACC986,16549,2026-08-30 02:00:55.935589,HIGH,0
TX08458,ACC399,ACC515,19273,2026-08-30 01:59:55.935589,HIGH,0
TX08459,ACC258,ACC304,5609,2026-08-30 01:58:55.935589,LOW,0
TX08460,ACC358,ACC264,15723,2026-08-30 01:57:55.935589,HIGH,0
TX08461,ACC168,ACC186,14656,2026-08-30 01:56:55.935589,MEDIUM,0
TX08462,ACC298,ACC102,6650,2026-08-30 01:55:55.935589,LOW,0
TX08463,ACC728,ACC470,961,2026-08-30 01:54:55.935589,LOW,0
TX08464,ACC254,ACC696,504,2026-08-30 01:53:55.935589,LOW,0
TX08465,ACC882,ACC236,17476,2026-08-30 01:52:55.935589,HIGH,0
TX08466,ACC415,ACC141,4059,2026-08-30 01:51:55.935589,LOW,0
TX08467,ACC258,ACC455,16292,2026-08-30 01:50:55.935589,HIGH,0
TX08468,ACC708,ACC343,2315,2026-08-30 01:49:55.935589,LOW,0
TX08469,ACC101,ACC685,17208,2026-08-30 01:48:55.935589,HIGH,1
TX08470,ACC918,ACC778,9210,2026-08-30 01:47:55.935589,MEDIUM,0
TX08471,ACC437,ACC858,10846,2026-08-30 01:46:55.935589,MEDIUM,0
TX08472,ACC299,ACC646,11107,2026-08-30 01:45:55.935589,MEDIUM,0
TX08473,ACC788,ACC852,4275,2026-08-30 01:44:55.935589,LOW,0
TX08474,ACC972,ACC648,11545,2026-08-30 01:43:55.935589,MEDIUM,0
TX08475,ACC545,ACC410,4170,2026-08-30 01:42:55.935589,LOW,0
TX08476,ACC901,ACC831,12628,2026-08-30 01:41:55.935589,MEDIUM,0
TX08477,ACC613,ACC506,4395,2026-08-30 01:40:55.935589,LOW,0
TX08478,ACC302,ACC848,15249,2026-08-30 01:39:55.935589,HIGH,1
TX08479,ACC826,ACC952,16030,2026-08-30 01:38:55.935589,HIGH,1
TX08480,ACC724,ACC262,15872,2026-08-30 01:37:55.935589,HIGH,1
TX08481,ACC380,ACC444,12943,2026-08-30 01:36:55.935589,MEDIUM,0
TX08482,ACC105,ACC752,15777,2026-08-30 01:35:55.935589,HIGH,0
TX08483,ACC475,ACC644,4305,2026-08-30 01:34:55.935589,LOW,0
TX08484,ACC833,ACC228,12399,2026-08-30 01:33:55.935589,MEDIUM,0
TX08485,ACC995,ACC583,6617,2026-08-30 01:32:55.935589,LOW,0
TX08486,ACC592,ACC570,9670,2026-08-30 01:31:55.935589,MEDIUM,0
TX08487,ACC595,ACC763,731,2026-08-30 01:30:55.935589,LOW,0
TX08488,ACC368,ACC314,11647,2026-08-30 01:29:55.935589,MEDIUM,0
TX08489,ACC991,ACC353,11161,2026-08-30 01:28:55.935589,MEDIUM,0
TX08490,ACC191,ACC352,5716,2026-08-30 01:27:55.935589,LOW,0
TX08491,ACC407,ACC825,10794,2026-08-30 01:26:55.935589,MEDIUM,0
TX08492,ACC780,ACC416,17944,2026-08-30 01:25:55.935589,HIGH,1
TX08493,ACC938,ACC563,15730,2026-08-30 01:24:55.935589,HIGH,1
TX08494,ACC478,ACC999,19811,2026-08-30 01:23:55.935589,HIGH,0
TX08495,ACC901,ACC893,7205,2026-08-30 01:22:55.935589,LOW,0
TX08496,ACC813,ACC710,14867,2026-08-30 01:21:55.935589,MEDIUM,0
TX08497,ACC963,ACC267,2764,2026-08-30 01:20:55.935589,LOW,0
TX08498,ACC335,ACC195,5515,2026-08-30 01:19:55.935589,LOW,0
TX08499,ACC613,ACC786,12880,2026-08-30 01:18:55.935589,MEDIUM,0
TX08500,ACC395,ACC357,10532,2026-08-30 01:17:55.935589,MEDIUM,0
TX08501,ACC161,ACC494,10266,2026-08-30 01:16:55.935589,MEDIUM,0
TX08502,ACC460,ACC210,11723,2026-08-30 01:15:55.935589,MEDIUM,0
TX08503,ACC973,ACC869,13760,2026-08-30 01:14:55.935589,MEDIUM,0
TX08504,ACC814,ACC770,3990,2026-08-30 01:13:55.935589,LOW,0
TX08505,ACC757,ACC271,15041,2026-08-30 01:12:55.935589,HIGH,1
TX08506,ACC982,ACC715,16791,2026-08-30 01:11:55.935589,HIGH,1
TX08507,ACC899,ACC836,19559,2026-08-30 01:10:55.935589,HIGH,1
TX08508,ACC639,ACC796,10777,2026-08-30 01:09:55.935589,MEDIUM,0
TX08509,ACC570,ACC577,13573,2026-08-30 01:08:55.935589,MEDIUM,0
TX08510,ACC249,ACC755,7584,2026-08-30 01:07:55.935589,LOW,0
TX08511,ACC144,ACC772,7232,2026-08-30 01:06:55.935589,LOW,0
TX08512,ACC930,ACC362,6156,2026-08-30 01:05:55.935589,LOW,0
TX08513,ACC269,ACC972,2745,2026-08-30 01:04:55.935589,LOW,0
TX08514,ACC896,ACC370,11915,2026-08-30 01:03:55.935589,MEDIUM,0
TX08515,ACC199,ACC952,12663,2026-08-30 01:02:55.935589,MEDIUM,0
TX08516,ACC519,ACC975,4751,2026-08-30 01:01:55.935589,LOW,0
TX08517,ACC619,ACC524,14688,2026-08-30 01:00:55.935589,MEDIUM,0
TX08518,ACC959,ACC531,6959,2026-08-30 00:59:55.935589,LOW,0
TX08519,ACC715,ACC893,10858,2026-08-30 00:58:55.935589,MEDIUM,0
TX08520,ACC762,ACC498,4134,2026-08-30 00:57:55.935589,LOW,0
TX08521,ACC166,ACC116,19679,2026-08-30 00:56:55.935589,HIGH,1
TX08522,ACC404,ACC726,4938,2026-08-30 00:55:55.935589,LOW,0
TX08523,ACC291,ACC434,5211,2026-08-30 00:54:55.935589,LOW,0
TX08524,ACC643,ACC252,18014,2026-08-30 00:53:55.935589,HIGH,1
TX08525,ACC395,ACC987,16394,2026-08-30 00:52:55.935589,HIGH,0
TX08526,ACC766,ACC778,8228,2026-08-30 00:51:55.935589,MEDIUM,0
TX08527,ACC357,ACC167,18208,2026-08-30 00:50:55.935589,HIGH,0
TX08528,ACC697,ACC256,6651,2026-08-30 00:49:55.935589,LOW,0
TX08529,ACC688,ACC388,12371,2026-08-30 00:48:55.935589,MEDIUM,0
TX08530,ACC555,ACC224,3763,2026-08-30 00:47:55.935589,LOW,0
TX08531,ACC380,ACC321,13158,2026-08-30 00:46:55.935589,MEDIUM,0
TX08532,ACC315,ACC331,4360,2026-08-30 00:45:55.935589,LOW,0
TX08533,ACC741,ACC506,1474,2026-08-30 00:44:55.935589,LOW,0
TX08534,ACC461,ACC163,11041,2026-08-30 00:43:55.935589,MEDIUM,0
TX08535,ACC423,ACC533,15254,2026-08-30 00:42:55.935589,HIGH,1
TX08536,ACC277,ACC114,14723,2026-08-30 00:41:55.935589,MEDIUM,0
TX08537,ACC210,ACC936,2770,2026-08-30 00:40:55.935589,LOW,0
TX08538,ACC947,ACC464,18698,2026-08-30 00:39:55.935589,HIGH,0
TX08539,ACC332,ACC512,11523,2026-08-30 00:38:55.935589,MEDIUM,0
TX08540,ACC924,ACC120,6917,2026-08-30 00:37:55.935589,LOW,0
TX08541,ACC480,ACC595,12362,2026-08-30 00:36:55.935589,MEDIUM,0
TX08542,ACC751,ACC552,5774,2026-08-30 00:35:55.935589,LOW,0
TX08543,ACC963,ACC404,779,2026-08-30 00:34:55.935589,LOW,0
TX08544,ACC387,ACC239,18725,2026-08-30 00:33:55.935589,HIGH,0
TX08545,ACC994,ACC470,14574,2026-08-30 00:32:55.935589,MEDIUM,0
TX08546,ACC145,ACC558,16685,2026-08-30 00:31:55.935589,HIGH,1
TX08547,ACC538,ACC874,9222,2026-08-30 00:30:55.935589,MEDIUM,0
TX08548,ACC138,ACC667,7872,2026-08-30 00:29:55.935589,LOW,0
TX08549,ACC779,ACC801,2940,2026-08-30 00:28:55.935589,LOW,0
TX08550,ACC397,ACC306,3263,2026-08-30 00:27:55.935589,LOW,0
TX08551,ACC699,ACC599,593,2026-08-30 00:26:55.935589,LOW,0
TX08552,ACC311,ACC185,7851,2026-08-30 00:25:55.935589,LOW,0
TX08553,ACC946,ACC943,6787,2026-08-30 00:24:55.935589,LOW,0
TX08554,ACC628,ACC900,18293,2026-08-30 00:23:55.935589,HIGH,1
TX08555,ACC950,ACC542,222,2026-08-30 00:22:55.935589,LOW,0
TX08556,ACC253,ACC152,13179,2026-08-30 00:21:55.935589,MEDIUM,0
TX08557,ACC370,ACC354,11007,2026-08-30 00:20:55.935589,MEDIUM,0
TX08558,ACC204,ACC375,19056,2026-08-30 00:19:55.935589,HIGH,1
TX08559,ACC218,ACC837,4589,2026-08-30 00:18:55.935589,LOW,0
TX08560,ACC349,ACC432,4892,2026-08-30 00:17:55.935589,LOW,0
TX08561,ACC237,ACC847,16404,2026-08-30 00:16:55.935589,HIGH,0
TX08562,ACC222,ACC381,2386,2026-08-30 00:15:55.935589,LOW,0
TX08563,ACC141,ACC664,13312,2026-08-30 00:14:55.935589,MEDIUM,0
TX08564,ACC147,ACC886,6366,2026-08-30 00:13:55.935589,LOW,0
TX08565,ACC402,ACC881,19069,2026-08-30 00:12:55.935589,HIGH,1
TX08566,ACC904,ACC606,18477,2026-08-30 00:11:55.935589,HIGH,1
TX08567,ACC958,ACC760,11279,2026-08-30 00:10:55.935589,MEDIUM,0
TX08568,ACC247,ACC329,7967,2026-08-30 00:09:55.935589,LOW,0
TX08569,ACC591,ACC416,19425,2026-08-30 00:08:55.935589,HIGH,0
TX08570,ACC121,ACC307,3329,2026-08-30 00:07:55.935589,LOW,0
TX08571,ACC408,ACC857,3137,2026-08-30 00:06:55.935589,LOW,0
TX08572,ACC102,ACC215,10735,2026-08-30 00:05:55.935589,MEDIUM,0
TX08573,ACC575,ACC941,1302,2026-08-30 00:04:55.935589,LOW,0
TX08574,ACC702,ACC260,8199,2026-08-30 00:03:55.935589,MEDIUM,0
TX08575,ACC438,ACC882,10076,2026-08-30 00:02:55.935589,MEDIUM,0
TX08576,ACC491,ACC343,516,2026-08-30 00:01:55.935589,LOW,0
TX08577,ACC839,ACC289,9736,2026-08-30 00:00:55.935589,MEDIUM,0
TX08578,ACC799,ACC372,14506,2026-08-29 23:59:55.935589,MEDIUM,0
TX08579,ACC946,ACC236,16439,2026-08-29 23:58:55.935589,HIGH,0
TX08580,ACC616,ACC376,12466,2026-08-29 23:57:55.935589,MEDIUM,0
TX08581,ACC957,ACC258,4599,2026-08-29 23:56:55.935589,LOW,0
TX08582,ACC619,ACC158,15184,2026-08-29 23:55:55.935589,HIGH,0
TX08583,ACC850,ACC780,7754,2026-08-29 23:54:55.935589,LOW,0
TX08584,ACC962,ACC709,259,2026-08-29 23:53:55.935589,LOW,0
TX08585,ACC964,ACC280,11246,2026-08-29 23:52:55.935589,MEDIUM,0
TX08586,ACC112,ACC217,2031,2026-08-29 23:51:55.935589,LOW,0
TX08587,ACC235,ACC128,3878,2026-08-29 23:50:55.935589,LOW,0
TX08588,ACC429,ACC485,7981,2026-08-29 23:49:55.935589,LOW,0
TX08589,ACC247,ACC259,2839,2026-08-29 23:48:55.935589,LOW,0
TX08590,ACC491,ACC470,14998,2026-08-29 23:47:55.935589,MEDIUM,0
TX08591,ACC436,ACC147,1695,2026-08-29 23:46:55.935589,LOW,0
TX08592,ACC463,ACC619,4046,2026-08-29 23:45:55.935589,LOW,0
TX08593,ACC703,ACC807,9645,2026-08-29 23:44:55.935589,MEDIUM,0
TX08594,ACC517,ACC143,13982,2026-08-29 23:43:55.935589,MEDIUM,0
TX08595,ACC557,ACC366,12553,2026-08-29 23:42:55.935589,MEDIUM,0
TX08596,ACC522,ACC383,12726,2026-08-29 23:41:55.935589,MEDIUM,0
TX08597,ACC517,ACC370,9201,2026-08-29 23:40:55.935589,MEDIUM,0
TX08598,ACC319,ACC186,2226,2026-08-29 23:39:55.935589,LOW,0
TX08599,ACC869,ACC656,9245,2026-08-29 23:38:55.935589,MEDIUM,0
TX08600,ACC935,ACC804,8624,2026-08-29 23:37:55.935589,MEDIUM,0
TX08601,ACC286,ACC723,6796,2026-08-29 23:36:55.935589,LOW,0
TX08602,ACC865,ACC731,16612,2026-08-29 23:35:55.935589,HIGH,1
TX08603,ACC647,ACC297,6209,2026-08-29 23:34:55.935589,LOW,0
TX08604,ACC820,ACC198,2708,2026-08-29 23:33:55.935589,LOW,0
TX08605,ACC160,ACC475,19840,2026-08-29 23:32:55.935589,HIGH,1
TX08606,ACC124,ACC354,15440,2026-08-29 23:31:55.935589,HIGH,0
TX08607,ACC329,ACC402,6779,2026-08-29 23:30:55.935589,LOW,0
TX08608,ACC879,ACC165,11517,2026-08-29 23:29:55.935589,MEDIUM,0
TX08609,ACC376,ACC272,17931,2026-08-29 23:28:55.935589,HIGH,0
TX08610,ACC817,ACC807,7729,2026-08-29 23:27:55.935589,LOW,0
TX08611,ACC729,ACC462,17453,2026-08-29 23:26:55.935589,HIGH,1
TX08612,ACC890,ACC338,1960,2026-08-29 23:25:55.935589,LOW,0
TX08613,ACC681,ACC206,3527,2026-08-29 23:24:55.935589,LOW,0
TX08614,ACC909,ACC447,7659,2026-08-29 23:23:55.935589,LOW,0
TX08615,ACC695,ACC464,10127,2026-08-29 23:22:55.935589,MEDIUM,0
TX08616,ACC399,ACC123,16156,2026-08-29 23:21:55.935589,HIGH,0
TX08617,ACC706,ACC604,1706,2026-08-29 23:20:55.935589,LOW,0
TX08618,ACC329,ACC969,18390,2026-08-29 23:19:55.935589,HIGH,1
TX08619,ACC418,ACC136,5069,2026-08-29 23:18:55.935589,LOW,0
TX08620,ACC121,ACC508,6162,2026-08-29 23:17:55.935589,LOW,0
TX08621,ACC569,ACC399,6080,2026-08-29 23:16:55.935589,LOW,0
TX08622,ACC581,ACC569,12040,2026-08-29 23:15:55.935589,MEDIUM,0
TX08623,ACC840,ACC770,4828,2026-08-29 23:14:55.935589,LOW,0
TX08624,ACC264,ACC707,2073,2026-08-29 23:13:55.935589,LOW,0
TX08625,ACC500,ACC503,3019,2026-08-29 23:12:55.935589,LOW,0
TX08626,ACC287,ACC471,2059,2026-08-29 23:11:55.935589,LOW,0
TX08627,ACC395,ACC949,12838,2026-08-29 23:10:55.935589,MEDIUM,0
TX08628,ACC845,ACC940,11530,2026-08-29 23:09:55.935589,MEDIUM,0
TX08629,ACC347,ACC203,1019,2026-08-29 23:08:55.935589,LOW,0
TX08630,ACC631,ACC746,12711,2026-08-29 23:07:55.935589,MEDIUM,0
TX08631,ACC827,ACC379,15766,2026-08-29 23:06:55.935589,HIGH,1
TX08632,ACC125,ACC663,2371,2026-08-29 23:05:55.935589,LOW,0
TX08633,ACC818,ACC545,8595,2026-08-29 23:04:55.935589,MEDIUM,0
TX08634,ACC458,ACC781,991,2026-08-29 23:03:55.935589,LOW,0
TX08635,ACC584,ACC569,17085,2026-08-29 23:02:55.935589,HIGH,0
TX08636,ACC387,ACC643,18480,2026-08-29 23:01:55.935589,HIGH,0
TX08637,ACC871,ACC140,16978,2026-08-29 23:00:55.935589,HIGH,0
TX08638,ACC717,ACC610,4672,2026-08-29 22:59:55.935589,LOW,0
TX08639,ACC218,ACC979,7302,2026-08-29 22:58:55.935589,LOW,0
TX08640,ACC613,ACC519,4060,2026-08-29 22:57:55.935589,LOW,0
TX08641,ACC492,ACC359,19004,2026-08-29 22:56:55.935589,HIGH,0
TX08642,ACC970,ACC588,2143,2026-08-29 22:55:55.935589,LOW,0
TX08643,ACC574,ACC718,312,2026-08-29 22:54:55.935589,LOW,0
TX08644,ACC476,ACC783,16958,2026-08-29 22:53:55.935589,HIGH,1
TX08645,ACC748,ACC349,17432,2026-08-29 22:52:55.935589,HIGH,1
TX08646,ACC666,ACC959,19513,2026-08-29 22:51:55.935589,HIGH,1
TX08647,ACC924,ACC648,16774,2026-08-29 22:50:55.935589,HIGH,0
TX08648,ACC238,ACC725,7367,2026-08-29 22:49:55.935589,LOW,0
TX08649,ACC869,ACC189,2077,2026-08-29 22:48:55.935589,LOW,0
TX08650,ACC599,ACC934,4091,2026-08-29 22:47:55.935589,LOW,0
TX08651,ACC121,ACC906,7443,2026-08-29 22:46:55.935589,LOW,0
TX08652,ACC186,ACC763,8863,2026-08-29 22:45:55.935589,MEDIUM,0
TX08653,ACC231,ACC346,15269,2026-08-29 22:44:55.935589,HIGH,1
TX08654,ACC746,ACC439,5974,2026-08-29 22:43:55.935589,LOW,0
TX08655,ACC840,ACC205,15623,2026-08-29 22:42:55.935589,HIGH,1
TX08656,ACC492,ACC613,15809,2026-08-29 22:41:55.935589,HIGH,1
TX08657,ACC366,ACC481,9301,2026-08-29 22:40:55.935589,MEDIUM,0
TX08658,ACC973,ACC448,13209,2026-08-29 22:39:55.935589,MEDIUM,0
TX08659,ACC358,ACC713,1309,2026-08-29 22:38:55.935589,LOW,0
TX08660,ACC625,ACC873,1204,2026-08-29 22:37:55.935589,LOW,0
TX08661,ACC605,ACC455,14371,2026-08-29 22:36:55.935589,MEDIUM,0
TX08662,ACC113,ACC837,4482,2026-08-29 22:35:55.935589,LOW,0
TX08663,ACC608,ACC859,15578,2026-08-29 22:34:55.935589,HIGH,0
TX08664,ACC771,ACC473,8218,2026-08-29 22:33:55.935589,MEDIUM,0
TX08665,ACC939,ACC915,7881,2026-08-29 22:32:55.935589,LOW,0
TX08666,ACC523,ACC688,6745,2026-08-29 22:31:55.935589,LOW,0
TX08667,ACC535,ACC479,17296,2026-08-29 22:30:55.935589,HIGH,1
TX08668,ACC957,ACC382,8314,2026-08-29 22:29:55.935589,MEDIUM,0
TX08669,ACC373,ACC910,2195,2026-08-29 22:28:55.935589,LOW,0
TX08670,ACC694,ACC814,10542,2026-08-29 22:27:55.935589,MEDIUM,0
TX08671,ACC730,ACC676,9512,2026-08-29 22:26:55.935589,MEDIUM,0
TX08672,ACC312,ACC417,10959,2026-08-29 22:25:55.935589,MEDIUM,0
TX08673,ACC341,ACC543,19854,2026-08-29 22:24:55.935589,HIGH,0
TX08674,ACC447,ACC961,17575,2026-08-29 22:23:55.935589,HIGH,1
TX08675,ACC180,ACC208,1648,2026-08-29 22:22:55.935589,LOW,0
TX08676,ACC755,ACC929,3698,2026-08-29 22:21:55.935589,LOW,0
TX08677,ACC812,ACC963,18454,2026-08-29 22:20:55.935589,HIGH,0
TX08678,ACC328,ACC840,15651,2026-08-29 22:19:55.935589,HIGH,0
TX08679,ACC999,ACC640,17566,2026-08-29 22:18:55.935589,HIGH,0
TX08680,ACC843,ACC528,11605,2026-08-29 22:17:55.935589,MEDIUM,0
TX08681,ACC156,ACC642,5020,2026-08-29 22:16:55.935589,LOW,0
TX08682,ACC442,ACC240,6965,2026-08-29 22:15:55.935589,LOW,0
TX08683,ACC405,ACC299,7001,2026-08-29 22:14:55.935589,LOW,0
TX08684,ACC872,ACC304,18213,2026-08-29 22:13:55.935589,HIGH,0
TX08685,ACC507,ACC905,4232,2026-08-29 22:12:55.935589,LOW,0
TX08686,ACC690,ACC733,8982,2026-08-29 22:11:55.935589,MEDIUM,0
TX08687,ACC642,ACC517,10294,2026-08-29 22:10:55.935589,MEDIUM,0
TX08688,ACC819,ACC730,12651,2026-08-29 22:09:55.935589,MEDIUM,0
TX08689,ACC334,ACC264,17116,2026-08-29 22:08:55.935589,HIGH,1
TX08690,ACC686,ACC661,14254,2026-08-29 22:07:55.935589,MEDIUM,0
TX08691,ACC111,ACC252,4229,2026-08-29 22:06:55.935589,LOW,0
TX08692,ACC970,ACC443,1225,2026-08-29 22:05:55.935589,LOW,0
TX08693,ACC360,ACC237,1979,2026-08-29 22:04:55.935589,LOW,0
TX08694,ACC847,ACC909,5078,2026-08-29 22:03:55.935589,LOW,0
TX08695,ACC658,ACC208,10515,2026-08-29 22:02:55.935589,MEDIUM,0
TX08696,ACC355,ACC736,18170,2026-08-29 22:01:55.935589,HIGH,1
TX08697,ACC821,ACC984,363,2026-08-29 22:00:55.935589,LOW,0
TX08698,ACC192,ACC777,19667,2026-08-29 21:59:55.935589,HIGH,0
TX08699,ACC473,ACC814,537,2026-08-29 21:58:55.935589,LOW,0
TX08700,ACC442,ACC695,13764,2026-08-29 21:57:55.935589,MEDIUM,0
TX08701,ACC692,ACC447,6909,2026-08-29 21:56:55.935589,LOW,0
TX08702,ACC893,ACC756,15696,2026-08-29 21:55:55.935589,HIGH,0
TX08703,ACC812,ACC303,19630,2026-08-29 21:54:55.935589,HIGH,0
TX08704,ACC432,ACC825,9006,2026-08-29 21:53:55.935589,MEDIUM,0
TX08705,ACC292,ACC817,19305,2026-08-29 21:52:55.935589,HIGH,0
TX08706,ACC904,ACC586,2760,2026-08-29 21:51:55.935589,LOW,0
TX08707,ACC566,ACC699,5587,2026-08-29 21:50:55.935589,LOW,0
TX08708,ACC466,ACC556,3352,2026-08-29 21:49:55.935589,LOW,0
TX08709,ACC402,ACC633,13952,2026-08-29 21:48:55.935589,MEDIUM,0
TX08710,ACC485,ACC619,980,2026-08-29 21:47:55.935589,LOW,0
TX08711,ACC516,ACC512,16127,2026-08-29 21:46:55.935589,HIGH,1
TX08712,ACC206,ACC274,16609,2026-08-29 21:45:55.935589,HIGH,0
TX08713,ACC316,ACC904,13915,2026-08-29 21:44:55.935589,MEDIUM,0
TX08714,ACC782,ACC607,2223,2026-08-29 21:43:55.935589,LOW,0
TX08715,ACC274,ACC649,7173,2026-08-29 21:42:55.935589,LOW,0
TX08716,ACC238,ACC914,12682,2026-08-29 21:41:55.935589,MEDIUM,0
TX08717,ACC938,ACC515,17745,2026-08-29 21:40:55.935589,HIGH,1
TX08718,ACC702,ACC142,17793,2026-08-29 21:39:55.935589,HIGH,0
TX08719,ACC319,ACC617,13817,2026-08-29 21:38:55.935589,MEDIUM,0
TX08720,ACC490,ACC107,9151,2026-08-29 21:37:55.935589,MEDIUM,0
TX08721,ACC181,ACC343,3496,2026-08-29 21:36:55.935589,LOW,0
TX08722,ACC785,ACC979,18957,2026-08-29 21:35:55.935589,HIGH,0
TX08723,ACC900,ACC859,5600,2026-08-29 21:34:55.935589,LOW,0
TX08724,ACC676,ACC507,8895,2026-08-29 21:33:55.935589,MEDIUM,0
TX08725,ACC698,ACC738,210,2026-08-29 21:32:55.935589,LOW,0
TX08726,ACC815,ACC881,18331,2026-08-29 21:31:55.935589,HIGH,0
TX08727,ACC568,ACC806,5846,2026-08-29 21:30:55.935589,LOW,0
TX08728,ACC701,ACC646,15905,2026-08-29 21:29:55.935589,HIGH,0
TX08729,ACC684,ACC907,5333,2026-08-29 21:28:55.935589,LOW,0
TX08730,ACC940,ACC688,769,2026-08-29 21:27:55.935589,LOW,0
TX08731,ACC541,ACC613,6869,2026-08-29 21:26:55.935589,LOW,0
TX08732,ACC113,ACC825,14355,2026-08-29 21:25:55.935589,MEDIUM,0
TX08733,ACC820,ACC438,8365,2026-08-29 21:24:55.935589,MEDIUM,0
TX08734,ACC325,ACC436,4355,2026-08-29 21:23:55.935589,LOW,0
TX08735,ACC100,ACC855,18171,2026-08-29 21:22:55.935589,HIGH,1
TX08736,ACC706,ACC805,4411,2026-08-29 21:21:55.935589,LOW,0
TX08737,ACC101,ACC733,16649,2026-08-29 21:20:55.935589,HIGH,1
TX08738,ACC781,ACC149,18643,2026-08-29 21:19:55.935589,HIGH,0
TX08739,ACC340,ACC336,12707,2026-08-29 21:18:55.935589,MEDIUM,0
TX08740,ACC177,ACC827,13443,2026-08-29 21:17:55.935589,MEDIUM,0
TX08741,ACC203,ACC545,3725,2026-08-29 21:16:55.935589,LOW,0
TX08742,ACC446,ACC597,16906,2026-08-29 21:15:55.935589,HIGH,1
TX08743,ACC880,ACC643,13739,2026-08-29 21:14:55.935589,MEDIUM,0
TX08744,ACC447,ACC398,4668,2026-08-29 21:13:55.935589,LOW,0
TX08745,ACC692,ACC227,4087,2026-08-29 21:12:55.935589,LOW,0
TX08746,ACC581,ACC694,1587,2026-08-29 21:11:55.935589,LOW,0
TX08747,ACC909,ACC708,16146,2026-08-29 21:10:55.935589,HIGH,0
TX08748,ACC283,ACC625,10959,2026-08-29 21:09:55.935589,MEDIUM,0
TX08749,ACC297,ACC375,19824,2026-08-29 21:08:55.935589,HIGH,0
TX08750,ACC842,ACC727,19515,2026-08-29 21:07:55.935589,HIGH,1
TX08751,ACC917,ACC209,14563,2026-08-29 21:06:55.935589,MEDIUM,0
TX08752,ACC632,ACC129,14419,2026-08-29 21:05:55.935589,MEDIUM,0
TX08753,ACC147,ACC510,3231,2026-08-29 21:04:55.935589,LOW,0
TX08754,ACC937,ACC308,6547,2026-08-29 21:03:55.935589,LOW,0
TX08755,ACC285,ACC847,12461,2026-08-29 21:02:55.935589,MEDIUM,0
TX08756,ACC417,ACC673,17554,2026-08-29 21:01:55.935589,HIGH,1
TX08757,ACC842,ACC531,14223,2026-08-29 21:00:55.935589,MEDIUM,0
TX08758,ACC820,ACC140,14442,2026-08-29 20:59:55.935589,MEDIUM,0
TX08759,ACC802,ACC196,17492,2026-08-29 20:58:55.935589,HIGH,0
TX08760,ACC473,ACC657,3730,2026-08-29 20:57:55.935589,LOW,0
TX08761,ACC865,ACC806,13115,2026-08-29 20:56:55.935589,MEDIUM,0
TX08762,ACC792,ACC489,2429,2026-08-29 20:55:55.935589,LOW,0
TX08763,ACC863,ACC680,9613,2026-08-29 20:54:55.935589,MEDIUM,0
TX08764,ACC398,ACC238,5334,2026-08-29 20:53:55.935589,LOW,0
TX08765,ACC743,ACC469,13919,2026-08-29 20:52:55.935589,MEDIUM,0
TX08766,ACC549,ACC871,18430,2026-08-29 20:51:55.935589,HIGH,0
TX08767,ACC886,ACC730,9185,2026-08-29 20:50:55.935589,MEDIUM,0
TX08768,ACC815,ACC894,10604,2026-08-29 20:49:55.935589,MEDIUM,0
TX08769,ACC161,ACC150,3962,2026-08-29 20:48:55.935589,LOW,0
TX08770,ACC597,ACC217,2936,2026-08-29 20:47:55.935589,LOW,0
TX08771,ACC325,ACC731,352,2026-08-29 20:46:55.935589,LOW,0
TX08772,ACC316,ACC108,7254,2026-08-29 20:45:55.935589,LOW,0
TX08773,ACC214,ACC462,13481,2026-08-29 20:44:55.935589,MEDIUM,0
TX08774,ACC628,ACC825,7070,2026-08-29 20:43:55.935589,LOW,0
TX08775,ACC401,ACC412,17696,2026-08-29 20:42:55.935589,HIGH,1
TX08776,ACC129,ACC434,3445,2026-08-29 20:41:55.935589,LOW,0
TX08777,ACC496,ACC880,3732,2026-08-29 20:40:55.935589,LOW,0
TX08778,ACC170,ACC949,8386,2026-08-29 20:39:55.935589,MEDIUM,0
TX08779,ACC959,ACC981,1616,2026-08-29 20:38:55.935589,LOW,0
TX08780,ACC717,ACC124,9951,2026-08-29 20:37:55.935589,MEDIUM,0
TX08781,ACC554,ACC272,17168,2026-08-29 20:36:55.935589,HIGH,1
TX08782,ACC673,ACC191,9373,2026-08-29 20:35:55.935589,MEDIUM,0
TX08783,ACC352,ACC439,11822,2026-08-29 20:34:55.935589,MEDIUM,0
TX08784,ACC935,ACC267,4519,2026-08-29 20:33:55.935589,LOW,0
TX08785,ACC897,ACC572,17215,2026-08-29 20:32:55.935589,HIGH,0
TX08786,ACC660,ACC813,7944,2026-08-29 20:31:55.935589,LOW,0
TX08787,ACC888,ACC852,13326,2026-08-29 20:30:55.935589,MEDIUM,0
TX08788,ACC552,ACC555,17118,2026-08-29 20:29:55.935589,HIGH,1
TX08789,ACC640,ACC474,7315,2026-08-29 20:28:55.935589,LOW,0
TX08790,ACC181,ACC898,16055,2026-08-29 20:27:55.935589,HIGH,1
TX08791,ACC861,ACC985,9608,2026-08-29 20:26:55.935589,MEDIUM,0
TX08792,ACC826,ACC390,8695,2026-08-29 20:25:55.935589,MEDIUM,0
TX08793,ACC727,ACC605,18820,2026-08-29 20:24:55.935589,HIGH,1
TX08794,ACC620,ACC124,13174,2026-08-29 20:23:55.935589,MEDIUM,0
TX08795,ACC807,ACC816,18827,2026-08-29 20:22:55.935589,HIGH,1
TX08796,ACC953,ACC311,1040,2026-08-29 20:21:55.935589,LOW,0
TX08797,ACC308,ACC591,10382,2026-08-29 20:20:55.935589,MEDIUM,0
TX08798,ACC521,ACC646,11592,2026-08-29 20:19:55.935589,MEDIUM,0
TX08799,ACC678,ACC987,1196,2026-08-29 20:18:55.935589,LOW,0
TX08800,ACC811,ACC315,4182,2026-08-29 20:17:55.935589,LOW,0
TX08801,ACC970,ACC364,3517,2026-08-29 20:16:55.935589,LOW,0
TX08802,ACC688,ACC864,16970,2026-08-29 20:15:55.935589,HIGH,1
TX08803,ACC497,ACC897,14926,2026-08-29 20:14:55.935589,MEDIUM,0
TX08804,ACC349,ACC777,13947,2026-08-29 20:13:55.935589,MEDIUM,0
TX08805,ACC308,ACC524,142,2026-08-29 20:12:55.935589,LOW,0
TX08806,ACC936,ACC808,10833,2026-08-29 20:11:55.935589,MEDIUM,0
TX08807,ACC598,ACC149,2148,2026-08-29 20:10:55.935589,LOW,0
TX08808,ACC709,ACC311,19757,2026-08-29 20:09:55.935589,HIGH,0
TX08809,ACC410,ACC388,17740,2026-08-29 20:08:55.935589,HIGH,1
TX08810,ACC828,ACC391,17373,2026-08-29 20:07:55.935589,HIGH,0
TX08811,ACC557,ACC402,19494,2026-08-29 20:06:55.935589,HIGH,0
TX08812,ACC328,ACC596,12253,2026-08-29 20:05:55.935589,MEDIUM,0
TX08813,ACC222,ACC838,5219,2026-08-29 20:04:55.935589,LOW,0
TX08814,ACC305,ACC327,9609,2026-08-29 20:03:55.935589,MEDIUM,0
TX08815,ACC183,ACC464,12190,2026-08-29 20:02:55.935589,MEDIUM,0
TX08816,ACC544,ACC111,9240,2026-08-29 20:01:55.935589,MEDIUM,0
TX08817,ACC464,ACC101,15502,2026-08-29 20:00:55.935589,HIGH,0
TX08818,ACC317,ACC378,10439,2026-08-29 19:59:55.935589,MEDIUM,0
TX08819,ACC504,ACC162,17927,2026-08-29 19:58:55.935589,HIGH,1
TX08820,ACC733,ACC402,18984,2026-08-29 19:57:55.935589,HIGH,0
TX08821,ACC722,ACC986,2562,2026-08-29 19:56:55.935589,LOW,0
TX08822,ACC377,ACC384,9288,2026-08-29 19:55:55.935589,MEDIUM,0
TX08823,ACC138,ACC161,14759,2026-08-29 19:54:55.935589,MEDIUM,0
TX08824,ACC369,ACC373,9876,2026-08-29 19:53:55.935589,MEDIUM,0
TX08825,ACC908,ACC651,18684,2026-08-29 19:52:55.935589,HIGH,1
TX08826,ACC531,ACC199,19883,2026-08-29 19:51:55.935589,HIGH,0
TX08827,ACC821,ACC545,19204,2026-08-29 19:50:55.935589,HIGH,0
TX08828,ACC869,ACC749,19395,2026-08-29 19:49:55.935589,HIGH,0
TX08829,ACC422,ACC979,4420,2026-08-29 19:48:55.935589,LOW,0
TX08830,ACC589,ACC318,19528,2026-08-29 19:47:55.935589,HIGH,1
TX08831,ACC329,ACC852,14743,2026-08-29 19:46:55.935589,MEDIUM,0
TX08832,ACC827,ACC948,415,2026-08-29 19:45:55.935589,LOW,0
TX08833,ACC413,ACC372,6900,2026-08-29 19:44:55.935589,LOW,0
TX08834,ACC820,ACC560,14213,2026-08-29 19:43:55.935589,MEDIUM,0
TX08835,ACC388,ACC125,11727,2026-08-29 19:42:55.935589,MEDIUM,0
TX08836,ACC363,ACC211,313,2026-08-29 19:41:55.935589,LOW,0
TX08837,ACC779,ACC711,11523,2026-08-29 19:40:55.935589,MEDIUM,0
TX08838,ACC583,ACC767,15513,2026-08-29 19:39:55.935589,HIGH,0
TX08839,ACC666,ACC575,9624,2026-08-29 19:38:55.935589,MEDIUM,0
TX08840,ACC456,ACC160,17885,2026-08-29 19:37:55.935589,HIGH,1
TX08841,ACC544,ACC785,17078,2026-08-29 19:36:55.935589,HIGH,1
TX08842,ACC775,ACC678,10641,2026-08-29 19:35:55.935589,MEDIUM,0
TX08843,ACC306,ACC912,16663,2026-08-29 19:34:55.935589,HIGH,0
TX08844,ACC595,ACC396,9268,2026-08-29 19:33:55.935589,MEDIUM,0
TX08845,ACC331,ACC520,17927,2026-08-29 19:32:55.935589,HIGH,1
TX08846,ACC913,ACC767,16531,2026-08-29 19:31:55.935589,HIGH,0
TX08847,ACC303,ACC894,7749,2026-08-29 19:30:55.935589,LOW,0
TX08848,ACC913,ACC154,19107,2026-08-29 19:29:55.935589,HIGH,0
TX08849,ACC176,ACC767,11957,2026-08-29 19:28:55.935589,MEDIUM,0
TX08850,ACC501,ACC324,18435,2026-08-29 19:27:55.935589,HIGH,1
TX08851,ACC455,ACC926,15464,2026-08-29 19:26:55.935589,HIGH,1
TX08852,ACC112,ACC192,1732,2026-08-29 19:25:55.935589,LOW,0
TX08853,ACC115,ACC392,5499,2026-08-29 19:24:55.935589,LOW,0
TX08854,ACC719,ACC853,6955,2026-08-29 19:23:55.935589,LOW,0
TX08855,ACC653,ACC674,5238,2026-08-29 19:22:55.935589,LOW,0
TX08856,ACC314,ACC787,9646,2026-08-29 19:21:55.935589,MEDIUM,0
TX08857,ACC451,ACC450,11663,2026-08-29 19:20:55.935589,MEDIUM,0
TX08858,ACC761,ACC742,17383,2026-08-29 19:19:55.935589,HIGH,0
TX08859,ACC367,ACC261,18296,2026-08-29 19:18:55.935589,HIGH,1
TX08860,ACC691,ACC737,19136,2026-08-29 19:17:55.935589,HIGH,0
TX08861,ACC722,ACC177,8860,2026-08-29 19:16:55.935589,MEDIUM,0
TX08862,ACC125,ACC322,6454,2026-08-29 19:15:55.935589,LOW,0
TX08863,ACC224,ACC416,18477,2026-08-29 19:14:55.935589,HIGH,1
TX08864,ACC167,ACC438,1533,2026-08-29 19:13:55.935589,LOW,0
TX08865,ACC213,ACC404,5111,2026-08-29 19:12:55.935589,LOW,0
TX08866,ACC408,ACC158,2221,2026-08-29 19:11:55.935589,LOW,0
TX08867,ACC404,ACC297,13407,2026-08-29 19:10:55.935589,MEDIUM,0
TX08868,ACC308,ACC169,310,2026-08-29 19:09:55.935589,LOW,0
TX08869,ACC267,ACC289,7255,2026-08-29 19:08:55.935589,LOW,0
TX08870,ACC542,ACC119,19555,2026-08-29 19:07:55.938322,HIGH,0
TX08871,ACC116,ACC139,536,2026-08-29 19:06:55.938322,LOW,0
TX08872,ACC426,ACC429,2775,2026-08-29 19:05:55.938322,LOW,0
TX08873,ACC103,ACC537,9590,2026-08-29 19:04:55.938322,MEDIUM,0
TX08874,ACC413,ACC640,6873,2026-08-29 19:03:55.938322,LOW,0
TX08875,ACC912,ACC752,15885,2026-08-29 19:02:55.938322,HIGH,0
TX08876,ACC628,ACC360,4057,2026-08-29 19:01:55.938322,LOW,0
TX08877,ACC856,ACC926,16700,2026-08-29 19:00:55.938322,HIGH,1
TX08878,ACC590,ACC186,7899,2026-08-29 18:59:55.938322,LOW,0
TX08879,ACC904,ACC161,18908,2026-08-29 18:58:55.938322,HIGH,0
TX08880,ACC959,ACC652,2838,2026-08-29 18:57:55.938322,LOW,0
TX08881,ACC565,ACC525,1806,2026-08-29 18:56:55.938322,LOW,0
TX08882,ACC288,ACC185,4978,2026-08-29 18:55:55.938322,LOW,0
TX08883,ACC219,ACC507,735,2026-08-29 18:54:55.938322,LOW,0
TX08884,ACC759,ACC781,17998,2026-08-29 18:53:55.938322,HIGH,1
TX08885,ACC937,ACC916,17474,2026-08-29 18:52:55.938322,HIGH,1
TX08886,ACC358,ACC261,18517,2026-08-29 18:51:55.938322,HIGH,0
TX08887,ACC737,ACC291,10500,2026-08-29 18:50:55.938322,MEDIUM,0
TX08888,ACC493,ACC944,15753,2026-08-29 18:49:55.938322,HIGH,0
TX08889,ACC448,ACC458,10330,2026-08-29 18:48:55.938322,MEDIUM,0
TX08890,ACC274,ACC208,3650,2026-08-29 18:47:55.938322,LOW,0
TX08891,ACC777,ACC108,5787,2026-08-29 18:46:55.938322,LOW,0
TX08892,ACC904,ACC635,7155,2026-08-29 18:45:55.938322,LOW,0
TX08893,ACC546,ACC451,19028,2026-08-29 18:44:55.938322,HIGH,0
TX08894,ACC672,ACC735,15062,2026-08-29 18:43:55.938322,HIGH,0
TX08895,ACC364,ACC405,5068,2026-08-29 18:42:55.938322,LOW,0
TX08896,ACC893,ACC180,980,2026-08-29 18:41:55.938322,LOW,0
TX08897,ACC441,ACC350,11132,2026-08-29 18:40:55.938322,MEDIUM,0
TX08898,ACC527,ACC891,17278,2026-08-29 18:39:55.938322,HIGH,0
TX08899,ACC784,ACC829,15329,2026-08-29 18:38:55.938322,HIGH,1
TX08900,ACC519,ACC208,3090,2026-08-29 18:37:55.938322,LOW,0
TX08901,ACC365,ACC538,12501,2026-08-29 18:36:55.938322,MEDIUM,0
TX08902,ACC197,ACC182,13482,2026-08-29 18:35:55.938322,MEDIUM,0
TX08903,ACC510,ACC143,9988,2026-08-29 18:34:55.938322,MEDIUM,0
TX08904,ACC607,ACC548,14225,2026-08-29 18:33:55.938322,MEDIUM,0
TX08905,ACC332,ACC680,3141,2026-08-29 18:32:55.938322,LOW,0
TX08906,ACC955,ACC473,19533,2026-08-29 18:31:55.938322,HIGH,1
TX08907,ACC835,ACC448,2804,2026-08-29 18:30:55.938322,LOW,0
TX08908,ACC354,ACC866,18415,2026-08-29 18:29:55.938322,HIGH,0
TX08909,ACC598,ACC830,12632,2026-08-29 18:28:55.938322,MEDIUM,0
TX08910,ACC366,ACC545,2563,2026-08-29 18:27:55.938322,LOW,0
TX08911,ACC746,ACC349,3392,2026-08-29 18:26:55.938322,LOW,0
TX08912,ACC446,ACC211,8204,2026-08-29 18:25:55.938322,MEDIUM,0
TX08913,ACC481,ACC713,9373,2026-08-29 18:24:55.938322,MEDIUM,0
TX08914,ACC120,ACC266,15890,2026-08-29 18:23:55.938322,HIGH,0
TX08915,ACC672,ACC798,8562,2026-08-29 18:22:55.938322,MEDIUM,0
TX08916,ACC241,ACC882,689,2026-08-29 18:21:55.938322,LOW,0
TX08917,ACC851,ACC935,3590,2026-08-29 18:20:55.938322,LOW,0
TX08918,ACC830,ACC844,3788,2026-08-29 18:19:55.938322,LOW,0
TX08919,ACC251,ACC710,4819,2026-08-29 18:18:55.938322,LOW,0
TX08920,ACC651,ACC954,2260,2026-08-29 18:17:55.938322,LOW,0
TX08921,ACC187,ACC834,147,2026-08-29 18:16:55.938322,LOW,0
TX08922,ACC358,ACC775,14041,2026-08-29 18:15:55.938322,MEDIUM,0
TX08923,ACC302,ACC278,11513,2026-08-29 18:14:55.938322,MEDIUM,0
TX08924,ACC978,ACC720,5373,2026-08-29 18:13:55.938322,LOW,0
TX08925,ACC745,ACC245,17741,2026-08-29 18:12:55.938322,HIGH,0
TX08926,ACC682,ACC860,18033,2026-08-29 18:11:55.938322,HIGH,0
TX08927,ACC484,ACC738,19873,2026-08-29 18:10:55.938322,HIGH,0
TX08928,ACC222,ACC787,6861,2026-08-29 18:09:55.938322,LOW,0
TX08929,ACC947,ACC183,10806,2026-08-29 18:08:55.938322,MEDIUM,0
TX08930,ACC156,ACC181,6010,2026-08-29 18:07:55.938322,LOW,0
TX08931,ACC969,ACC805,13311,2026-08-29 18:06:55.938322,MEDIUM,0
TX08932,ACC444,ACC825,11548,2026-08-29 18:05:55.938322,MEDIUM,0
TX08933,ACC100,ACC778,11652,2026-08-29 18:04:55.938322,MEDIUM,0
TX08934,ACC504,ACC989,10885,2026-08-29 18:03:55.938322,MEDIUM,0
TX08935,ACC551,ACC610,1213,2026-08-29 18:02:55.938322,LOW,0
TX08936,ACC301,ACC332,1441,2026-08-29 18:01:55.938322,LOW,0
TX08937,ACC475,ACC208,18551,2026-08-29 18:00:55.938322,HIGH,0
TX08938,ACC564,ACC788,7556,2026-08-29 17:59:55.938322,LOW,0
TX08939,ACC775,ACC314,5111,2026-08-29 17:58:55.938322,LOW,0
TX08940,ACC163,ACC742,10639,2026-08-29 17:57:55.938322,MEDIUM,0
TX08941,ACC850,ACC985,509,2026-08-29 17:56:55.938322,LOW,0
TX08942,ACC829,ACC708,9744,2026-08-29 17:55:55.938322,MEDIUM,0
TX08943,ACC153,ACC144,14297,2026-08-29 17:54:55.938322,MEDIUM,0
TX08944,ACC783,ACC623,9108,2026-08-29 17:53:55.938322,MEDIUM,0
TX08945,ACC354,ACC467,13077,2026-08-29 17:52:55.938322,MEDIUM,0
TX08946,ACC516,ACC437,4953,2026-08-29 17:51:55.938322,LOW,0
TX08947,ACC745,ACC942,15441,2026-08-29 17:50:55.938322,HIGH,0
TX08948,ACC776,ACC247,7793,2026-08-29 17:49:55.938322,LOW,0
TX08949,ACC446,ACC710,16105,2026-08-29 17:48:55.938322,HIGH,0
TX08950,ACC171,ACC693,9839,2026-08-29 17:47:55.938322,MEDIUM,0
TX08951,ACC518,ACC167,12976,2026-08-29 17:46:55.938322,MEDIUM,0
TX08952,ACC620,ACC200,16204,2026-08-29 17:45:55.938322,HIGH,1
TX08953,ACC186,ACC955,15022,2026-08-29 17:44:55.938322,HIGH,1
TX08954,ACC209,ACC801,14533,2026-08-29 17:43:55.938322,MEDIUM,0
TX08955,ACC957,ACC661,18446,2026-08-29 17:42:55.938322,HIGH,1
TX08956,ACC837,ACC460,6206,2026-08-29 17:41:55.938322,LOW,0
TX08957,ACC374,ACC880,662,2026-08-29 17:40:55.938322,LOW,0
TX08958,ACC891,ACC419,17476,2026-08-29 17:39:55.938322,HIGH,0
TX08959,ACC683,ACC482,8149,2026-08-29 17:38:55.938322,MEDIUM,0
TX08960,ACC202,ACC602,19937,2026-08-29 17:37:55.938322,HIGH,0
TX08961,ACC929,ACC208,6015,2026-08-29 17:36:55.938322,LOW,0
TX08962,ACC622,ACC110,15134,2026-08-29 17:35:55.938322,HIGH,1
TX08963,ACC450,ACC293,14290,2026-08-29 17:34:55.938322,MEDIUM,0
TX08964,ACC210,ACC355,300,2026-08-29 17:33:55.938322,LOW,0
TX08965,ACC130,ACC253,3548,2026-08-29 17:32:55.938322,LOW,0
TX08966,ACC773,ACC730,11325,2026-08-29 17:31:55.938322,MEDIUM,0
TX08967,ACC937,ACC429,7652,2026-08-29 17:30:55.938322,LOW,0
TX08968,ACC669,ACC374,19427,2026-08-29 17:29:55.938322,HIGH,1
TX08969,ACC264,ACC862,4872,2026-08-29 17:28:55.938322,LOW,0
TX08970,ACC853,ACC804,13205,2026-08-29 17:27:55.938322,MEDIUM,0
TX08971,ACC789,ACC866,1863,2026-08-29 17:26:55.938322,LOW,0
TX08972,ACC582,ACC745,5659,2026-08-29 17:25:55.938322,LOW,0
TX08973,ACC469,ACC967,712,2026-08-29 17:24:55.938322,LOW,0
TX08974,ACC759,ACC598,3034,2026-08-29 17:23:55.938322,LOW,0
TX08975,ACC527,ACC985,12278,2026-08-29 17:22:55.938322,MEDIUM,0
TX08976,ACC648,ACC879,15620,2026-08-29 17:21:55.938322,HIGH,0
TX08977,ACC352,ACC162,4691,2026-08-29 17:20:55.938322,LOW,0
TX08978,ACC286,ACC874,4554,2026-08-29 17:19:55.938322,LOW,0
TX08979,ACC116,ACC235,16318,2026-08-29 17:18:55.938322,HIGH,1
TX08980,ACC889,ACC155,6016,2026-08-29 17:17:55.938322,LOW,0
TX08981,ACC605,ACC329,1473,2026-08-29 17:16:55.938322,LOW,0
TX08982,ACC761,ACC122,15284,2026-08-29 17:15:55.938322,HIGH,1
TX08983,ACC155,ACC868,8634,2026-08-29 17:14:55.938322,MEDIUM,0
TX08984,ACC242,ACC602,12894,2026-08-29 17:13:55.938322,MEDIUM,0
TX08985,ACC786,ACC429,2006,2026-08-29 17:12:55.938322,LOW,0
TX08986,ACC145,ACC295,10452,2026-08-29 17:11:55.938322,MEDIUM,0
TX08987,ACC931,ACC453,9569,2026-08-29 17:10:55.938322,MEDIUM,0
TX08988,ACC608,ACC304,13370,2026-08-29 17:09:55.938322,MEDIUM,0
TX08989,ACC315,ACC514,6402,2026-08-29 17:08:55.938322,LOW,0
TX08990,ACC527,ACC289,3639,2026-08-29 17:07:55.938322,LOW,0
TX08991,ACC638,ACC989,17408,2026-08-29 17:06:55.938322,HIGH,0
TX08992,ACC710,ACC135,8776,2026-08-29 17:05:55.938322,MEDIUM,0
TX08993,ACC150,ACC798,8704,2026-08-29 17:04:55.938322,MEDIUM,0
TX08994,ACC560,ACC774,7154,2026-08-29 17:03:55.938322,LOW,0
TX08995,ACC475,ACC815,18677,2026-08-29 17:02:55.938322,HIGH,0
TX08996,ACC415,ACC452,10129,2026-08-29 17:01:55.938322,MEDIUM,0
TX08997,ACC640,ACC965,2137,2026-08-29 17:00:55.938322,LOW,0
TX08998,ACC726,ACC392,19703,2026-08-29 16:59:55.938322,HIGH,1
TX08999,ACC914,ACC496,12483,2026-08-29 16:58:55.938322,MEDIUM,0
TX09000,ACC549,ACC688,3836,2026-08-29 16:57:55.938322,LOW,0
TX09001,ACC912,ACC280,17233,2026-08-29 16:56:55.938322,HIGH,1
TX09002,ACC887,ACC190,7770,2026-08-29 16:55:55.938322,LOW,0
TX09003,ACC981,ACC386,2822,2026-08-29 16:54:55.938322,LOW,0
TX09004,ACC159,ACC178,3645,2026-08-29 16:53:55.938322,LOW,0
TX09005,ACC814,ACC305,19652,2026-08-29 16:52:55.938322,HIGH,1
TX09006,ACC822,ACC197,9928,2026-08-29 16:51:55.938322,MEDIUM,0
TX09007,ACC920,ACC326,7533,2026-08-29 16:50:55.938322,LOW,0
TX09008,ACC498,ACC826,11874,2026-08-29 16:49:55.938322,MEDIUM,0
TX09009,ACC444,ACC147,6472,2026-08-29 16:48:55.938322,LOW,0
TX09010,ACC589,ACC603,17255,2026-08-29 16:47:55.938322,HIGH,1
TX09011,ACC131,ACC174,10229,2026-08-29 16:46:55.938322,MEDIUM,0
TX09012,ACC245,ACC358,5293,2026-08-29 16:45:55.938322,LOW,0
TX09013,ACC630,ACC417,5818,2026-08-29 16:44:55.938322,LOW,0
TX09014,ACC498,ACC305,250,2026-08-29 16:43:55.938322,LOW,0
TX09015,ACC645,ACC543,1929,2026-08-29 16:42:55.938322,LOW,0
TX09016,ACC577,ACC541,16381,2026-08-29 16:41:55.938322,HIGH,1
TX09017,ACC830,ACC540,11259,2026-08-29 16:40:55.938322,MEDIUM,0
TX09018,ACC159,ACC161,3260,2026-08-29 16:39:55.938322,LOW,0
TX09019,ACC799,ACC131,4940,2026-08-29 16:38:55.938322,LOW,0
TX09020,ACC228,ACC806,12535,2026-08-29 16:37:55.938322,MEDIUM,0
TX09021,ACC123,ACC773,5043,2026-08-29 16:36:55.938322,LOW,0
TX09022,ACC523,ACC697,8628,2026-08-29 16:35:55.938322,MEDIUM,0
TX09023,ACC973,ACC606,9074,2026-08-29 16:34:55.938322,MEDIUM,0
TX09024,ACC716,ACC854,16977,2026-08-29 16:33:55.938322,HIGH,0
TX09025,ACC944,ACC425,10615,2026-08-29 16:32:55.938322,MEDIUM,0
TX09026,ACC889,ACC998,12530,2026-08-29 16:31:55.938322,MEDIUM,0
TX09027,ACC849,ACC732,18974,2026-08-29 16:30:55.938322,HIGH,0
TX09028,ACC639,ACC694,12272,2026-08-29 16:29:55.938322,MEDIUM,0
TX09029,ACC805,ACC660,10241,2026-08-29 16:28:55.938322,MEDIUM,0
TX09030,ACC223,ACC738,10924,2026-08-29 16:27:55.938322,MEDIUM,0
TX09031,ACC918,ACC137,10593,2026-08-29 16:26:55.938322,MEDIUM,0
TX09032,ACC301,ACC238,17387,2026-08-29 16:25:55.938322,HIGH,1
TX09033,ACC706,ACC529,1708,2026-08-29 16:24:55.938322,LOW,0
TX09034,ACC481,ACC492,3901,2026-08-29 16:23:55.938322,LOW,0
TX09035,ACC684,ACC795,8392,2026-08-29 16:22:55.938322,MEDIUM,0
TX09036,ACC718,ACC637,2990,2026-08-29 16:21:55.938322,LOW,0
TX09037,ACC173,ACC915,824,2026-08-29 16:20:55.938322,LOW,0
TX09038,ACC952,ACC956,15027,2026-08-29 16:19:55.938322,HIGH,1
TX09039,ACC230,ACC705,18170,2026-08-29 16:18:55.938322,HIGH,1
TX09040,ACC145,ACC845,137,2026-08-29 16:17:55.938322,LOW,0
TX09041,ACC522,ACC459,5940,2026-08-29 16:16:55.938322,LOW,0
TX09042,ACC150,ACC381,3811,2026-08-29 16:15:55.938322,LOW,0
TX09043,ACC378,ACC555,19300,2026-08-29 16:14:55.938322,HIGH,0
TX09044,ACC450,ACC240,13399,2026-08-29 16:13:55.938322,MEDIUM,0
TX09045,ACC210,ACC784,12850,2026-08-29 16:12:55.938322,MEDIUM,0
TX09046,ACC460,ACC989,15046,2026-08-29 16:11:55.938322,HIGH,0
TX09047,ACC676,ACC129,14604,2026-08-29 16:10:55.938322,MEDIUM,0
TX09048,ACC429,ACC855,4399,2026-08-29 16:09:55.938322,LOW,0
TX09049,ACC491,ACC417,7677,2026-08-29 16:08:55.938322,LOW,0
TX09050,ACC519,ACC462,1165,2026-08-29 16:07:55.938322,LOW,0
TX09051,ACC829,ACC619,16625,2026-08-29 16:06:55.938322,HIGH,1
TX09052,ACC578,ACC949,1618,2026-08-29 16:05:55.938322,LOW,0
TX09053,ACC547,ACC832,16017,2026-08-29 16:04:55.938322,HIGH,1
TX09054,ACC720,ACC236,4478,2026-08-29 16:03:55.938322,LOW,0
TX09055,ACC271,ACC520,3826,2026-08-29 16:02:55.938322,LOW,0
TX09056,ACC891,ACC564,12480,2026-08-29 16:01:55.938322,MEDIUM,0
TX09057,ACC674,ACC585,1037,2026-08-29 16:00:55.938322,LOW,0
TX09058,ACC939,ACC131,2008,2026-08-29 15:59:55.938322,LOW,0
TX09059,ACC929,ACC688,6882,2026-08-29 15:58:55.938322,LOW,0
TX09060,ACC845,ACC530,4426,2026-08-29 15:57:55.938322,LOW,0
TX09061,ACC136,ACC432,16838,2026-08-29 15:56:55.938322,HIGH,1
TX09062,ACC264,ACC214,427,2026-08-29 15:55:55.938322,LOW,0
TX09063,ACC588,ACC903,5472,2026-08-29 15:54:55.938322,LOW,0
TX09064,ACC457,ACC170,15914,2026-08-29 15:53:55.938322,HIGH,0
TX09065,ACC112,ACC370,3567,2026-08-29 15:52:55.938322,LOW,0
TX09066,ACC802,ACC855,8669,2026-08-29 15:51:55.938322,MEDIUM,0
TX09067,ACC757,ACC940,5471,2026-08-29 15:50:55.938322,LOW,0
TX09068,ACC423,ACC411,6909,2026-08-29 15:49:55.938322,LOW,0
TX09069,ACC323,ACC794,10830,2026-08-29 15:48:55.938322,MEDIUM,0
TX09070,ACC733,ACC385,6884,2026-08-29 15:47:55.938322,LOW,0
TX09071,ACC328,ACC630,19168,2026-08-29 15:46:55.938322,HIGH,1
TX09072,ACC411,ACC703,14197,2026-08-29 15:45:55.938322,MEDIUM,0
TX09073,ACC456,ACC747,14691,2026-08-29 15:44:55.938322,MEDIUM,0
TX09074,ACC529,ACC491,16211,2026-08-29 15:43:55.938322,HIGH,1
TX09075,ACC498,ACC706,9083,2026-08-29 15:42:55.938322,MEDIUM,0
TX09076,ACC455,ACC588,4259,2026-08-29 15:41:55.938322,LOW,0
TX09077,ACC918,ACC884,5594,2026-08-29 15:40:55.938322,LOW,0
TX09078,ACC564,ACC281,15244,2026-08-29 15:39:55.938322,HIGH,0
TX09079,ACC484,ACC475,19541,2026-08-29 15:38:55.938322,HIGH,0
TX09080,ACC685,ACC999,5097,2026-08-29 15:37:55.938322,LOW,0
TX09081,ACC770,ACC921,17094,2026-08-29 15:36:55.938322,HIGH,0
TX09082,ACC809,ACC194,1639,2026-08-29 15:35:55.938322,LOW,0
TX09083,ACC730,ACC478,4326,2026-08-29 15:34:55.938322,LOW,0
TX09084,ACC417,ACC937,14612,2026-08-29 15:33:55.938322,MEDIUM,0
TX09085,ACC278,ACC578,11245,2026-08-29 15:32:55.938322,MEDIUM,0
TX09086,ACC627,ACC970,2625,2026-08-29 15:31:55.938322,LOW,0
TX09087,ACC802,ACC548,14521,2026-08-29 15:30:55.938322,MEDIUM,0
TX09088,ACC698,ACC850,12286,2026-08-29 15:29:55.938322,MEDIUM,0
TX09089,ACC150,ACC373,15361,2026-08-29 15:28:55.938322,HIGH,0
TX09090,ACC107,ACC539,11542,2026-08-29 15:27:55.938322,MEDIUM,0
TX09091,ACC736,ACC728,17336,2026-08-29 15:26:55.938322,HIGH,1
TX09092,ACC407,ACC759,15633,2026-08-29 15:25:55.938322,HIGH,1
TX09093,ACC121,ACC239,16224,2026-08-29 15:24:55.938322,HIGH,1
TX09094,ACC963,ACC462,10438,2026-08-29 15:23:55.938322,MEDIUM,0
TX09095,ACC485,ACC314,8166,2026-08-29 15:22:55.938322,MEDIUM,0
TX09096,ACC730,ACC832,4005,2026-08-29 15:21:55.938322,LOW,0
TX09097,ACC469,ACC909,10744,2026-08-29 15:20:55.938322,MEDIUM,0
TX09098,ACC945,ACC824,9448,2026-08-29 15:19:55.938322,MEDIUM,0
TX09099,ACC236,ACC544,12644,2026-08-29 15:18:55.938322,MEDIUM,0
TX09100,ACC804,ACC960,7519,2026-08-29 15:17:55.938322,LOW,0
TX09101,ACC717,ACC610,17580,2026-08-29 15:16:55.938322,HIGH,1
TX09102,ACC415,ACC566,883,2026-08-29 15:15:55.938322,LOW,0
TX09103,ACC174,ACC892,5645,2026-08-29 15:14:55.938322,LOW,0
TX09104,ACC388,ACC681,17475,2026-08-29 15:13:55.938322,HIGH,0
TX09105,ACC427,ACC302,18700,2026-08-29 15:12:55.938322,HIGH,1
TX09106,ACC286,ACC566,7220,2026-08-29 15:11:55.938322,LOW,0
TX09107,ACC215,ACC221,10621,2026-08-29 15:10:55.938322,MEDIUM,0
TX09108,ACC634,ACC227,2306,2026-08-29 15:09:55.938322,LOW,0
TX09109,ACC910,ACC513,9503,2026-08-29 15:08:55.938322,MEDIUM,0
TX09110,ACC947,ACC855,14622,2026-08-29 15:07:55.938322,MEDIUM,0
TX09111,ACC379,ACC392,14602,2026-08-29 15:06:55.938322,MEDIUM,0
TX09112,ACC181,ACC246,6895,2026-08-29 15:05:55.938322,LOW,0
TX09113,ACC213,ACC209,10737,2026-08-29 15:04:55.938322,MEDIUM,0
TX09114,ACC287,ACC566,4877,2026-08-29 15:03:55.938322,LOW,0
TX09115,ACC367,ACC985,5826,2026-08-29 15:02:55.938322,LOW,0
TX09116,ACC348,ACC920,4189,2026-08-29 15:01:55.938322,LOW,0
TX09117,ACC810,ACC641,2819,2026-08-29 15:00:55.938322,LOW,0
TX09118,ACC388,ACC277,2220,2026-08-29 14:59:55.938322,LOW,0
TX09119,ACC838,ACC467,219,2026-08-29 14:58:55.938322,LOW,0
TX09120,ACC281,ACC291,16953,2026-08-29 14:57:55.938322,HIGH,1
TX09121,ACC933,ACC733,1600,2026-08-29 14:56:55.938322,LOW,0
TX09122,ACC327,ACC466,9305,2026-08-29 14:55:55.938322,MEDIUM,0
TX09123,ACC447,ACC727,19413,2026-08-29 14:54:55.938322,HIGH,1
TX09124,ACC428,ACC550,5716,2026-08-29 14:53:55.938322,LOW,0
TX09125,ACC359,ACC742,16409,2026-08-29 14:52:55.938322,HIGH,0
TX09126,ACC677,ACC731,17349,2026-08-29 14:51:55.938322,HIGH,1
TX09127,ACC731,ACC774,1097,2026-08-29 14:50:55.938322,LOW,0
TX09128,ACC775,ACC906,13362,2026-08-29 14:49:55.938322,MEDIUM,0
TX09129,ACC674,ACC518,3027,2026-08-29 14:48:55.938322,LOW,0
TX09130,ACC772,ACC622,15022,2026-08-29 14:47:55.938322,HIGH,0
TX09131,ACC833,ACC937,1707,2026-08-29 14:46:55.938322,LOW,0
TX09132,ACC235,ACC376,1811,2026-08-29 14:45:55.938322,LOW,0
TX09133,ACC360,ACC364,18953,2026-08-29 14:44:55.938322,HIGH,0
TX09134,ACC899,ACC837,5835,2026-08-29 14:43:55.938322,LOW,0
TX09135,ACC493,ACC684,13714,2026-08-29 14:42:55.938322,MEDIUM,0
TX09136,ACC894,ACC875,18033,2026-08-29 14:41:55.938322,HIGH,1
TX09137,ACC182,ACC782,17079,2026-08-29 14:40:55.938322,HIGH,1
TX09138,ACC821,ACC681,526,2026-08-29 14:39:55.938322,LOW,0
TX09139,ACC417,ACC506,392,2026-08-29 14:38:55.938322,LOW,0
TX09140,ACC431,ACC787,13240,2026-08-29 14:37:55.938322,MEDIUM,0
TX09141,ACC595,ACC192,13148,2026-08-29 14:36:55.938322,MEDIUM,0
TX09142,ACC146,ACC560,18753,2026-08-29 14:35:55.938322,HIGH,1
TX09143,ACC570,ACC672,4217,2026-08-29 14:34:55.938322,LOW,0
TX09144,ACC164,ACC839,13309,2026-08-29 14:33:55.938322,MEDIUM,0
TX09145,ACC302,ACC286,18166,2026-08-29 14:32:55.938322,HIGH,0
TX09146,ACC741,ACC440,6214,2026-08-29 14:31:55.938322,LOW,0
TX09147,ACC828,ACC452,4711,2026-08-29 14:30:55.938322,LOW,0
TX09148,ACC679,ACC219,9502,2026-08-29 14:29:55.938322,MEDIUM,0
TX09149,ACC314,ACC440,6681,2026-08-29 14:28:55.938322,LOW,0
TX09150,ACC786,ACC457,11425,2026-08-29 14:27:55.938322,MEDIUM,0
TX09151,ACC133,ACC607,16214,2026-08-29 14:26:55.938322,HIGH,1
TX09152,ACC892,ACC867,1960,2026-08-29 14:25:55.938322,LOW,0
TX09153,ACC986,ACC678,5168,2026-08-29 14:24:55.938322,LOW,0
TX09154,ACC508,ACC394,6397,2026-08-29 14:23:55.938322,LOW,0
TX09155,ACC396,ACC857,1854,2026-08-29 14:22:55.938322,LOW,0
TX09156,ACC243,ACC985,19334,2026-08-29 14:21:55.938322,HIGH,0
TX09157,ACC428,ACC629,18593,2026-08-29 14:20:55.938322,HIGH,0
TX09158,ACC752,ACC393,3714,2026-08-29 14:19:55.938322,LOW,0
TX09159,ACC354,ACC481,2871,2026-08-29 14:18:55.938322,LOW,0
TX09160,ACC260,ACC165,2833,2026-08-29 14:17:55.938322,LOW,0
TX09161,ACC312,ACC914,16983,2026-08-29 14:16:55.938322,HIGH,0
TX09162,ACC710,ACC548,16913,2026-08-29 14:15:55.938322,HIGH,0
TX09163,ACC682,ACC808,3728,2026-08-29 14:14:55.938322,LOW,0
TX09164,ACC572,ACC431,12206,2026-08-29 14:13:55.938322,MEDIUM,0
TX09165,ACC293,ACC420,3193,2026-08-29 14:12:55.938322,LOW,0
TX09166,ACC115,ACC894,1945,2026-08-29 14:11:55.938322,LOW,0
TX09167,ACC599,ACC716,639,2026-08-29 14:10:55.938322,LOW,0
TX09168,ACC365,ACC772,10963,2026-08-29 14:09:55.938322,MEDIUM,0
TX09169,ACC591,ACC633,2639,2026-08-29 14:08:55.938322,LOW,0
TX09170,ACC374,ACC729,11791,2026-08-29 14:07:55.938322,MEDIUM,0
TX09171,ACC143,ACC275,18474,2026-08-29 14:06:55.938322,HIGH,0
TX09172,ACC867,ACC698,3794,2026-08-29 14:05:55.938322,LOW,0
TX09173,ACC687,ACC471,6168,2026-08-29 14:04:55.938322,LOW,0
TX09174,ACC520,ACC594,17600,2026-08-29 14:03:55.938322,HIGH,1
TX09175,ACC797,ACC818,6062,2026-08-29 14:02:55.938322,LOW,0
TX09176,ACC795,ACC755,12784,2026-08-29 14:01:55.938322,MEDIUM,0
TX09177,ACC845,ACC293,5491,2026-08-29 14:00:55.938322,LOW,0
TX09178,ACC557,ACC959,9837,2026-08-29 13:59:55.938322,MEDIUM,0
TX09179,ACC974,ACC554,938,2026-08-29 13:58:55.938322,LOW,0
TX09180,ACC943,ACC333,12738,2026-08-29 13:57:55.938322,MEDIUM,0
TX09181,ACC884,ACC669,13084,2026-08-29 13:56:55.938322,MEDIUM,0
TX09182,ACC780,ACC310,16994,2026-08-29 13:55:55.938322,HIGH,1
TX09183,ACC656,ACC216,19538,2026-08-29 13:54:55.938322,HIGH,0
TX09184,ACC917,ACC132,19877,2026-08-29 13:53:55.938322,HIGH,0
TX09185,ACC652,ACC519,7798,2026-08-29 13:52:55.938322,LOW,0
TX09186,ACC817,ACC469,8026,2026-08-29 13:51:55.938322,MEDIUM,0
TX09187,ACC333,ACC832,17763,2026-08-29 13:50:55.938322,HIGH,1
TX09188,ACC224,ACC345,3764,2026-08-29 13:49:55.938322,LOW,0
TX09189,ACC490,ACC426,14350,2026-08-29 13:48:55.938322,MEDIUM,0
TX09190,ACC911,ACC826,10142,2026-08-29 13:47:55.938322,MEDIUM,0
TX09191,ACC164,ACC567,7003,2026-08-29 13:46:55.938322,LOW,0
TX09192,ACC915,ACC213,14059,2026-08-29 13:45:55.941492,MEDIUM,0
TX09193,ACC758,ACC372,2997,2026-08-29 13:44:55.941492,LOW,0
TX09194,ACC176,ACC266,6993,2026-08-29 13:43:55.941492,LOW,0
TX09195,ACC818,ACC612,15812,2026-08-29 13:42:55.941492,HIGH,1
TX09196,ACC767,ACC507,6191,2026-08-29 13:41:55.941492,LOW,0
TX09197,ACC796,ACC742,13318,2026-08-29 13:40:55.941492,MEDIUM,0
TX09198,ACC654,ACC486,19409,2026-08-29 13:39:55.941492,HIGH,1
TX09199,ACC167,ACC401,7780,2026-08-29 13:38:55.941492,LOW,0
TX09200,ACC882,ACC682,17782,2026-08-29 13:37:55.941492,HIGH,1
TX09201,ACC348,ACC509,14405,2026-08-29 13:36:55.941492,MEDIUM,0
TX09202,ACC784,ACC645,5360,2026-08-29 13:35:55.941492,LOW,0
TX09203,ACC537,ACC103,7286,2026-08-29 13:34:55.941492,LOW,0
TX09204,ACC409,ACC824,15731,2026-08-29 13:33:55.941492,HIGH,1
TX09205,ACC624,ACC528,11501,2026-08-29 13:32:55.941492,MEDIUM,0
TX09206,ACC739,ACC647,14157,2026-08-29 13:31:55.941492,MEDIUM,0
TX09207,ACC929,ACC490,550,2026-08-29 13:30:55.941492,LOW,0
TX09208,ACC158,ACC163,15093,2026-08-29 13:29:55.941492,HIGH,1
TX09209,ACC987,ACC962,7554,2026-08-29 13:28:55.941492,LOW,0
TX09210,ACC562,ACC792,16884,2026-08-29 13:27:55.941492,HIGH,1
TX09211,ACC100,ACC778,1577,2026-08-29 13:26:55.941492,LOW,0
TX09212,ACC598,ACC756,16118,2026-08-29 13:25:55.941492,HIGH,1
TX09213,ACC211,ACC740,17194,2026-08-29 13:24:55.941492,HIGH,1
TX09214,ACC666,ACC562,7637,2026-08-29 13:23:55.941492,LOW,0
TX09215,ACC485,ACC943,9278,2026-08-29 13:22:55.941492,MEDIUM,0
TX09216,ACC787,ACC233,7441,2026-08-29 13:21:55.941492,LOW,0
TX09217,ACC353,ACC137,17865,2026-08-29 13:20:55.941492,HIGH,1
TX09218,ACC538,ACC118,6861,2026-08-29 13:19:55.941492,LOW,0
TX09219,ACC898,ACC160,5718,2026-08-29 13:18:55.941492,LOW,0
TX09220,ACC392,ACC609,14561,2026-08-29 13:17:55.941492,MEDIUM,0
TX09221,ACC396,ACC481,20000,2026-08-29 13:16:55.941492,HIGH,1
TX09222,ACC840,ACC242,9039,2026-08-29 13:15:55.941492,MEDIUM,0
TX09223,ACC489,ACC328,15177,2026-08-29 13:14:55.941492,HIGH,1
TX09224,ACC569,ACC232,19552,2026-08-29 13:13:55.941492,HIGH,1
TX09225,ACC848,ACC634,4185,2026-08-29 13:12:55.941492,LOW,0
TX09226,ACC865,ACC663,4887,2026-08-29 13:11:55.941492,LOW,0
TX09227,ACC565,ACC274,19418,2026-08-29 13:10:55.941492,HIGH,0
TX09228,ACC107,ACC556,13894,2026-08-29 13:09:55.941492,MEDIUM,0
TX09229,ACC558,ACC845,1474,2026-08-29 13:08:55.941492,LOW,0
TX09230,ACC388,ACC267,6726,2026-08-29 13:07:55.941492,LOW,0
TX09231,ACC377,ACC371,3138,2026-08-29 13:06:55.941492,LOW,0
TX09232,ACC244,ACC164,1114,2026-08-29 13:05:55.941492,LOW,0
TX09233,ACC518,ACC294,17029,2026-08-29 13:04:55.941492,HIGH,0
TX09234,ACC471,ACC379,16694,2026-08-29 13:03:55.941492,HIGH,1
TX09235,ACC424,ACC337,17196,2026-08-29 13:02:55.941492,HIGH,0
TX09236,ACC103,ACC980,5459,2026-08-29 13:01:55.941492,LOW,0
TX09237,ACC796,ACC127,109,2026-08-29 13:00:55.941492,LOW,0
TX09238,ACC548,ACC926,7364,2026-08-29 12:59:55.941492,LOW,0
TX09239,ACC171,ACC118,15152,2026-08-29 12:58:55.941492,HIGH,0
TX09240,ACC808,ACC507,13083,2026-08-29 12:57:55.941492,MEDIUM,0
TX09241,ACC613,ACC633,461,2026-08-29 12:56:55.941492,LOW,0
TX09242,ACC541,ACC170,18230,2026-08-29 12:55:55.941492,HIGH,0
TX09243,ACC723,ACC956,18448,2026-08-29 12:54:55.941492,HIGH,1
TX09244,ACC266,ACC606,16712,2026-08-29 12:53:55.941492,HIGH,0
TX09245,ACC308,ACC927,2749,2026-08-29 12:52:55.941492,LOW,0
TX09246,ACC627,ACC986,1159,2026-08-29 12:51:55.941492,LOW,0
TX09247,ACC622,ACC232,12486,2026-08-29 12:50:55.941492,MEDIUM,0
TX09248,ACC306,ACC765,4497,2026-08-29 12:49:55.941492,LOW,0
TX09249,ACC769,ACC591,5385,2026-08-29 12:48:55.941492,LOW,0
TX09250,ACC402,ACC590,17064,2026-08-29 12:47:55.941492,HIGH,1
TX09251,ACC748,ACC811,2019,2026-08-29 12:46:55.941492,LOW,0
TX09252,ACC627,ACC893,11556,2026-08-29 12:45:55.941492,MEDIUM,0
TX09253,ACC224,ACC778,12178,2026-08-29 12:44:55.941492,MEDIUM,0
TX09254,ACC937,ACC556,4309,2026-08-29 12:43:55.941492,LOW,0
TX09255,ACC398,ACC402,11624,2026-08-29 12:42:55.941492,MEDIUM,0
TX09256,ACC785,ACC909,1120,2026-08-29 12:41:55.941492,LOW,0
TX09257,ACC107,ACC484,8174,2026-08-29 12:40:55.941492,MEDIUM,0
TX09258,ACC396,ACC509,19003,2026-08-29 12:39:55.941492,HIGH,0
TX09259,ACC771,ACC989,10470,2026-08-29 12:38:55.941492,MEDIUM,0
TX09260,ACC987,ACC919,11660,2026-08-29 12:37:55.941492,MEDIUM,0
TX09261,ACC510,ACC851,14450,2026-08-29 12:36:55.941492,MEDIUM,0
TX09262,ACC337,ACC923,5033,2026-08-29 12:35:55.941492,LOW,0
TX09263,ACC581,ACC900,12532,2026-08-29 12:34:55.941492,MEDIUM,0
TX09264,ACC346,ACC379,16403,2026-08-29 12:33:55.941492,HIGH,0
TX09265,ACC754,ACC990,15987,2026-08-29 12:32:55.941492,HIGH,1
TX09266,ACC817,ACC423,11294,2026-08-29 12:31:55.941492,MEDIUM,0
TX09267,ACC365,ACC262,7802,2026-08-29 12:30:55.941492,LOW,0
TX09268,ACC249,ACC856,17833,2026-08-29 12:29:55.941492,HIGH,1
TX09269,ACC685,ACC640,8558,2026-08-29 12:28:55.941492,MEDIUM,0
TX09270,ACC482,ACC346,10221,2026-08-29 12:27:55.941492,MEDIUM,0
TX09271,ACC969,ACC586,16484,2026-08-29 12:26:55.941492,HIGH,1
TX09272,ACC998,ACC518,18780,2026-08-29 12:25:55.941492,HIGH,0
TX09273,ACC863,ACC568,8718,2026-08-29 12:24:55.941492,MEDIUM,0
TX09274,ACC960,ACC370,921,2026-08-29 12:23:55.941492,LOW,0
TX09275,ACC653,ACC616,18814,2026-08-29 12:22:55.941492,HIGH,1
TX09276,ACC139,ACC893,6869,2026-08-29 12:21:55.941492,LOW,0
TX09277,ACC764,ACC295,10530,2026-08-29 12:20:55.941492,MEDIUM,0
TX09278,ACC957,ACC668,5173,2026-08-29 12:19:55.941492,LOW,0
TX09279,ACC632,ACC781,10438,2026-08-29 12:18:55.941492,MEDIUM,0
TX09280,ACC524,ACC771,13050,2026-08-29 12:17:55.941492,MEDIUM,0
TX09281,ACC841,ACC144,4208,2026-08-29 12:16:55.941492,LOW,0
TX09282,ACC786,ACC391,8880,2026-08-29 12:15:55.941492,MEDIUM,0
TX09283,ACC688,ACC611,19885,2026-08-29 12:14:55.941492,HIGH,0
TX09284,ACC378,ACC825,3848,2026-08-29 12:13:55.941492,LOW,0
TX09285,ACC714,ACC677,6906,2026-08-29 12:12:55.941492,LOW,0
TX09286,ACC704,ACC986,18925,2026-08-29 12:11:55.941492,HIGH,0
TX09287,ACC943,ACC754,17527,2026-08-29 12:10:55.941492,HIGH,0
TX09288,ACC226,ACC806,9353,2026-08-29 12:09:55.941492,MEDIUM,0
TX09289,ACC300,ACC585,12606,2026-08-29 12:08:55.941492,MEDIUM,0
TX09290,ACC235,ACC406,19129,2026-08-29 12:07:55.941492,HIGH,0
TX09291,ACC815,ACC151,15780,2026-08-29 12:06:55.941492,HIGH,0
TX09292,ACC344,ACC243,4124,2026-08-29 12:05:55.941492,LOW,0
TX09293,ACC999,ACC830,14407,2026-08-29 12:04:55.941492,MEDIUM,0
TX09294,ACC351,ACC153,10305,2026-08-29 12:03:55.941492,MEDIUM,0
TX09295,ACC122,ACC828,2154,2026-08-29 12:02:55.941492,LOW,0
TX09296,ACC717,ACC845,5072,2026-08-29 12:01:55.941492,LOW,0
TX09297,ACC189,ACC585,14490,2026-08-29 12:00:55.941492,MEDIUM,0
TX09298,ACC531,ACC159,7068,2026-08-29 11:59:55.941492,LOW,0
TX09299,ACC758,ACC764,12174,2026-08-29 11:58:55.941492,MEDIUM,0
TX09300,ACC977,ACC661,6080,2026-08-29 11:57:55.941492,LOW,0
TX09301,ACC992,ACC285,16578,2026-08-29 11:56:55.941492,HIGH,1
TX09302,ACC863,ACC480,2889,2026-08-29 11:55:55.941492,LOW,0
TX09303,ACC818,ACC275,12529,2026-08-29 11:54:55.941492,MEDIUM,0
TX09304,ACC282,ACC483,937,2026-08-29 11:53:55.941492,LOW,0
TX09305,ACC344,ACC168,13604,2026-08-29 11:52:55.941492,MEDIUM,0
TX09306,ACC713,ACC443,19796,2026-08-29 11:51:55.941492,HIGH,1
TX09307,ACC877,ACC982,16134,2026-08-29 11:50:55.941492,HIGH,1
TX09308,ACC817,ACC941,7781,2026-08-29 11:49:55.941492,LOW,0
TX09309,ACC745,ACC868,7483,2026-08-29 11:48:55.941492,LOW,0
TX09310,ACC696,ACC185,12288,2026-08-29 11:47:55.941492,MEDIUM,0
TX09311,ACC199,ACC213,2870,2026-08-29 11:46:55.941492,LOW,0
TX09312,ACC832,ACC596,4180,2026-08-29 11:45:55.941492,LOW,0
TX09313,ACC744,ACC452,18313,2026-08-29 11:44:55.941492,HIGH,1
TX09314,ACC116,ACC795,5260,2026-08-29 11:43:55.941492,LOW,0
TX09315,ACC165,ACC295,7844,2026-08-29 11:42:55.941492,LOW,0
TX09316,ACC416,ACC315,15084,2026-08-29 11:41:55.941492,HIGH,0
TX09317,ACC590,ACC624,4423,2026-08-29 11:40:55.941492,LOW,0
TX09318,ACC992,ACC395,17101,2026-08-29 11:39:55.941492,HIGH,0
TX09319,ACC188,ACC542,5413,2026-08-29 11:38:55.941492,LOW,0
TX09320,ACC634,ACC176,12437,2026-08-29 11:37:55.941492,MEDIUM,0
TX09321,ACC132,ACC283,7601,2026-08-29 11:36:55.941492,LOW,0
TX09322,ACC202,ACC261,12227,2026-08-29 11:35:55.941492,MEDIUM,0
TX09323,ACC503,ACC918,4259,2026-08-29 11:34:55.941492,LOW,0
TX09324,ACC999,ACC714,7091,2026-08-29 11:33:55.941492,LOW,0
TX09325,ACC835,ACC279,17152,2026-08-29 11:32:55.941492,HIGH,1
TX09326,ACC708,ACC259,12483,2026-08-29 11:31:55.941492,MEDIUM,0
TX09327,ACC668,ACC558,10807,2026-08-29 11:30:55.941492,MEDIUM,0
TX09328,ACC219,ACC299,18056,2026-08-29 11:29:55.941492,HIGH,0
TX09329,ACC170,ACC694,7641,2026-08-29 11:28:55.941492,LOW,0
TX09330,ACC777,ACC179,18997,2026-08-29 11:27:55.941492,HIGH,1
TX09331,ACC280,ACC939,12216,2026-08-29 11:26:55.941492,MEDIUM,0
TX09332,ACC898,ACC541,16260,2026-08-29 11:25:55.941492,HIGH,0
TX09333,ACC954,ACC490,3527,2026-08-29 11:24:55.941492,LOW,0
TX09334,ACC621,ACC344,16991,2026-08-29 11:23:55.941492,HIGH,0
TX09335,ACC845,ACC434,19018,2026-08-29 11:22:55.941492,HIGH,0
TX09336,ACC399,ACC332,16842,2026-08-29 11:21:55.941492,HIGH,0
TX09337,ACC936,ACC641,8953,2026-08-29 11:20:55.941492,MEDIUM,0
TX09338,ACC322,ACC945,1308,2026-08-29 11:19:55.941492,LOW,0
TX09339,ACC816,ACC487,19479,2026-08-29 11:18:55.941492,HIGH,0
TX09340,ACC975,ACC557,13575,2026-08-29 11:17:55.941492,MEDIUM,0
TX09341,ACC914,ACC585,7144,2026-08-29 11:16:55.941492,LOW,0
TX09342,ACC872,ACC852,7576,2026-08-29 11:15:55.941492,LOW,0
TX09343,ACC838,ACC114,15403,2026-08-29 11:14:55.941492,HIGH,0
TX09344,ACC424,ACC583,17901,2026-08-29 11:13:55.941492,HIGH,1
TX09345,ACC300,ACC399,7548,2026-08-29 11:12:55.941492,LOW,0
TX09346,ACC139,ACC119,11108,2026-08-29 11:11:55.941492,MEDIUM,0
TX09347,ACC570,ACC511,10486,2026-08-29 11:10:55.941492,MEDIUM,0
TX09348,ACC806,ACC149,9218,2026-08-29 11:09:55.941492,MEDIUM,0
TX09349,ACC943,ACC899,17395,2026-08-29 11:08:55.941492,HIGH,1
TX09350,ACC712,ACC338,11464,2026-08-29 11:07:55.941492,MEDIUM,0
TX09351,ACC204,ACC623,16749,2026-08-29 11:06:55.941492,HIGH,0
TX09352,ACC152,ACC398,153,2026-08-29 11:05:55.941492,LOW,0
TX09353,ACC536,ACC986,5074,2026-08-29 11:04:55.941492,LOW,0
TX09354,ACC550,ACC421,19131,2026-08-29 11:03:55.941492,HIGH,1
TX09355,ACC900,ACC849,9706,2026-08-29 11:02:55.941492,MEDIUM,0
TX09356,ACC394,ACC149,5214,2026-08-29 11:01:55.941492,LOW,0
TX09357,ACC113,ACC246,6575,2026-08-29 11:00:55.941492,LOW,0
TX09358,ACC318,ACC738,6407,2026-08-29 10:59:55.941492,LOW,0
TX09359,ACC378,ACC524,16629,2026-08-29 10:58:55.941492,HIGH,1
TX09360,ACC990,ACC955,2815,2026-08-29 10:57:55.941492,LOW,0
TX09361,ACC631,ACC551,13580,2026-08-29 10:56:55.941492,MEDIUM,0
TX09362,ACC321,ACC401,14296,2026-08-29 10:55:55.941492,MEDIUM,0
TX09363,ACC887,ACC593,13264,2026-08-29 10:54:55.941492,MEDIUM,0
TX09364,ACC765,ACC813,17187,2026-08-29 10:53:55.941492,HIGH,1
TX09365,ACC878,ACC722,10009,2026-08-29 10:52:55.941492,MEDIUM,0
TX09366,ACC256,ACC467,14519,2026-08-29 10:51:55.941492,MEDIUM,0
TX09367,ACC224,ACC783,15754,2026-08-29 10:50:55.941492,HIGH,0
TX09368,ACC101,ACC843,11768,2026-08-29 10:49:55.941492,MEDIUM,0
TX09369,ACC603,ACC350,19387,2026-08-29 10:48:55.941492,HIGH,1
TX09370,ACC112,ACC722,19911,2026-08-29 10:47:55.941492,HIGH,1
TX09371,ACC533,ACC200,8499,2026-08-29 10:46:55.941492,MEDIUM,0
TX09372,ACC430,ACC927,10408,2026-08-29 10:45:55.941492,MEDIUM,0
TX09373,ACC670,ACC352,10471,2026-08-29 10:44:55.941492,MEDIUM,0
TX09374,ACC801,ACC859,5218,2026-08-29 10:43:55.941492,LOW,0
TX09375,ACC263,ACC334,10296,2026-08-29 10:42:55.941492,MEDIUM,0
TX09376,ACC941,ACC764,2202,2026-08-29 10:41:55.941492,LOW,0
TX09377,ACC325,ACC405,14599,2026-08-29 10:40:55.941492,MEDIUM,0
TX09378,ACC252,ACC249,1936,2026-08-29 10:39:55.941492,LOW,0
TX09379,ACC966,ACC655,312,2026-08-29 10:38:55.941492,LOW,0
TX09380,ACC523,ACC242,12251,2026-08-29 10:37:55.941492,MEDIUM,0
TX09381,ACC287,ACC941,3022,2026-08-29 10:36:55.941492,LOW,0
TX09382,ACC131,ACC709,17719,2026-08-29 10:35:55.941492,HIGH,0
TX09383,ACC983,ACC410,18831,2026-08-29 10:34:55.941492,HIGH,0
TX09384,ACC678,ACC842,838,2026-08-29 10:33:55.941492,LOW,0
TX09385,ACC432,ACC752,7453,2026-08-29 10:32:55.941492,LOW,0
TX09386,ACC664,ACC780,14854,2026-08-29 10:31:55.941492,MEDIUM,0
TX09387,ACC790,ACC646,4027,2026-08-29 10:30:55.941492,LOW,0
TX09388,ACC799,ACC890,2390,2026-08-29 10:29:55.941492,LOW,0
TX09389,ACC591,ACC161,9624,2026-08-29 10:28:55.941492,MEDIUM,0
TX09390,ACC697,ACC599,5693,2026-08-29 10:27:55.941492,LOW,0
TX09391,ACC353,ACC124,12242,2026-08-29 10:26:55.941492,MEDIUM,0
TX09392,ACC389,ACC701,3544,2026-08-29 10:25:55.941492,LOW,0
TX09393,ACC947,ACC902,10628,2026-08-29 10:24:55.941492,MEDIUM,0
TX09394,ACC837,ACC433,12168,2026-08-29 10:23:55.941492,MEDIUM,0
TX09395,ACC317,ACC140,14942,2026-08-29 10:22:55.941492,MEDIUM,0
TX09396,ACC170,ACC347,5140,2026-08-29 10:21:55.941492,LOW,0
TX09397,ACC141,ACC980,9625,2026-08-29 10:20:55.941492,MEDIUM,0
TX09398,ACC760,ACC272,12588,2026-08-29 10:19:55.941492,MEDIUM,0
TX09399,ACC467,ACC515,10853,2026-08-29 10:18:55.941492,MEDIUM,0
TX09400,ACC698,ACC386,2257,2026-08-29 10:17:55.941492,LOW,0
TX09401,ACC299,ACC105,14568,2026-08-29 10:16:55.941492,MEDIUM,0
TX09402,ACC338,ACC691,11070,2026-08-29 10:15:55.941492,MEDIUM,0
TX09403,ACC382,ACC451,345,2026-08-29 10:14:55.941492,LOW,0
TX09404,ACC739,ACC564,2037,2026-08-29 10:13:55.941492,LOW,0
TX09405,ACC151,ACC278,5682,2026-08-29 10:12:55.941492,LOW,0
TX09406,ACC855,ACC277,17402,2026-08-29 10:11:55.941492,HIGH,0
TX09407,ACC592,ACC494,11328,2026-08-29 10:10:55.941492,MEDIUM,0
TX09408,ACC646,ACC936,1531,2026-08-29 10:09:55.941492,LOW,0
TX09409,ACC923,ACC377,2638,2026-08-29 10:08:55.943510,LOW,0
TX09410,ACC768,ACC746,12928,2026-08-29 10:07:55.943510,MEDIUM,0
TX09411,ACC716,ACC533,14186,2026-08-29 10:06:55.943510,MEDIUM,0
TX09412,ACC561,ACC701,17377,2026-08-29 10:05:55.943510,HIGH,0
TX09413,ACC640,ACC849,9216,2026-08-29 10:04:55.943510,MEDIUM,0
TX09414,ACC857,ACC974,3097,2026-08-29 10:03:55.943510,LOW,0
TX09415,ACC832,ACC235,18348,2026-08-29 10:02:55.943510,HIGH,1
TX09416,ACC629,ACC422,16821,2026-08-29 10:01:55.943510,HIGH,1
TX09417,ACC779,ACC100,15446,2026-08-29 10:00:55.943510,HIGH,1
TX09418,ACC823,ACC505,10967,2026-08-29 09:59:55.943510,MEDIUM,0
TX09419,ACC886,ACC937,16899,2026-08-29 09:58:55.943510,HIGH,1
TX09420,ACC349,ACC320,10089,2026-08-29 09:57:55.943510,MEDIUM,0
TX09421,ACC172,ACC847,827,2026-08-29 09:56:55.943510,LOW,0
TX09422,ACC646,ACC734,3833,2026-08-29 09:55:55.943510,LOW,0
TX09423,ACC650,ACC599,5480,2026-08-29 09:54:55.943510,LOW,0
TX09424,ACC603,ACC678,18810,2026-08-29 09:53:55.943510,HIGH,1
TX09425,ACC815,ACC501,2431,2026-08-29 09:52:55.943510,LOW,0
TX09426,ACC617,ACC104,16416,2026-08-29 09:51:55.943510,HIGH,0
TX09427,ACC144,ACC110,2832,2026-08-29 09:50:55.943510,LOW,0
TX09428,ACC233,ACC272,2826,2026-08-29 09:49:55.943510,LOW,0
TX09429,ACC552,ACC724,5779,2026-08-29 09:48:55.943510,LOW,0
TX09430,ACC912,ACC571,10221,2026-08-29 09:47:55.943510,MEDIUM,0
TX09431,ACC337,ACC960,2720,2026-08-29 09:46:55.943510,LOW,0
TX09432,ACC603,ACC854,3754,2026-08-29 09:45:55.943510,LOW,0
TX09433,ACC428,ACC556,14559,2026-08-29 09:44:55.943510,MEDIUM,0
TX09434,ACC395,ACC664,705,2026-08-29 09:43:55.943510,LOW,0
TX09435,ACC616,ACC396,496,2026-08-29 09:42:55.943510,LOW,0
TX09436,ACC721,ACC363,569,2026-08-29 09:41:55.943510,LOW,0
TX09437,ACC711,ACC835,4903,2026-08-29 09:40:55.943510,LOW,0
TX09438,ACC342,ACC117,4542,2026-08-29 09:39:55.943510,LOW,0
TX09439,ACC847,ACC287,10465,2026-08-29 09:38:55.943510,MEDIUM,0
TX09440,ACC783,ACC328,1389,2026-08-29 09:37:55.943510,LOW,0
TX09441,ACC842,ACC269,11984,2026-08-29 09:36:55.943510,MEDIUM,0
TX09442,ACC276,ACC891,8775,2026-08-29 09:35:55.943510,MEDIUM,0
TX09443,ACC596,ACC160,16784,2026-08-29 09:34:55.943510,HIGH,0
TX09444,ACC126,ACC853,12004,2026-08-29 09:33:55.943510,MEDIUM,0
TX09445,ACC256,ACC135,5098,2026-08-29 09:32:55.943510,LOW,0
TX09446,ACC564,ACC922,11165,2026-08-29 09:31:55.943510,MEDIUM,0
TX09447,ACC883,ACC672,18744,2026-08-29 09:30:55.943510,HIGH,0
TX09448,ACC115,ACC341,6994,2026-08-29 09:29:55.943510,LOW,0
TX09449,ACC826,ACC908,4994,2026-08-29 09:28:55.943510,LOW,0
TX09450,ACC758,ACC317,2947,2026-08-29 09:27:55.943510,LOW,0
TX09451,ACC764,ACC135,1535,2026-08-29 09:26:55.943510,LOW,0
TX09452,ACC307,ACC783,866,2026-08-29 09:25:55.943510,LOW,0
TX09453,ACC671,ACC708,10163,2026-08-29 09:24:55.943510,MEDIUM,0
TX09454,ACC899,ACC962,1609,2026-08-29 09:23:55.943510,LOW,0
TX09455,ACC699,ACC578,1111,2026-08-29 09:22:55.943510,LOW,0
TX09456,ACC516,ACC354,15155,2026-08-29 09:21:55.943510,HIGH,1
TX09457,ACC454,ACC497,2019,2026-08-29 09:20:55.943510,LOW,0
TX09458,ACC911,ACC940,6152,2026-08-29 09:19:55.943510,LOW,0
TX09459,ACC115,ACC615,11460,2026-08-29 09:18:55.943510,MEDIUM,0
TX09460,ACC628,ACC766,5416,2026-08-29 09:17:55.943510,LOW,0
TX09461,ACC653,ACC222,10855,2026-08-29 09:16:55.943510,MEDIUM,0
TX09462,ACC270,ACC388,2099,2026-08-29 09:15:55.943510,LOW,0
TX09463,ACC329,ACC215,7513,2026-08-29 09:14:55.943510,LOW,0
TX09464,ACC800,ACC336,10207,2026-08-29 09:13:55.943510,MEDIUM,0
TX09465,ACC377,ACC422,1697,2026-08-29 09:12:55.943510,LOW,0
TX09466,ACC645,ACC139,10838,2026-08-29 09:11:55.943510,MEDIUM,0
TX09467,ACC578,ACC950,7042,2026-08-29 09:10:55.943510,LOW,0
TX09468,ACC744,ACC846,530,2026-08-29 09:09:55.943510,LOW,0
TX09469,ACC273,ACC326,13224,2026-08-29 09:08:55.943510,MEDIUM,0
TX09470,ACC119,ACC725,3497,2026-08-29 09:07:55.943510,LOW,0
TX09471,ACC296,ACC136,3558,2026-08-29 09:06:55.943510,LOW,0
TX09472,ACC636,ACC626,8989,2026-08-29 09:05:55.943510,MEDIUM,0
TX09473,ACC985,ACC598,14748,2026-08-29 09:04:55.943510,MEDIUM,0
TX09474,ACC338,ACC994,19037,2026-08-29 09:03:55.943510,HIGH,0
TX09475,ACC780,ACC587,12072,2026-08-29 09:02:55.943510,MEDIUM,0
TX09476,ACC690,ACC446,10796,2026-08-29 09:01:55.943510,MEDIUM,0
TX09477,ACC604,ACC564,6864,2026-08-29 09:00:55.943510,LOW,0
TX09478,ACC947,ACC804,448,2026-08-29 08:59:55.943510,LOW,0
TX09479,ACC965,ACC976,9665,2026-08-29 08:58:55.943510,MEDIUM,0
TX09480,ACC568,ACC686,7508,2026-08-29 08:57:55.943510,LOW,0
TX09481,ACC298,ACC154,7747,2026-08-29 08:56:55.943510,LOW,0
TX09482,ACC203,ACC883,19710,2026-08-29 08:55:55.943510,HIGH,1
TX09483,ACC360,ACC398,13696,2026-08-29 08:54:55.943510,MEDIUM,0
TX09484,ACC512,ACC494,18494,2026-08-29 08:53:55.943510,HIGH,1
TX09485,ACC526,ACC583,13705,2026-08-29 08:52:55.943510,MEDIUM,0
TX09486,ACC140,ACC112,3605,2026-08-29 08:51:55.943510,LOW,0
TX09487,ACC974,ACC230,14998,2026-08-29 08:50:55.943510,MEDIUM,0
TX09488,ACC878,ACC333,1250,2026-08-29 08:49:55.943510,LOW,0
TX09489,ACC210,ACC346,6936,2026-08-29 08:48:55.943510,LOW,0
TX09490,ACC592,ACC698,16285,2026-08-29 08:47:55.943510,HIGH,1
TX09491,ACC230,ACC980,6168,2026-08-29 08:46:55.943510,LOW,0
TX09492,ACC300,ACC812,875,2026-08-29 08:45:55.943510,LOW,0
TX09493,ACC938,ACC777,9817,2026-08-29 08:44:55.943510,MEDIUM,0
TX09494,ACC443,ACC280,5486,2026-08-29 08:43:55.943510,LOW,0
TX09495,ACC716,ACC543,17125,2026-08-29 08:42:55.943510,HIGH,0
TX09496,ACC555,ACC632,7649,2026-08-29 08:41:55.943510,LOW,0
TX09497,ACC287,ACC411,6298,2026-08-29 08:40:55.943510,LOW,0
TX09498,ACC888,ACC252,11865,2026-08-29 08:39:55.943510,MEDIUM,0
TX09499,ACC885,ACC447,8278,2026-08-29 08:38:55.943510,MEDIUM,0
TX09500,ACC525,ACC195,12954,2026-08-29 08:37:55.943510,MEDIUM,0
TX09501,ACC827,ACC904,8766,2026-08-29 08:36:55.943510,MEDIUM,0
TX09502,ACC912,ACC780,236,2026-08-29 08:35:55.943510,LOW,0
TX09503,ACC916,ACC898,19944,2026-08-29 08:34:55.943510,HIGH,0
TX09504,ACC581,ACC335,10951,2026-08-29 08:33:55.943510,MEDIUM,0
TX09505,ACC444,ACC370,17758,2026-08-29 08:32:55.943510,HIGH,0
TX09506,ACC175,ACC907,13235,2026-08-29 08:31:55.943510,MEDIUM,0
TX09507,ACC749,ACC407,1742,2026-08-29 08:30:55.943510,LOW,0
TX09508,ACC558,ACC349,3337,2026-08-29 08:29:55.943510,LOW,0
TX09509,ACC837,ACC741,7152,2026-08-29 08:28:55.943510,LOW,0
TX09510,ACC424,ACC558,11083,2026-08-29 08:27:55.943510,MEDIUM,0
TX09511,ACC430,ACC476,14294,2026-08-29 08:26:55.943510,MEDIUM,0
TX09512,ACC575,ACC297,19370,2026-08-29 08:25:55.943510,HIGH,0
TX09513,ACC365,ACC885,2682,2026-08-29 08:24:55.943510,LOW,0
TX09514,ACC472,ACC336,400,2026-08-29 08:23:55.943510,LOW,0
TX09515,ACC181,ACC694,8213,2026-08-29 08:22:55.943510,MEDIUM,0
TX09516,ACC423,ACC845,4544,2026-08-29 08:21:55.943510,LOW,0
TX09517,ACC582,ACC240,3824,2026-08-29 08:20:55.943510,LOW,0
TX09518,ACC182,ACC365,16115,2026-08-29 08:19:55.943510,HIGH,0
TX09519,ACC304,ACC273,3996,2026-08-29 08:18:55.943510,LOW,0
TX09520,ACC822,ACC833,17887,2026-08-29 08:17:55.943510,HIGH,1
TX09521,ACC903,ACC503,11082,2026-08-29 08:16:55.943510,MEDIUM,0
TX09522,ACC385,ACC356,14906,2026-08-29 08:15:55.943510,MEDIUM,0
TX09523,ACC515,ACC511,18794,2026-08-29 08:14:55.943510,HIGH,0
TX09524,ACC214,ACC674,17931,2026-08-29 08:13:55.943510,HIGH,1
TX09525,ACC664,ACC916,11916,2026-08-29 08:12:55.943510,MEDIUM,0
TX09526,ACC483,ACC619,5804,2026-08-29 08:11:55.943510,LOW,0
TX09527,ACC173,ACC194,9340,2026-08-29 08:10:55.943510,MEDIUM,0
TX09528,ACC418,ACC441,2904,2026-08-29 08:09:55.943510,LOW,0
TX09529,ACC641,ACC702,11707,2026-08-29 08:08:55.943510,MEDIUM,0
TX09530,ACC246,ACC968,15280,2026-08-29 08:07:55.943510,HIGH,1
TX09531,ACC877,ACC630,4928,2026-08-29 08:06:55.943510,LOW,0
TX09532,ACC235,ACC765,17138,2026-08-29 08:05:55.943510,HIGH,0
TX09533,ACC421,ACC679,15150,2026-08-29 08:04:55.943510,HIGH,0
TX09534,ACC208,ACC878,1771,2026-08-29 08:03:55.943510,LOW,0
TX09535,ACC952,ACC616,14596,2026-08-29 08:02:55.943510,MEDIUM,0
TX09536,ACC383,ACC881,3873,2026-08-29 08:01:55.943510,LOW,0
TX09537,ACC625,ACC286,17507,2026-08-29 08:00:55.943510,HIGH,1
TX09538,ACC598,ACC805,4680,2026-08-29 07:59:55.943510,LOW,0
TX09539,ACC403,ACC473,12568,2026-08-29 07:58:55.943510,MEDIUM,0
TX09540,ACC483,ACC968,6823,2026-08-29 07:57:55.943510,LOW,0
TX09541,ACC143,ACC623,19854,2026-08-29 07:56:55.943510,HIGH,0
TX09542,ACC301,ACC263,8289,2026-08-29 07:55:55.943510,MEDIUM,0
TX09543,ACC214,ACC993,13132,2026-08-29 07:54:55.943510,MEDIUM,0
TX09544,ACC511,ACC307,15285,2026-08-29 07:53:55.943510,HIGH,1
TX09545,ACC148,ACC213,16251,2026-08-29 07:52:55.943510,HIGH,0
TX09546,ACC578,ACC628,4380,2026-08-29 07:51:55.943510,LOW,0
TX09547,ACC277,ACC219,14121,2026-08-29 07:50:55.943510,MEDIUM,0
TX09548,ACC918,ACC711,11303,2026-08-29 07:49:55.943510,MEDIUM,0
TX09549,ACC135,ACC690,532,2026-08-29 07:48:55.943510,LOW,0
TX09550,ACC548,ACC721,18204,2026-08-29 07:47:55.943510,HIGH,1
TX09551,ACC661,ACC572,13847,2026-08-29 07:46:55.943510,MEDIUM,0
TX09552,ACC207,ACC536,889,2026-08-29 07:45:55.943510,LOW,0
TX09553,ACC446,ACC848,19810,2026-08-29 07:44:55.943510,HIGH,0
TX09554,ACC319,ACC623,9342,2026-08-29 07:43:55.943510,MEDIUM,0
TX09555,ACC585,ACC819,11202,2026-08-29 07:42:55.943510,MEDIUM,0
TX09556,ACC318,ACC465,15570,2026-08-29 07:41:55.943510,HIGH,1
TX09557,ACC729,ACC206,5525,2026-08-29 07:40:55.943510,LOW,0
TX09558,ACC621,ACC424,3755,2026-08-29 07:39:55.943510,LOW,0
TX09559,ACC738,ACC680,14077,2026-08-29 07:38:55.943510,MEDIUM,0
TX09560,ACC712,ACC955,4116,2026-08-29 07:37:55.943510,LOW,0
TX09561,ACC661,ACC938,4434,2026-08-29 07:36:55.943510,LOW,0
TX09562,ACC448,ACC207,16506,2026-08-29 07:35:55.943510,HIGH,0
TX09563,ACC254,ACC763,6984,2026-08-29 07:34:55.943510,LOW,0
TX09564,ACC489,ACC909,4174,2026-08-29 07:33:55.943510,LOW,0
TX09565,ACC502,ACC202,9356,2026-08-29 07:32:55.943510,MEDIUM,0
TX09566,ACC951,ACC600,4909,2026-08-29 07:31:55.943510,LOW,0
TX09567,ACC131,ACC733,8111,2026-08-29 07:30:55.943510,MEDIUM,0
TX09568,ACC501,ACC345,6796,2026-08-29 07:29:55.943510,LOW,0
TX09569,ACC489,ACC871,13587,2026-08-29 07:28:55.943510,MEDIUM,0
TX09570,ACC158,ACC907,4692,2026-08-29 07:27:55.943510,LOW,0
TX09571,ACC211,ACC210,18674,2026-08-29 07:26:55.943510,HIGH,0
TX09572,ACC163,ACC725,9593,2026-08-29 07:25:55.943510,MEDIUM,0
TX09573,ACC948,ACC207,17020,2026-08-29 07:24:55.943510,HIGH,0
TX09574,ACC968,ACC106,16643,2026-08-29 07:23:55.943510,HIGH,0
TX09575,ACC698,ACC803,2917,2026-08-29 07:22:55.943510,LOW,0
TX09576,ACC270,ACC163,17363,2026-08-29 07:21:55.943510,HIGH,0
TX09577,ACC376,ACC284,8054,2026-08-29 07:20:55.943510,MEDIUM,0
TX09578,ACC609,ACC317,8264,2026-08-29 07:19:55.943510,MEDIUM,0
TX09579,ACC883,ACC320,5366,2026-08-29 07:18:55.943510,LOW,0
TX09580,ACC164,ACC719,6518,2026-08-29 07:17:55.943510,LOW,0
TX09581,ACC736,ACC750,12669,2026-08-29 07:16:55.943510,MEDIUM,0
TX09582,ACC708,ACC715,2130,2026-08-29 07:15:55.943510,LOW,0
TX09583,ACC627,ACC814,5052,2026-08-29 07:14:55.943510,LOW,0
TX09584,ACC344,ACC998,886,2026-08-29 07:13:55.943510,LOW,0
TX09585,ACC466,ACC843,1689,2026-08-29 07:12:55.943510,LOW,0
TX09586,ACC731,ACC374,842,2026-08-29 07:11:55.943510,LOW,0
TX09587,ACC376,ACC922,15473,2026-08-29 07:10:55.943510,HIGH,0
TX09588,ACC899,ACC415,19398,2026-08-29 07:09:55.943510,HIGH,0
TX09589,ACC769,ACC967,7606,2026-08-29 07:08:55.943510,LOW,0
TX09590,ACC779,ACC551,7345,2026-08-29 07:07:55.943510,LOW,0
TX09591,ACC378,ACC827,19272,2026-08-29 07:06:55.943510,HIGH,0
TX09592,ACC494,ACC956,12066,2026-08-29 07:05:55.943510,MEDIUM,0
TX09593,ACC922,ACC546,13014,2026-08-29 07:04:55.943510,MEDIUM,0
TX09594,ACC571,ACC665,12891,2026-08-29 07:03:55.943510,MEDIUM,0
TX09595,ACC161,ACC494,7337,2026-08-29 07:02:55.943510,LOW,0
TX09596,ACC872,ACC249,12048,2026-08-29 07:01:55.943510,MEDIUM,0
TX09597,ACC936,ACC476,13238,2026-08-29 07:00:55.943510,MEDIUM,0
TX09598,ACC265,ACC877,11526,2026-08-29 06:59:55.943510,MEDIUM,0
TX09599,ACC818,ACC123,6833,2026-08-29 06:58:55.943510,LOW,0
TX09600,ACC381,ACC494,1657,2026-08-29 06:57:55.943510,LOW,0
TX09601,ACC439,ACC635,8055,2026-08-29 06:56:55.943510,MEDIUM,0
TX09602,ACC708,ACC874,15215,2026-08-29 06:55:55.943510,HIGH,0
TX09603,ACC976,ACC953,13852,2026-08-29 06:54:55.943510,MEDIUM,0
TX09604,ACC270,ACC445,1770,2026-08-29 06:53:55.943510,LOW,0
TX09605,ACC616,ACC566,13060,2026-08-29 06:52:55.943510,MEDIUM,0
TX09606,ACC122,ACC719,12468,2026-08-29 06:51:55.943510,MEDIUM,0
TX09607,ACC927,ACC810,12018,2026-08-29 06:50:55.943510,MEDIUM,0
TX09608,ACC319,ACC222,3850,2026-08-29 06:49:55.943510,LOW,0
TX09609,ACC990,ACC901,17458,2026-08-29 06:48:55.943510,HIGH,1
TX09610,ACC218,ACC961,1521,2026-08-29 06:47:55.943510,LOW,0
TX09611,ACC804,ACC621,14033,2026-08-29 06:46:55.943510,MEDIUM,0
TX09612,ACC692,ACC834,5119,2026-08-29 06:45:55.943510,LOW,0
TX09613,ACC434,ACC595,17952,2026-08-29 06:44:55.943510,HIGH,0
TX09614,ACC376,ACC694,7732,2026-08-29 06:43:55.943510,LOW,0
TX09615,ACC282,ACC624,886,2026-08-29 06:42:55.943510,LOW,0
TX09616,ACC504,ACC159,10592,2026-08-29 06:41:55.943510,MEDIUM,0
TX09617,ACC988,ACC392,16884,2026-08-29 06:40:55.943510,HIGH,1
TX09618,ACC442,ACC836,615,2026-08-29 06:39:55.943510,LOW,0
TX09619,ACC745,ACC426,12478,2026-08-29 06:38:55.943510,MEDIUM,0
TX09620,ACC530,ACC932,10609,2026-08-29 06:37:55.943510,MEDIUM,0
TX09621,ACC406,ACC683,15545,2026-08-29 06:36:55.943510,HIGH,0
TX09622,ACC345,ACC353,13617,2026-08-29 06:35:55.943510,MEDIUM,0
TX09623,ACC953,ACC147,228,2026-08-29 06:34:55.943510,LOW,0
TX09624,ACC471,ACC248,886,2026-08-29 06:33:55.943510,LOW,0
TX09625,ACC774,ACC379,18704,2026-08-29 06:32:55.943510,HIGH,1
TX09626,ACC673,ACC182,12174,2026-08-29 06:31:55.943510,MEDIUM,0
TX09627,ACC270,ACC104,19962,2026-08-29 06:30:55.943510,HIGH,1
TX09628,ACC196,ACC342,11624,2026-08-29 06:29:55.943510,MEDIUM,0
TX09629,ACC619,ACC785,13165,2026-08-29 06:28:55.943510,MEDIUM,0
TX09630,ACC426,ACC958,9839,2026-08-29 06:27:55.943510,MEDIUM,0
TX09631,ACC785,ACC598,1769,2026-08-29 06:26:55.943510,LOW,0
TX09632,ACC581,ACC309,101,2026-08-29 06:25:55.943510,LOW,0
TX09633,ACC178,ACC783,2593,2026-08-29 06:24:55.943510,LOW,0
TX09634,ACC560,ACC462,2447,2026-08-29 06:23:55.943510,LOW,0
TX09635,ACC987,ACC391,19490,2026-08-29 06:22:55.943510,HIGH,1
TX09636,ACC739,ACC289,9309,2026-08-29 06:21:55.945526,MEDIUM,0
TX09637,ACC358,ACC661,15147,2026-08-29 06:20:55.945526,HIGH,1
TX09638,ACC716,ACC270,12446,2026-08-29 06:19:55.945526,MEDIUM,0
TX09639,ACC845,ACC290,5005,2026-08-29 06:18:55.945526,LOW,0
TX09640,ACC397,ACC166,10632,2026-08-29 06:17:55.945526,MEDIUM,0
TX09641,ACC500,ACC753,15448,2026-08-29 06:16:55.945526,HIGH,0
TX09642,ACC393,ACC138,9784,2026-08-29 06:15:55.945526,MEDIUM,0
TX09643,ACC948,ACC623,19859,2026-08-29 06:14:55.945526,HIGH,1
TX09644,ACC642,ACC557,5341,2026-08-29 06:13:55.945526,LOW,0
TX09645,ACC139,ACC240,5291,2026-08-29 06:12:55.945526,LOW,0
TX09646,ACC667,ACC330,5153,2026-08-29 06:11:55.945526,LOW,0
TX09647,ACC511,ACC598,2137,2026-08-29 06:10:55.945526,LOW,0
TX09648,ACC162,ACC271,3480,2026-08-29 06:09:55.945526,LOW,0
TX09649,ACC693,ACC536,2595,2026-08-29 06:08:55.945526,LOW,0
TX09650,ACC513,ACC883,19226,2026-08-29 06:07:55.945526,HIGH,1
TX09651,ACC462,ACC104,19662,2026-08-29 06:06:55.945526,HIGH,1
TX09652,ACC798,ACC491,6069,2026-08-29 06:05:55.945526,LOW,0
TX09653,ACC310,ACC418,18054,2026-08-29 06:04:55.945526,HIGH,0
TX09654,ACC827,ACC378,16767,2026-08-29 06:03:55.945526,HIGH,0
TX09655,ACC789,ACC335,4706,2026-08-29 06:02:55.945526,LOW,0
TX09656,ACC749,ACC309,7542,2026-08-29 06:01:55.945526,LOW,0
TX09657,ACC581,ACC166,13820,2026-08-29 06:00:55.945526,MEDIUM,0
TX09658,ACC654,ACC925,14097,2026-08-29 05:59:55.945526,MEDIUM,0
TX09659,ACC435,ACC407,283,2026-08-29 05:58:55.945526,LOW,0
TX09660,ACC857,ACC534,2461,2026-08-29 05:57:55.945526,LOW,0
TX09661,ACC261,ACC207,5814,2026-08-29 05:56:55.945526,LOW,0
TX09662,ACC530,ACC648,9214,2026-08-29 05:55:55.945526,MEDIUM,0
TX09663,ACC391,ACC301,15553,2026-08-29 05:54:55.945526,HIGH,0
TX09664,ACC413,ACC276,10653,2026-08-29 05:53:55.945526,MEDIUM,0
TX09665,ACC186,ACC850,3488,2026-08-29 05:52:55.945526,LOW,0
TX09666,ACC429,ACC555,9345,2026-08-29 05:51:55.945526,MEDIUM,0
TX09667,ACC462,ACC749,1571,2026-08-29 05:50:55.945526,LOW,0
TX09668,ACC219,ACC450,2825,2026-08-29 05:49:55.945526,LOW,0
TX09669,ACC705,ACC575,14459,2026-08-29 05:48:55.945526,MEDIUM,0
TX09670,ACC839,ACC209,8792,2026-08-29 05:47:55.945526,MEDIUM,0
TX09671,ACC423,ACC209,9835,2026-08-29 05:46:55.945526,MEDIUM,0
TX09672,ACC888,ACC380,16334,2026-08-29 05:45:55.945526,HIGH,0
TX09673,ACC721,ACC381,18786,2026-08-29 05:44:55.945526,HIGH,1
TX09674,ACC245,ACC655,18818,2026-08-29 05:43:55.945526,HIGH,1
TX09675,ACC656,ACC871,8373,2026-08-29 05:42:55.945526,MEDIUM,0
TX09676,ACC184,ACC335,13952,2026-08-29 05:41:55.945526,MEDIUM,0
TX09677,ACC267,ACC655,16569,2026-08-29 05:40:55.945526,HIGH,1
TX09678,ACC754,ACC768,13769,2026-08-29 05:39:55.945526,MEDIUM,0
TX09679,ACC155,ACC838,1910,2026-08-29 05:38:55.945526,LOW,0
TX09680,ACC430,ACC168,18256,2026-08-29 05:37:55.945526,HIGH,0
TX09681,ACC347,ACC921,14625,2026-08-29 05:36:55.945526,MEDIUM,0
TX09682,ACC101,ACC585,4634,2026-08-29 05:35:55.945526,LOW,0
TX09683,ACC963,ACC125,10745,2026-08-29 05:34:55.945526,MEDIUM,0
TX09684,ACC973,ACC980,11273,2026-08-29 05:33:55.945526,MEDIUM,0
TX09685,ACC599,ACC733,19046,2026-08-29 05:32:55.945526,HIGH,1
TX09686,ACC142,ACC950,14410,2026-08-29 05:31:55.945526,MEDIUM,0
TX09687,ACC319,ACC759,14528,2026-08-29 05:30:55.945526,MEDIUM,0
TX09688,ACC756,ACC976,463,2026-08-29 05:29:55.945526,LOW,0
TX09689,ACC323,ACC407,19159,2026-08-29 05:28:55.945526,HIGH,1
TX09690,ACC240,ACC311,9284,2026-08-29 05:27:55.945526,MEDIUM,0
TX09691,ACC516,ACC631,4623,2026-08-29 05:26:55.945526,LOW,0
TX09692,ACC249,ACC149,16949,2026-08-29 05:25:55.945526,HIGH,1
TX09693,ACC306,ACC726,5576,2026-08-29 05:24:55.945526,LOW,0
TX09694,ACC135,ACC919,6604,2026-08-29 05:23:55.945526,LOW,0
TX09695,ACC222,ACC581,8179,2026-08-29 05:22:55.945526,MEDIUM,0
TX09696,ACC625,ACC789,18113,2026-08-29 05:21:55.945526,HIGH,0
TX09697,ACC520,ACC521,4525,2026-08-29 05:20:55.945526,LOW,0
TX09698,ACC467,ACC181,12705,2026-08-29 05:19:55.945526,MEDIUM,0
TX09699,ACC372,ACC872,1671,2026-08-29 05:18:55.945526,LOW,0
TX09700,ACC992,ACC196,2801,2026-08-29 05:17:55.945526,LOW,0
TX09701,ACC465,ACC732,10653,2026-08-29 05:16:55.945526,MEDIUM,0
TX09702,ACC870,ACC754,221,2026-08-29 05:15:55.945526,LOW,0
TX09703,ACC872,ACC241,7502,2026-08-29 05:14:55.945526,LOW,0
TX09704,ACC378,ACC772,11948,2026-08-29 05:13:55.945526,MEDIUM,0
TX09705,ACC470,ACC292,2811,2026-08-29 05:12:55.945526,LOW,0
TX09706,ACC583,ACC490,10099,2026-08-29 05:11:55.945526,MEDIUM,0
TX09707,ACC147,ACC285,5685,2026-08-29 05:10:55.945526,LOW,0
TX09708,ACC512,ACC263,12529,2026-08-29 05:09:55.945526,MEDIUM,0
TX09709,ACC912,ACC483,3489,2026-08-29 05:08:55.945526,LOW,0
TX09710,ACC970,ACC161,12239,2026-08-29 05:07:55.945526,MEDIUM,0
TX09711,ACC976,ACC364,6441,2026-08-29 05:06:55.945526,LOW,0
TX09712,ACC942,ACC404,19129,2026-08-29 05:05:55.945526,HIGH,1
TX09713,ACC824,ACC890,3831,2026-08-29 05:04:55.945526,LOW,0
TX09714,ACC887,ACC936,3056,2026-08-29 05:03:55.945526,LOW,0
TX09715,ACC675,ACC200,2211,2026-08-29 05:02:55.945526,LOW,0
TX09716,ACC159,ACC562,18938,2026-08-29 05:01:55.945526,HIGH,0
TX09717,ACC176,ACC804,3313,2026-08-29 05:00:55.945526,LOW,0
TX09718,ACC689,ACC187,17840,2026-08-29 04:59:55.945526,HIGH,1
TX09719,ACC200,ACC824,13470,2026-08-29 04:58:55.945526,MEDIUM,0
TX09720,ACC291,ACC484,18681,2026-08-29 04:57:55.945526,HIGH,1
TX09721,ACC867,ACC440,16048,2026-08-29 04:56:55.945526,HIGH,1
TX09722,ACC669,ACC922,12322,2026-08-29 04:55:55.945526,MEDIUM,0
TX09723,ACC664,ACC178,10379,2026-08-29 04:54:55.945526,MEDIUM,0
TX09724,ACC885,ACC245,7905,2026-08-29 04:53:55.945526,LOW,0
TX09725,ACC526,ACC517,475,2026-08-29 04:52:55.945526,LOW,0
TX09726,ACC372,ACC181,6367,2026-08-29 04:51:55.945526,LOW,0
TX09727,ACC578,ACC594,1787,2026-08-29 04:50:55.945526,LOW,0
TX09728,ACC854,ACC664,10031,2026-08-29 04:49:55.945526,MEDIUM,0
TX09729,ACC936,ACC203,14292,2026-08-29 04:48:55.945526,MEDIUM,0
TX09730,ACC266,ACC935,17718,2026-08-29 04:47:55.945526,HIGH,0
TX09731,ACC878,ACC812,5174,2026-08-29 04:46:55.945526,LOW,0
TX09732,ACC959,ACC496,8031,2026-08-29 04:45:55.945526,MEDIUM,0
TX09733,ACC136,ACC279,875,2026-08-29 04:44:55.945526,LOW,0
TX09734,ACC349,ACC894,7271,2026-08-29 04:43:55.945526,LOW,0
TX09735,ACC466,ACC382,11741,2026-08-29 04:42:55.945526,MEDIUM,0
TX09736,ACC724,ACC663,19436,2026-08-29 04:41:55.945526,HIGH,1
TX09737,ACC223,ACC945,7846,2026-08-29 04:40:55.945526,LOW,0
TX09738,ACC142,ACC165,15647,2026-08-29 04:39:55.945526,HIGH,1
TX09739,ACC931,ACC531,9815,2026-08-29 04:38:55.945526,MEDIUM,0
TX09740,ACC234,ACC321,16610,2026-08-29 04:37:55.945526,HIGH,0
TX09741,ACC931,ACC169,19974,2026-08-29 04:36:55.945526,HIGH,1
TX09742,ACC138,ACC516,5638,2026-08-29 04:35:55.945526,LOW,0
TX09743,ACC642,ACC922,9742,2026-08-29 04:34:55.945526,MEDIUM,0
TX09744,ACC153,ACC466,18775,2026-08-29 04:33:55.945526,HIGH,1
TX09745,ACC755,ACC299,17023,2026-08-29 04:32:55.945526,HIGH,1
TX09746,ACC642,ACC964,14443,2026-08-29 04:31:55.945526,MEDIUM,0
TX09747,ACC831,ACC930,14788,2026-08-29 04:30:55.945526,MEDIUM,0
TX09748,ACC635,ACC136,7708,2026-08-29 04:29:55.945526,LOW,0
TX09749,ACC977,ACC733,18769,2026-08-29 04:28:55.945526,HIGH,0
TX09750,ACC148,ACC655,11733,2026-08-29 04:27:55.945526,MEDIUM,0
TX09751,ACC703,ACC736,3517,2026-08-29 04:26:55.945526,LOW,0
TX09752,ACC570,ACC161,1692,2026-08-29 04:25:55.945526,LOW,0
TX09753,ACC531,ACC763,19806,2026-08-29 04:24:55.945526,HIGH,0
TX09754,ACC474,ACC825,9974,2026-08-29 04:23:55.945526,MEDIUM,0
TX09755,ACC890,ACC457,9975,2026-08-29 04:22:55.945526,MEDIUM,0
TX09756,ACC446,ACC870,10592,2026-08-29 04:21:55.945526,MEDIUM,0
TX09757,ACC534,ACC159,1021,2026-08-29 04:20:55.945526,LOW,0
TX09758,ACC828,ACC466,11280,2026-08-29 04:19:55.945526,MEDIUM,0
TX09759,ACC585,ACC789,15056,2026-08-29 04:18:55.945526,HIGH,1
TX09760,ACC749,ACC934,6022,2026-08-29 04:17:55.945526,LOW,0
TX09761,ACC829,ACC267,15475,2026-08-29 04:16:55.945526,HIGH,0
TX09762,ACC930,ACC329,617,2026-08-29 04:15:55.945526,LOW,0
TX09763,ACC132,ACC763,12689,2026-08-29 04:14:55.945526,MEDIUM,0
TX09764,ACC377,ACC110,13662,2026-08-29 04:13:55.945526,MEDIUM,0
TX09765,ACC592,ACC480,3320,2026-08-29 04:12:55.945526,LOW,0
TX09766,ACC567,ACC308,7626,2026-08-29 04:11:55.945526,LOW,0
TX09767,ACC708,ACC335,15662,2026-08-29 04:10:55.945526,HIGH,0
TX09768,ACC290,ACC511,3519,2026-08-29 04:09:55.945526,LOW,0
TX09769,ACC822,ACC579,265,2026-08-29 04:08:55.945526,LOW,0
TX09770,ACC236,ACC411,12987,2026-08-29 04:07:55.945526,MEDIUM,0
TX09771,ACC679,ACC706,2627,2026-08-29 04:06:55.945526,LOW,0
TX09772,ACC778,ACC460,1721,2026-08-29 04:05:55.945526,LOW,0
TX09773,ACC589,ACC392,9862,2026-08-29 04:04:55.945526,MEDIUM,0
TX09774,ACC616,ACC655,13263,2026-08-29 04:03:55.945526,MEDIUM,0
TX09775,ACC916,ACC692,10899,2026-08-29 04:02:55.945526,MEDIUM,0
TX09776,ACC992,ACC365,17893,2026-08-29 04:01:55.945526,HIGH,1
TX09777,ACC457,ACC426,3354,2026-08-29 04:00:55.945526,LOW,0
TX09778,ACC538,ACC580,3722,2026-08-29 03:59:55.945526,LOW,0
TX09779,ACC757,ACC891,1239,2026-08-29 03:58:55.945526,LOW,0
TX09780,ACC884,ACC882,15959,2026-08-29 03:57:55.945526,HIGH,1
TX09781,ACC619,ACC370,11599,2026-08-29 03:56:55.945526,MEDIUM,0
TX09782,ACC128,ACC598,5144,2026-08-29 03:55:55.945526,LOW,0
TX09783,ACC945,ACC910,477,2026-08-29 03:54:55.945526,LOW,0
TX09784,ACC775,ACC146,1766,2026-08-29 03:53:55.945526,LOW,0
TX09785,ACC879,ACC698,15076,2026-08-29 03:52:55.945526,HIGH,0
TX09786,ACC267,ACC547,7818,2026-08-29 03:51:55.945526,LOW,0
TX09787,ACC538,ACC371,13326,2026-08-29 03:50:55.945526,MEDIUM,0
TX09788,ACC605,ACC288,1494,2026-08-29 03:49:55.945526,LOW,0
TX09789,ACC459,ACC299,19662,2026-08-29 03:48:55.945526,HIGH,1
TX09790,ACC779,ACC402,16989,2026-08-29 03:47:55.945526,HIGH,1
TX09791,ACC198,ACC782,7155,2026-08-29 03:46:55.945526,LOW,0
TX09792,ACC873,ACC173,7805,2026-08-29 03:45:55.945526,LOW,0
TX09793,ACC607,ACC261,6164,2026-08-29 03:44:55.945526,LOW,0
TX09794,ACC655,ACC518,19326,2026-08-29 03:43:55.945526,HIGH,0
TX09795,ACC731,ACC918,8046,2026-08-29 03:42:55.945526,MEDIUM,0
TX09796,ACC722,ACC533,1383,2026-08-29 03:41:55.945526,LOW,0
TX09797,ACC979,ACC334,11005,2026-08-29 03:40:55.945526,MEDIUM,0
TX09798,ACC905,ACC536,9563,2026-08-29 03:39:55.945526,MEDIUM,0
TX09799,ACC701,ACC607,17941,2026-08-29 03:38:55.945526,HIGH,0
TX09800,ACC157,ACC191,16024,2026-08-29 03:37:55.945526,HIGH,1
TX09801,ACC810,ACC685,1494,2026-08-29 03:36:55.945526,LOW,0
TX09802,ACC493,ACC862,11333,2026-08-29 03:35:55.945526,MEDIUM,0
TX09803,ACC622,ACC369,10906,2026-08-29 03:34:55.945526,MEDIUM,0
TX09804,ACC514,ACC228,18044,2026-08-29 03:33:55.945526,HIGH,0
TX09805,ACC924,ACC285,10708,2026-08-29 03:32:55.945526,MEDIUM,0
TX09806,ACC202,ACC379,17179,2026-08-29 03:31:55.945526,HIGH,0
TX09807,ACC584,ACC278,1137,2026-08-29 03:30:55.945526,LOW,0
TX09808,ACC769,ACC941,16467,2026-08-29 03:29:55.945526,HIGH,0
TX09809,ACC687,ACC776,9787,2026-08-29 03:28:55.945526,MEDIUM,0
TX09810,ACC828,ACC219,10298,2026-08-29 03:27:55.945526,MEDIUM,0
TX09811,ACC970,ACC725,13243,2026-08-29 03:26:55.945526,MEDIUM,0
TX09812,ACC810,ACC426,17059,2026-08-29 03:25:55.945526,HIGH,0
TX09813,ACC323,ACC386,12768,2026-08-29 03:24:55.945526,MEDIUM,0
TX09814,ACC170,ACC977,15134,2026-08-29 03:23:55.945526,HIGH,0
TX09815,ACC743,ACC472,17865,2026-08-29 03:22:55.945526,HIGH,1
TX09816,ACC895,ACC226,3338,2026-08-29 03:21:55.945526,LOW,0
TX09817,ACC491,ACC995,12182,2026-08-29 03:20:55.945526,MEDIUM,0
TX09818,ACC268,ACC170,9885,2026-08-29 03:19:55.945526,MEDIUM,0
TX09819,ACC730,ACC487,13582,2026-08-29 03:18:55.945526,MEDIUM,0
TX09820,ACC367,ACC604,3424,2026-08-29 03:17:55.945526,LOW,0
TX09821,ACC521,ACC539,4436,2026-08-29 03:16:55.945526,LOW,0
TX09822,ACC223,ACC760,1888,2026-08-29 03:15:55.945526,LOW,0
TX09823,ACC450,ACC723,1388,2026-08-29 03:14:55.945526,LOW,0
TX09824,ACC685,ACC692,5363,2026-08-29 03:13:55.945526,LOW,0
TX09825,ACC232,ACC618,10934,2026-08-29 03:12:55.945526,MEDIUM,0
TX09826,ACC517,ACC108,17516,2026-08-29 03:11:55.945526,HIGH,0
TX09827,ACC937,ACC520,2742,2026-08-29 03:10:55.945526,LOW,0
TX09828,ACC707,ACC600,5184,2026-08-29 03:09:55.945526,LOW,0
TX09829,ACC470,ACC857,4655,2026-08-29 03:08:55.945526,LOW,0
TX09830,ACC286,ACC447,8152,2026-08-29 03:07:55.945526,MEDIUM,0
TX09831,ACC872,ACC637,10918,2026-08-29 03:06:55.945526,MEDIUM,0
TX09832,ACC232,ACC656,8666,2026-08-29 03:05:55.945526,MEDIUM,0
TX09833,ACC604,ACC535,889,2026-08-29 03:04:55.945526,LOW,0
TX09834,ACC999,ACC694,17475,2026-08-29 03:03:55.945526,HIGH,0
TX09835,ACC301,ACC192,19926,2026-08-29 03:02:55.945526,HIGH,0
TX09836,ACC889,ACC897,10638,2026-08-29 03:01:55.945526,MEDIUM,0
TX09837,ACC489,ACC363,15526,2026-08-29 03:00:55.945526,HIGH,0
TX09838,ACC504,ACC311,7669,2026-08-29 02:59:55.945526,LOW,0
TX09839,ACC390,ACC159,1371,2026-08-29 02:58:55.945526,LOW,0
TX09840,ACC197,ACC842,6009,2026-08-29 02:57:55.945526,LOW,0
TX09841,ACC722,ACC455,8056,2026-08-29 02:56:55.945526,MEDIUM,0
TX09842,ACC655,ACC353,7508,2026-08-29 02:55:55.945526,LOW,0
TX09843,ACC881,ACC351,5402,2026-08-29 02:54:55.945526,LOW,0
TX09844,ACC841,ACC220,2566,2026-08-29 02:53:55.945526,LOW,0
TX09845,ACC898,ACC630,5229,2026-08-29 02:52:55.945526,LOW,0
TX09846,ACC894,ACC416,12793,2026-08-29 02:51:55.945526,MEDIUM,0
TX09847,ACC791,ACC151,9646,2026-08-29 02:50:55.945526,MEDIUM,0
TX09848,ACC966,ACC127,13099,2026-08-29 02:49:55.945526,MEDIUM,0
TX09849,ACC480,ACC728,19659,2026-08-29 02:48:55.945526,HIGH,0
TX09850,ACC466,ACC995,2949,2026-08-29 02:47:55.945526,LOW,0
TX09851,ACC818,ACC912,1226,2026-08-29 02:46:55.945526,LOW,0
TX09852,ACC615,ACC523,17696,2026-08-29 02:45:55.945526,HIGH,1
TX09853,ACC428,ACC731,374,2026-08-29 02:44:55.945526,LOW,0
TX09854,ACC576,ACC789,18649,2026-08-29 02:43:55.945526,HIGH,1
TX09855,ACC224,ACC625,13149,2026-08-29 02:42:55.945526,MEDIUM,0
TX09856,ACC869,ACC910,10675,2026-08-29 02:41:55.945526,MEDIUM,0
TX09857,ACC389,ACC320,7992,2026-08-29 02:40:55.945526,LOW,0
TX09858,ACC134,ACC105,12760,2026-08-29 02:39:55.945526,MEDIUM,0
TX09859,ACC865,ACC286,8771,2026-08-29 02:38:55.945526,MEDIUM,0
TX09860,ACC766,ACC174,18440,2026-08-29 02:37:55.945526,HIGH,1
TX09861,ACC509,ACC974,16208,2026-08-29 02:36:55.945526,HIGH,1
TX09862,ACC336,ACC564,6354,2026-08-29 02:35:55.945526,LOW,0
TX09863,ACC225,ACC533,14674,2026-08-29 02:34:55.945526,MEDIUM,0
TX09864,ACC634,ACC402,11070,2026-08-29 02:33:55.945526,MEDIUM,0
TX09865,ACC173,ACC447,9955,2026-08-29 02:32:55.945526,MEDIUM,0
TX09866,ACC876,ACC266,15109,2026-08-29 02:31:55.945526,HIGH,0
TX09867,ACC627,ACC428,9027,2026-08-29 02:30:55.945526,MEDIUM,0
TX09868,ACC863,ACC292,3512,2026-08-29 02:29:55.945526,LOW,0
TX09869,ACC509,ACC589,17283,2026-08-29 02:28:55.947535,HIGH,0
TX09870,ACC973,ACC303,8886,2026-08-29 02:27:55.947535,MEDIUM,0
TX09871,ACC233,ACC750,2014,2026-08-29 02:26:55.947535,LOW,0
TX09872,ACC785,ACC350,6508,2026-08-29 02:25:55.947535,LOW,0
TX09873,ACC769,ACC348,1077,2026-08-29 02:24:55.947535,LOW,0
TX09874,ACC917,ACC190,469,2026-08-29 02:23:55.947535,LOW,0
TX09875,ACC927,ACC305,1674,2026-08-29 02:22:55.947535,LOW,0
TX09876,ACC594,ACC246,10508,2026-08-29 02:21:55.947535,MEDIUM,0
TX09877,ACC198,ACC221,325,2026-08-29 02:20:55.947535,LOW,0
TX09878,ACC669,ACC339,958,2026-08-29 02:19:55.947535,LOW,0
TX09879,ACC402,ACC104,11677,2026-08-29 02:18:55.947535,MEDIUM,0
TX09880,ACC173,ACC989,387,2026-08-29 02:17:55.947535,LOW,0
TX09881,ACC433,ACC238,9014,2026-08-29 02:16:55.947535,MEDIUM,0
TX09882,ACC817,ACC521,8046,2026-08-29 02:15:55.947535,MEDIUM,0
TX09883,ACC996,ACC394,12927,2026-08-29 02:14:55.947535,MEDIUM,0
TX09884,ACC887,ACC175,13507,2026-08-29 02:13:55.947535,MEDIUM,0
TX09885,ACC485,ACC306,16060,2026-08-29 02:12:55.947535,HIGH,0
TX09886,ACC439,ACC990,19698,2026-08-29 02:11:55.947535,HIGH,0
TX09887,ACC914,ACC676,9066,2026-08-29 02:10:55.947535,MEDIUM,0
TX09888,ACC228,ACC627,15301,2026-08-29 02:09:55.947535,HIGH,0
TX09889,ACC343,ACC452,13251,2026-08-29 02:08:55.947535,MEDIUM,0
TX09890,ACC837,ACC842,13528,2026-08-29 02:07:55.947535,MEDIUM,0
TX09891,ACC434,ACC166,2621,2026-08-29 02:06:55.947535,LOW,0
TX09892,ACC378,ACC386,16396,2026-08-29 02:05:55.947535,HIGH,1
TX09893,ACC460,ACC527,1097,2026-08-29 02:04:55.947535,LOW,0
TX09894,ACC441,ACC951,10899,2026-08-29 02:03:55.947535,MEDIUM,0
TX09895,ACC788,ACC283,2798,2026-08-29 02:02:55.947535,LOW,0
TX09896,ACC496,ACC263,3679,2026-08-29 02:01:55.947535,LOW,0
TX09897,ACC209,ACC769,15461,2026-08-29 02:00:55.947535,HIGH,0
TX09898,ACC300,ACC456,16152,2026-08-29 01:59:55.947535,HIGH,1
TX09899,ACC550,ACC360,13159,2026-08-29 01:58:55.947535,MEDIUM,0
TX09900,ACC844,ACC692,7969,2026-08-29 01:57:55.947535,LOW,0
TX09901,ACC102,ACC604,16484,2026-08-29 01:56:55.947535,HIGH,1
TX09902,ACC980,ACC407,17799,2026-08-29 01:55:55.947535,HIGH,0
TX09903,ACC918,ACC357,14045,2026-08-29 01:54:55.947535,MEDIUM,0
TX09904,ACC251,ACC521,11847,2026-08-29 01:53:55.947535,MEDIUM,0
TX09905,ACC978,ACC899,19344,2026-08-29 01:52:55.947535,HIGH,0
TX09906,ACC538,ACC597,8081,2026-08-29 01:51:55.947535,MEDIUM,0
TX09907,ACC659,ACC367,18218,2026-08-29 01:50:55.947535,HIGH,1
TX09908,ACC979,ACC415,3896,2026-08-29 01:49:55.947535,LOW,0
TX09909,ACC835,ACC522,12169,2026-08-29 01:48:55.947535,MEDIUM,0
TX09910,ACC303,ACC752,15515,2026-08-29 01:47:55.947535,HIGH,0
TX09911,ACC492,ACC414,8012,2026-08-29 01:46:55.947535,MEDIUM,0
TX09912,ACC566,ACC378,365,2026-08-29 01:45:55.947535,LOW,0
TX09913,ACC319,ACC992,2362,2026-08-29 01:44:55.947535,LOW,0
TX09914,ACC140,ACC812,3792,2026-08-29 01:43:55.947535,LOW,0
TX09915,ACC709,ACC844,19967,2026-08-29 01:42:55.947535,HIGH,1
TX09916,ACC757,ACC950,5333,2026-08-29 01:41:55.947535,LOW,0
TX09917,ACC267,ACC767,6808,2026-08-29 01:40:55.947535,LOW,0
TX09918,ACC726,ACC131,19066,2026-08-29 01:39:55.947535,HIGH,0
TX09919,ACC574,ACC743,5464,2026-08-29 01:38:55.947535,LOW,0
TX09920,ACC973,ACC547,5107,2026-08-29 01:37:55.947535,LOW,0
TX09921,ACC285,ACC643,8086,2026-08-29 01:36:55.947535,MEDIUM,0
TX09922,ACC587,ACC563,1113,2026-08-29 01:35:55.947535,LOW,0
TX09923,ACC968,ACC939,4249,2026-08-29 01:34:55.947535,LOW,0
TX09924,ACC574,ACC392,15182,2026-08-29 01:33:55.947535,HIGH,1
TX09925,ACC861,ACC607,10178,2026-08-29 01:32:55.947535,MEDIUM,0
TX09926,ACC623,ACC227,3505,2026-08-29 01:31:55.947535,LOW,0
TX09927,ACC689,ACC982,11070,2026-08-29 01:30:55.947535,MEDIUM,0
TX09928,ACC294,ACC642,3533,2026-08-29 01:29:55.947535,LOW,0
TX09929,ACC240,ACC115,2457,2026-08-29 01:28:55.947535,LOW,0
TX09930,ACC102,ACC785,7392,2026-08-29 01:27:55.947535,LOW,0
TX09931,ACC291,ACC636,18280,2026-08-29 01:26:55.947535,HIGH,0
TX09932,ACC977,ACC914,17913,2026-08-29 01:25:55.947535,HIGH,1
TX09933,ACC767,ACC434,17039,2026-08-29 01:24:55.947535,HIGH,1
TX09934,ACC110,ACC420,1492,2026-08-29 01:23:55.947535,LOW,0
TX09935,ACC518,ACC131,16024,2026-08-29 01:22:55.947535,HIGH,0
TX09936,ACC982,ACC926,4130,2026-08-29 01:21:55.947535,LOW,0
TX09937,ACC343,ACC857,6122,2026-08-29 01:20:55.947535,LOW,0
TX09938,ACC917,ACC502,15884,2026-08-29 01:19:55.947535,HIGH,0
TX09939,ACC871,ACC875,11318,2026-08-29 01:18:55.947535,MEDIUM,0
TX09940,ACC210,ACC106,4960,2026-08-29 01:17:55.947535,LOW,0
TX09941,ACC649,ACC790,3696,2026-08-29 01:16:55.947535,LOW,0
TX09942,ACC521,ACC398,14498,2026-08-29 01:15:55.947535,MEDIUM,0
TX09943,ACC943,ACC132,19004,2026-08-29 01:14:55.947535,HIGH,0
TX09944,ACC979,ACC385,19533,2026-08-29 01:13:55.947535,HIGH,1
TX09945,ACC127,ACC737,16322,2026-08-29 01:12:55.947535,HIGH,1
TX09946,ACC702,ACC783,9008,2026-08-29 01:11:55.947535,MEDIUM,0
TX09947,ACC203,ACC389,19799,2026-08-29 01:10:55.947535,HIGH,1
TX09948,ACC687,ACC642,10653,2026-08-29 01:09:55.947535,MEDIUM,0
TX09949,ACC615,ACC934,6531,2026-08-29 01:08:55.947535,LOW,0
TX09950,ACC921,ACC960,3769,2026-08-29 01:07:55.947535,LOW,0
TX09951,ACC811,ACC898,18447,2026-08-29 01:06:55.947535,HIGH,1
TX09952,ACC558,ACC685,16362,2026-08-29 01:05:55.947535,HIGH,0
TX09953,ACC392,ACC461,17986,2026-08-29 01:04:55.947535,HIGH,0
TX09954,ACC171,ACC366,13120,2026-08-29 01:03:55.947535,MEDIUM,0
TX09955,ACC154,ACC414,17725,2026-08-29 01:02:55.947535,HIGH,1
TX09956,ACC288,ACC744,16374,2026-08-29 01:01:55.947535,HIGH,0
TX09957,ACC240,ACC566,15867,2026-08-29 01:00:55.947535,HIGH,0
TX09958,ACC608,ACC403,912,2026-08-29 00:59:55.947535,LOW,0
TX09959,ACC866,ACC826,12583,2026-08-29 00:58:55.947535,MEDIUM,0
TX09960,ACC401,ACC624,7643,2026-08-29 00:57:55.947535,LOW,0
TX09961,ACC388,ACC329,2129,2026-08-29 00:56:55.947535,LOW,0
TX09962,ACC252,ACC899,8346,2026-08-29 00:55:55.947535,MEDIUM,0
TX09963,ACC846,ACC235,11349,2026-08-29 00:54:55.947535,MEDIUM,0
TX09964,ACC875,ACC417,4070,2026-08-29 00:53:55.947535,LOW,0
TX09965,ACC299,ACC180,6431,2026-08-29 00:52:55.947535,LOW,0
TX09966,ACC822,ACC627,15653,2026-08-29 00:51:55.947535,HIGH,0
TX09967,ACC524,ACC261,6524,2026-08-29 00:50:55.947535,LOW,0
TX09968,ACC601,ACC725,7256,2026-08-29 00:49:55.947535,LOW,0
TX09969,ACC786,ACC731,11360,2026-08-29 00:48:55.947535,MEDIUM,0
TX09970,ACC656,ACC773,7493,2026-08-29 00:47:55.947535,LOW,0
TX09971,ACC818,ACC371,16316,2026-08-29 00:46:55.947535,HIGH,1
TX09972,ACC212,ACC394,15881,2026-08-29 00:45:55.947535,HIGH,1
TX09973,ACC177,ACC251,19513,2026-08-29 00:44:55.947535,HIGH,1
TX09974,ACC171,ACC598,5671,2026-08-29 00:43:55.947535,LOW,0
TX09975,ACC947,ACC917,1532,2026-08-29 00:42:55.947535,LOW,0
TX09976,ACC719,ACC823,18778,2026-08-29 00:41:55.947535,HIGH,0
TX09977,ACC283,ACC640,9133,2026-08-29 00:40:55.947535,MEDIUM,0
TX09978,ACC855,ACC337,18079,2026-08-29 00:39:55.947535,HIGH,0
TX09979,ACC792,ACC865,13371,2026-08-29 00:38:55.947535,MEDIUM,0
TX09980,ACC215,ACC583,5361,2026-08-29 00:37:55.947535,LOW,0
TX09981,ACC748,ACC463,14266,2026-08-29 00:36:55.947535,MEDIUM,0
TX09982,ACC423,ACC256,11367,2026-08-29 00:35:55.947535,MEDIUM,0
TX09983,ACC178,ACC359,7186,2026-08-29 00:34:55.947535,LOW,0
TX09984,ACC933,ACC410,19259,2026-08-29 00:33:55.947535,HIGH,0
TX09985,ACC855,ACC137,19154,2026-08-29 00:32:55.947535,HIGH,0
TX09986,ACC160,ACC600,4764,2026-08-29 00:31:55.947535,LOW,0
TX09987,ACC163,ACC351,18244,2026-08-29 00:30:55.947535,HIGH,1
TX09988,ACC623,ACC488,8611,2026-08-29 00:29:55.947535,MEDIUM,0
TX09989,ACC371,ACC736,18382,2026-08-29 00:28:55.947535,HIGH,0
TX09990,ACC363,ACC768,12466,2026-08-29 00:27:55.947535,MEDIUM,0
TX09991,ACC816,ACC994,8688,2026-08-29 00:26:55.947535,MEDIUM,0
TX09992,ACC164,ACC397,5356,2026-08-29 00:25:55.947535,LOW,0
TX09993,ACC881,ACC651,14892,2026-08-29 00:24:55.947535,MEDIUM,0
TX09994,ACC610,ACC462,17031,2026-08-29 00:23:55.947535,HIGH,0
TX09995,ACC480,ACC391,18616,2026-08-29 00:22:55.947535,HIGH,1
TX09996,ACC721,ACC266,6041,2026-08-29 00:21:55.947535,LOW,0
TX09997,ACC344,ACC555,18310,2026-08-29 00:20:55.947535,HIGH,1
TX09998,ACC387,ACC330,9686,2026-08-29 00:19:55.947535,MEDIUM,0
TX09999,ACC499,ACC678,12334,2026-08-29 00:18:55.947535,MEDIUM,0
TX10000,ACC464,ACC327,6743,2026-08-29 00:17:55.947535,LOW,0
